[2026-04-29 06:28:11] laravel.EMERGENCY: Unable to create configured logger. Using emergency logger. {"exception":"[object] (Error(code: 0): Class \"Illuminate\\Support\\Collection\" not found at /Users/yapi/Adi/appdev/simonas-app/vendor/laravel/framework/src/Illuminate/Support/helpers.php:110)
[stacktrace]
#0 /Users/yapi/Adi/appdev/simonas-app/vendor/laravel/framework/src/Illuminate/Log/LogManager.php(240): collect(Array)
#1 /Users/yapi/Adi/appdev/simonas-app/vendor/laravel/framework/src/Illuminate/Log/LogManager.php(202): Illuminate\\Log\\LogManager->createStackDriver(Array)
#2 /Users/yapi/Adi/appdev/simonas-app/vendor/laravel/framework/src/Illuminate/Log/LogManager.php(118): Illuminate\\Log\\LogManager->resolve('stack')
#3 /Users/yapi/Adi/appdev/simonas-app/vendor/laravel/framework/src/Illuminate/Log/LogManager.php(98): Illuminate\\Log\\LogManager->get('stack')
#4 /Users/yapi/Adi/appdev/simonas-app/vendor/laravel/framework/src/Illuminate/Log/LogManager.php(543): Illuminate\\Log\\LogManager->driver()
#5 /Users/yapi/Adi/appdev/simonas-app/vendor/laravel/framework/src/Illuminate/Foundation/Exceptions/Handler.php(118): Illuminate\\Log\\LogManager->error('During inherita...', Array)
#6 /Users/yapi/Adi/appdev/simonas-app/app/Exceptions/Handler.php(39): Illuminate\\Foundation\\Exceptions\\Handler->report(Object(Symfony\\Component\\ErrorHandler\\Error\\FatalError))
#7 /Users/yapi/Adi/appdev/simonas-app/vendor/laravel/framework/src/Illuminate/Foundation/Bootstrap/HandleExceptions.php(88): App\\Exceptions\\Handler->report(Object(Symfony\\Component\\ErrorHandler\\Error\\FatalError))
#8 /Users/yapi/Adi/appdev/simonas-app/vendor/laravel/framework/src/Illuminate/Foundation/Bootstrap/HandleExceptions.php(130): Illuminate\\Foundation\\Bootstrap\\HandleExceptions->handleException(Object(Symfony\\Component\\ErrorHandler\\Error\\FatalError))
#9 [internal function]: Illuminate\\Foundation\\Bootstrap\\HandleExceptions->handleShutdown()
#10 {main}
"} 
[2026-04-29 06:28:11] laravel.ERROR: During inheritance of ArrayAccess: Uncaught ErrorException: Return type of Illuminate\Support\Collection::offsetExists($key) should either be compatible with ArrayAccess::offsetExists(mixed $offset): bool, or the #[\ReturnTypeWillChange] attribute should be used to temporarily suppress the notice in /Users/yapi/Adi/appdev/simonas-app/vendor/laravel/framework/src/Illuminate/Support/Collection.php:1349
Stack trace:
#0 /Users/yapi/Adi/appdev/simonas-app/vendor/laravel/framework/src/Illuminate/Support/Collection.php(11): Illuminate\Foundation\Bootstrap\HandleExceptions->handleError(8192, 'Return type of ...', '/Users/yapi/Adi...', 1349)
#1 /Users/yapi/Adi/appdev/simonas-app/vendor/composer/ClassLoader.php(576): include('/Users/yapi/Adi...')
#2 /Users/yapi/Adi/appdev/simonas-app/vendor/composer/ClassLoader.php(427): Composer\Autoload\{closure}('/Users/yapi/Adi...')
#3 /Users/yapi/Adi/appdev/simonas-app/vendor/laravel/framework/src/Illuminate/Support/helpers.php(110): Composer\Autoload\ClassLoader->loadClass('Illuminate\\Supp...')
#4 /Users/yapi/Adi/appdev/simonas-app/vendor/laravel/framework/src/Illuminate/Foundation/PackageManifest.php(130): collect(Array)
#5 /Users/yapi/Adi/appdev/simonas-app/vendor/laravel/framework/src/Illuminate/Foundation/PackageManifest.php(106): Illuminate\Foundation\PackageManifest->build()
#6 /Users/yapi/Adi/appdev/simonas-app/vendor/laravel/framework/src/Illuminate/Foundation/PackageManifest.php(89): Illuminate\Foundation\PackageManifest->getManifest()
#7 /Users/yapi/Adi/appdev/simonas-app/vendor/laravel/framework/src/Illuminate/Foundation/PackageManifest.php(78): Illuminate\Foundation\PackageManifest->config('aliases')
#8 /Users/yapi/Adi/appdev/simonas-app/vendor/laravel/framework/src/Illuminate/Foundation/Bootstrap/RegisterFacades.php(26): Illuminate\Foundation\PackageManifest->aliases()
#9 /Users/yapi/Adi/appdev/simonas-app/vendor/laravel/framework/src/Illuminate/Foundation/Application.php(230): Illuminate\Foundation\Bootstrap\RegisterFacades->bootstrap(Object(Illuminate\Foundation\Application))
#10 /Users/yapi/Adi/appdev/simonas-app/vendor/laravel/framework/src/Illuminate/Foundation/Console/Kernel.php(310): Illuminate\Foundation\Application->bootstrapWith(Array)
#11 /Users/yapi/Adi/appdev/simonas-app/vendor/laravel/framework/src/Illuminate/Foundation/Console/Kernel.php(127): Illuminate\Foundation\Console\Kernel->bootstrap()
#12 /Users/yapi/Adi/appdev/simonas-app/artisan(35): Illuminate\Foundation\Console\Kernel->handle(Object(Symfony\Component\Console\Input\ArgvInput), Object(Symfony\Component\Console\Output\ConsoleOutput))
#13 {main} {"exception":"[object] (Symfony\\Component\\ErrorHandler\\Error\\FatalError(code: 0): During inheritance of ArrayAccess: Uncaught ErrorException: Return type of Illuminate\\Support\\Collection::offsetExists($key) should either be compatible with ArrayAccess::offsetExists(mixed $offset): bool, or the #[\\ReturnTypeWillChange] attribute should be used to temporarily suppress the notice in /Users/yapi/Adi/appdev/simonas-app/vendor/laravel/framework/src/Illuminate/Support/Collection.php:1349
Stack trace:
#0 /Users/yapi/Adi/appdev/simonas-app/vendor/laravel/framework/src/Illuminate/Support/Collection.php(11): Illuminate\\Foundation\\Bootstrap\\HandleExceptions->handleError(8192, 'Return type of ...', '/Users/yapi/Adi...', 1349)
#1 /Users/yapi/Adi/appdev/simonas-app/vendor/composer/ClassLoader.php(576): include('/Users/yapi/Adi...')
#2 /Users/yapi/Adi/appdev/simonas-app/vendor/composer/ClassLoader.php(427): Composer\\Autoload\\{closure}('/Users/yapi/Adi...')
#3 /Users/yapi/Adi/appdev/simonas-app/vendor/laravel/framework/src/Illuminate/Support/helpers.php(110): Composer\\Autoload\\ClassLoader->loadClass('Illuminate\\\\Supp...')
#4 /Users/yapi/Adi/appdev/simonas-app/vendor/laravel/framework/src/Illuminate/Foundation/PackageManifest.php(130): collect(Array)
#5 /Users/yapi/Adi/appdev/simonas-app/vendor/laravel/framework/src/Illuminate/Foundation/PackageManifest.php(106): Illuminate\\Foundation\\PackageManifest->build()
#6 /Users/yapi/Adi/appdev/simonas-app/vendor/laravel/framework/src/Illuminate/Foundation/PackageManifest.php(89): Illuminate\\Foundation\\PackageManifest->getManifest()
#7 /Users/yapi/Adi/appdev/simonas-app/vendor/laravel/framework/src/Illuminate/Foundation/PackageManifest.php(78): Illuminate\\Foundation\\PackageManifest->config('aliases')
#8 /Users/yapi/Adi/appdev/simonas-app/vendor/laravel/framework/src/Illuminate/Foundation/Bootstrap/RegisterFacades.php(26): Illuminate\\Foundation\\PackageManifest->aliases()
#9 /Users/yapi/Adi/appdev/simonas-app/vendor/laravel/framework/src/Illuminate/Foundation/Application.php(230): Illuminate\\Foundation\\Bootstrap\\RegisterFacades->bootstrap(Object(Illuminate\\Foundation\\Application))
#10 /Users/yapi/Adi/appdev/simonas-app/vendor/laravel/framework/src/Illuminate/Foundation/Console/Kernel.php(310): Illuminate\\Foundation\\Application->bootstrapWith(Array)
#11 /Users/yapi/Adi/appdev/simonas-app/vendor/laravel/framework/src/Illuminate/Foundation/Console/Kernel.php(127): Illuminate\\Foundation\\Console\\Kernel->bootstrap()
#12 /Users/yapi/Adi/appdev/simonas-app/artisan(35): Illuminate\\Foundation\\Console\\Kernel->handle(Object(Symfony\\Component\\Console\\Input\\ArgvInput), Object(Symfony\\Component\\Console\\Output\\ConsoleOutput))
#13 {main} at /Users/yapi/Adi/appdev/simonas-app/vendor/laravel/framework/src/Illuminate/Support/Collection.php:11)
[stacktrace]
#0 {main}
"} 
[2026-04-29 06:28:31] laravel.EMERGENCY: Unable to create configured logger. Using emergency logger. {"exception":"[object] (Error(code: 0): Class \"Illuminate\\Support\\Collection\" not found at /Users/yapi/Adi/appdev/simonas-app/vendor/laravel/framework/src/Illuminate/Support/helpers.php:110)
[stacktrace]
#0 /Users/yapi/Adi/appdev/simonas-app/vendor/laravel/framework/src/Illuminate/Log/LogManager.php(240): collect(Array)
#1 /Users/yapi/Adi/appdev/simonas-app/vendor/laravel/framework/src/Illuminate/Log/LogManager.php(202): Illuminate\\Log\\LogManager->createStackDriver(Array)
#2 /Users/yapi/Adi/appdev/simonas-app/vendor/laravel/framework/src/Illuminate/Log/LogManager.php(118): Illuminate\\Log\\LogManager->resolve('stack')
#3 /Users/yapi/Adi/appdev/simonas-app/vendor/laravel/framework/src/Illuminate/Log/LogManager.php(98): Illuminate\\Log\\LogManager->get('stack')
#4 /Users/yapi/Adi/appdev/simonas-app/vendor/laravel/framework/src/Illuminate/Log/LogManager.php(543): Illuminate\\Log\\LogManager->driver()
#5 /Users/yapi/Adi/appdev/simonas-app/vendor/laravel/framework/src/Illuminate/Foundation/Exceptions/Handler.php(118): Illuminate\\Log\\LogManager->error('During inherita...', Array)
#6 /Users/yapi/Adi/appdev/simonas-app/app/Exceptions/Handler.php(39): Illuminate\\Foundation\\Exceptions\\Handler->report(Object(Symfony\\Component\\ErrorHandler\\Error\\FatalError))
#7 /Users/yapi/Adi/appdev/simonas-app/vendor/laravel/framework/src/Illuminate/Foundation/Bootstrap/HandleExceptions.php(88): App\\Exceptions\\Handler->report(Object(Symfony\\Component\\ErrorHandler\\Error\\FatalError))
#8 /Users/yapi/Adi/appdev/simonas-app/vendor/laravel/framework/src/Illuminate/Foundation/Bootstrap/HandleExceptions.php(130): Illuminate\\Foundation\\Bootstrap\\HandleExceptions->handleException(Object(Symfony\\Component\\ErrorHandler\\Error\\FatalError))
#9 [internal function]: Illuminate\\Foundation\\Bootstrap\\HandleExceptions->handleShutdown()
#10 {main}
"} 
[2026-04-29 06:28:31] laravel.ERROR: During inheritance of ArrayAccess: Uncaught ErrorException: Return type of Illuminate\Support\Collection::offsetExists($key) should either be compatible with ArrayAccess::offsetExists(mixed $offset): bool, or the #[\ReturnTypeWillChange] attribute should be used to temporarily suppress the notice in /Users/yapi/Adi/appdev/simonas-app/vendor/laravel/framework/src/Illuminate/Support/Collection.php:1349
Stack trace:
#0 /Users/yapi/Adi/appdev/simonas-app/vendor/laravel/framework/src/Illuminate/Support/Collection.php(11): Illuminate\Foundation\Bootstrap\HandleExceptions->handleError(8192, 'Return type of ...', '/Users/yapi/Adi...', 1349)
#1 /Users/yapi/Adi/appdev/simonas-app/vendor/composer/ClassLoader.php(576): include('/Users/yapi/Adi...')
#2 /Users/yapi/Adi/appdev/simonas-app/vendor/composer/ClassLoader.php(427): Composer\Autoload\{closure}('/Users/yapi/Adi...')
#3 /Users/yapi/Adi/appdev/simonas-app/vendor/laravel/framework/src/Illuminate/Support/helpers.php(110): Composer\Autoload\ClassLoader->loadClass('Illuminate\\Supp...')
#4 /Users/yapi/Adi/appdev/simonas-app/vendor/laravel/framework/src/Illuminate/Foundation/PackageManifest.php(130): collect(Array)
#5 /Users/yapi/Adi/appdev/simonas-app/vendor/laravel/framework/src/Illuminate/Foundation/PackageManifest.php(106): Illuminate\Foundation\PackageManifest->build()
#6 /Users/yapi/Adi/appdev/simonas-app/vendor/laravel/framework/src/Illuminate/Foundation/PackageManifest.php(89): Illuminate\Foundation\PackageManifest->getManifest()
#7 /Users/yapi/Adi/appdev/simonas-app/vendor/laravel/framework/src/Illuminate/Foundation/PackageManifest.php(78): Illuminate\Foundation\PackageManifest->config('aliases')
#8 /Users/yapi/Adi/appdev/simonas-app/vendor/laravel/framework/src/Illuminate/Foundation/Bootstrap/RegisterFacades.php(26): Illuminate\Foundation\PackageManifest->aliases()
#9 /Users/yapi/Adi/appdev/simonas-app/vendor/laravel/framework/src/Illuminate/Foundation/Application.php(230): Illuminate\Foundation\Bootstrap\RegisterFacades->bootstrap(Object(Illuminate\Foundation\Application))
#10 /Users/yapi/Adi/appdev/simonas-app/vendor/laravel/framework/src/Illuminate/Foundation/Console/Kernel.php(310): Illuminate\Foundation\Application->bootstrapWith(Array)
#11 /Users/yapi/Adi/appdev/simonas-app/vendor/laravel/framework/src/Illuminate/Foundation/Console/Kernel.php(127): Illuminate\Foundation\Console\Kernel->bootstrap()
#12 /Users/yapi/Adi/appdev/simonas-app/artisan(35): Illuminate\Foundation\Console\Kernel->handle(Object(Symfony\Component\Console\Input\ArgvInput), Object(Symfony\Component\Console\Output\ConsoleOutput))
#13 {main} {"exception":"[object] (Symfony\\Component\\ErrorHandler\\Error\\FatalError(code: 0): During inheritance of ArrayAccess: Uncaught ErrorException: Return type of Illuminate\\Support\\Collection::offsetExists($key) should either be compatible with ArrayAccess::offsetExists(mixed $offset): bool, or the #[\\ReturnTypeWillChange] attribute should be used to temporarily suppress the notice in /Users/yapi/Adi/appdev/simonas-app/vendor/laravel/framework/src/Illuminate/Support/Collection.php:1349
Stack trace:
#0 /Users/yapi/Adi/appdev/simonas-app/vendor/laravel/framework/src/Illuminate/Support/Collection.php(11): Illuminate\\Foundation\\Bootstrap\\HandleExceptions->handleError(8192, 'Return type of ...', '/Users/yapi/Adi...', 1349)
#1 /Users/yapi/Adi/appdev/simonas-app/vendor/composer/ClassLoader.php(576): include('/Users/yapi/Adi...')
#2 /Users/yapi/Adi/appdev/simonas-app/vendor/composer/ClassLoader.php(427): Composer\\Autoload\\{closure}('/Users/yapi/Adi...')
#3 /Users/yapi/Adi/appdev/simonas-app/vendor/laravel/framework/src/Illuminate/Support/helpers.php(110): Composer\\Autoload\\ClassLoader->loadClass('Illuminate\\\\Supp...')
#4 /Users/yapi/Adi/appdev/simonas-app/vendor/laravel/framework/src/Illuminate/Foundation/PackageManifest.php(130): collect(Array)
#5 /Users/yapi/Adi/appdev/simonas-app/vendor/laravel/framework/src/Illuminate/Foundation/PackageManifest.php(106): Illuminate\\Foundation\\PackageManifest->build()
#6 /Users/yapi/Adi/appdev/simonas-app/vendor/laravel/framework/src/Illuminate/Foundation/PackageManifest.php(89): Illuminate\\Foundation\\PackageManifest->getManifest()
#7 /Users/yapi/Adi/appdev/simonas-app/vendor/laravel/framework/src/Illuminate/Foundation/PackageManifest.php(78): Illuminate\\Foundation\\PackageManifest->config('aliases')
#8 /Users/yapi/Adi/appdev/simonas-app/vendor/laravel/framework/src/Illuminate/Foundation/Bootstrap/RegisterFacades.php(26): Illuminate\\Foundation\\PackageManifest->aliases()
#9 /Users/yapi/Adi/appdev/simonas-app/vendor/laravel/framework/src/Illuminate/Foundation/Application.php(230): Illuminate\\Foundation\\Bootstrap\\RegisterFacades->bootstrap(Object(Illuminate\\Foundation\\Application))
#10 /Users/yapi/Adi/appdev/simonas-app/vendor/laravel/framework/src/Illuminate/Foundation/Console/Kernel.php(310): Illuminate\\Foundation\\Application->bootstrapWith(Array)
#11 /Users/yapi/Adi/appdev/simonas-app/vendor/laravel/framework/src/Illuminate/Foundation/Console/Kernel.php(127): Illuminate\\Foundation\\Console\\Kernel->bootstrap()
#12 /Users/yapi/Adi/appdev/simonas-app/artisan(35): Illuminate\\Foundation\\Console\\Kernel->handle(Object(Symfony\\Component\\Console\\Input\\ArgvInput), Object(Symfony\\Component\\Console\\Output\\ConsoleOutput))
#13 {main} at /Users/yapi/Adi/appdev/simonas-app/vendor/laravel/framework/src/Illuminate/Support/Collection.php:11)
[stacktrace]
#0 {main}
"} 
[2026-04-29 06:28:36] laravel.EMERGENCY: Unable to create configured logger. Using emergency logger. {"exception":"[object] (Error(code: 0): Class \"Illuminate\\Support\\Collection\" not found at /Users/yapi/Adi/appdev/simonas-app/vendor/laravel/framework/src/Illuminate/Support/helpers.php:110)
[stacktrace]
#0 /Users/yapi/Adi/appdev/simonas-app/vendor/laravel/framework/src/Illuminate/Log/LogManager.php(240): collect(Array)
#1 /Users/yapi/Adi/appdev/simonas-app/vendor/laravel/framework/src/Illuminate/Log/LogManager.php(202): Illuminate\\Log\\LogManager->createStackDriver(Array)
#2 /Users/yapi/Adi/appdev/simonas-app/vendor/laravel/framework/src/Illuminate/Log/LogManager.php(118): Illuminate\\Log\\LogManager->resolve('stack')
#3 /Users/yapi/Adi/appdev/simonas-app/vendor/laravel/framework/src/Illuminate/Log/LogManager.php(98): Illuminate\\Log\\LogManager->get('stack')
#4 /Users/yapi/Adi/appdev/simonas-app/vendor/laravel/framework/src/Illuminate/Log/LogManager.php(543): Illuminate\\Log\\LogManager->driver()
#5 /Users/yapi/Adi/appdev/simonas-app/vendor/laravel/framework/src/Illuminate/Foundation/Exceptions/Handler.php(118): Illuminate\\Log\\LogManager->error('During inherita...', Array)
#6 /Users/yapi/Adi/appdev/simonas-app/app/Exceptions/Handler.php(39): Illuminate\\Foundation\\Exceptions\\Handler->report(Object(Symfony\\Component\\ErrorHandler\\Error\\FatalError))
#7 /Users/yapi/Adi/appdev/simonas-app/vendor/laravel/framework/src/Illuminate/Foundation/Bootstrap/HandleExceptions.php(88): App\\Exceptions\\Handler->report(Object(Symfony\\Component\\ErrorHandler\\Error\\FatalError))
#8 /Users/yapi/Adi/appdev/simonas-app/vendor/laravel/framework/src/Illuminate/Foundation/Bootstrap/HandleExceptions.php(130): Illuminate\\Foundation\\Bootstrap\\HandleExceptions->handleException(Object(Symfony\\Component\\ErrorHandler\\Error\\FatalError))
#9 [internal function]: Illuminate\\Foundation\\Bootstrap\\HandleExceptions->handleShutdown()
#10 {main}
"} 
[2026-04-29 06:28:36] laravel.ERROR: During inheritance of ArrayAccess: Uncaught ErrorException: Return type of Illuminate\Support\Collection::offsetExists($key) should either be compatible with ArrayAccess::offsetExists(mixed $offset): bool, or the #[\ReturnTypeWillChange] attribute should be used to temporarily suppress the notice in /Users/yapi/Adi/appdev/simonas-app/vendor/laravel/framework/src/Illuminate/Support/Collection.php:1349
Stack trace:
#0 /Users/yapi/Adi/appdev/simonas-app/vendor/laravel/framework/src/Illuminate/Support/Collection.php(11): Illuminate\Foundation\Bootstrap\HandleExceptions->handleError(8192, 'Return type of ...', '/Users/yapi/Adi...', 1349)
#1 /Users/yapi/Adi/appdev/simonas-app/vendor/composer/ClassLoader.php(576): include('/Users/yapi/Adi...')
#2 /Users/yapi/Adi/appdev/simonas-app/vendor/composer/ClassLoader.php(427): Composer\Autoload\{closure}('/Users/yapi/Adi...')
#3 /Users/yapi/Adi/appdev/simonas-app/vendor/laravel/framework/src/Illuminate/Support/helpers.php(110): Composer\Autoload\ClassLoader->loadClass('Illuminate\\Supp...')
#4 /Users/yapi/Adi/appdev/simonas-app/vendor/laravel/framework/src/Illuminate/Foundation/PackageManifest.php(130): collect(Array)
#5 /Users/yapi/Adi/appdev/simonas-app/vendor/laravel/framework/src/Illuminate/Foundation/PackageManifest.php(106): Illuminate\Foundation\PackageManifest->build()
#6 /Users/yapi/Adi/appdev/simonas-app/vendor/laravel/framework/src/Illuminate/Foundation/PackageManifest.php(89): Illuminate\Foundation\PackageManifest->getManifest()
#7 /Users/yapi/Adi/appdev/simonas-app/vendor/laravel/framework/src/Illuminate/Foundation/PackageManifest.php(78): Illuminate\Foundation\PackageManifest->config('aliases')
#8 /Users/yapi/Adi/appdev/simonas-app/vendor/laravel/framework/src/Illuminate/Foundation/Bootstrap/RegisterFacades.php(26): Illuminate\Foundation\PackageManifest->aliases()
#9 /Users/yapi/Adi/appdev/simonas-app/vendor/laravel/framework/src/Illuminate/Foundation/Application.php(230): Illuminate\Foundation\Bootstrap\RegisterFacades->bootstrap(Object(Illuminate\Foundation\Application))
#10 /Users/yapi/Adi/appdev/simonas-app/vendor/laravel/framework/src/Illuminate/Foundation/Console/Kernel.php(310): Illuminate\Foundation\Application->bootstrapWith(Array)
#11 /Users/yapi/Adi/appdev/simonas-app/vendor/laravel/framework/src/Illuminate/Foundation/Console/Kernel.php(127): Illuminate\Foundation\Console\Kernel->bootstrap()
#12 /Users/yapi/Adi/appdev/simonas-app/artisan(35): Illuminate\Foundation\Console\Kernel->handle(Object(Symfony\Component\Console\Input\ArgvInput), Object(Symfony\Component\Console\Output\ConsoleOutput))
#13 {main} {"exception":"[object] (Symfony\\Component\\ErrorHandler\\Error\\FatalError(code: 0): During inheritance of ArrayAccess: Uncaught ErrorException: Return type of Illuminate\\Support\\Collection::offsetExists($key) should either be compatible with ArrayAccess::offsetExists(mixed $offset): bool, or the #[\\ReturnTypeWillChange] attribute should be used to temporarily suppress the notice in /Users/yapi/Adi/appdev/simonas-app/vendor/laravel/framework/src/Illuminate/Support/Collection.php:1349
Stack trace:
#0 /Users/yapi/Adi/appdev/simonas-app/vendor/laravel/framework/src/Illuminate/Support/Collection.php(11): Illuminate\\Foundation\\Bootstrap\\HandleExceptions->handleError(8192, 'Return type of ...', '/Users/yapi/Adi...', 1349)
#1 /Users/yapi/Adi/appdev/simonas-app/vendor/composer/ClassLoader.php(576): include('/Users/yapi/Adi...')
#2 /Users/yapi/Adi/appdev/simonas-app/vendor/composer/ClassLoader.php(427): Composer\\Autoload\\{closure}('/Users/yapi/Adi...')
#3 /Users/yapi/Adi/appdev/simonas-app/vendor/laravel/framework/src/Illuminate/Support/helpers.php(110): Composer\\Autoload\\ClassLoader->loadClass('Illuminate\\\\Supp...')
#4 /Users/yapi/Adi/appdev/simonas-app/vendor/laravel/framework/src/Illuminate/Foundation/PackageManifest.php(130): collect(Array)
#5 /Users/yapi/Adi/appdev/simonas-app/vendor/laravel/framework/src/Illuminate/Foundation/PackageManifest.php(106): Illuminate\\Foundation\\PackageManifest->build()
#6 /Users/yapi/Adi/appdev/simonas-app/vendor/laravel/framework/src/Illuminate/Foundation/PackageManifest.php(89): Illuminate\\Foundation\\PackageManifest->getManifest()
#7 /Users/yapi/Adi/appdev/simonas-app/vendor/laravel/framework/src/Illuminate/Foundation/PackageManifest.php(78): Illuminate\\Foundation\\PackageManifest->config('aliases')
#8 /Users/yapi/Adi/appdev/simonas-app/vendor/laravel/framework/src/Illuminate/Foundation/Bootstrap/RegisterFacades.php(26): Illuminate\\Foundation\\PackageManifest->aliases()
#9 /Users/yapi/Adi/appdev/simonas-app/vendor/laravel/framework/src/Illuminate/Foundation/Application.php(230): Illuminate\\Foundation\\Bootstrap\\RegisterFacades->bootstrap(Object(Illuminate\\Foundation\\Application))
#10 /Users/yapi/Adi/appdev/simonas-app/vendor/laravel/framework/src/Illuminate/Foundation/Console/Kernel.php(310): Illuminate\\Foundation\\Application->bootstrapWith(Array)
#11 /Users/yapi/Adi/appdev/simonas-app/vendor/laravel/framework/src/Illuminate/Foundation/Console/Kernel.php(127): Illuminate\\Foundation\\Console\\Kernel->bootstrap()
#12 /Users/yapi/Adi/appdev/simonas-app/artisan(35): Illuminate\\Foundation\\Console\\Kernel->handle(Object(Symfony\\Component\\Console\\Input\\ArgvInput), Object(Symfony\\Component\\Console\\Output\\ConsoleOutput))
#13 {main} at /Users/yapi/Adi/appdev/simonas-app/vendor/laravel/framework/src/Illuminate/Support/Collection.php:11)
[stacktrace]
#0 {main}
"} 
[2026-04-29 08:46:39] local.ERROR: Please provide a valid cache path. {"exception":"[object] (InvalidArgumentException(code: 0): Please provide a valid cache path. at /Users/yapi/Adi/appdev/simonas-app/vendor/laravel/framework/src/Illuminate/View/Compilers/Compiler.php:36)
[stacktrace]
#0 /Users/yapi/Adi/appdev/simonas-app/vendor/laravel/framework/src/Illuminate/View/ViewServiceProvider.php(88): Illuminate\\View\\Compilers\\Compiler->__construct(Object(Illuminate\\Filesystem\\Filesystem), false)
#1 /Users/yapi/Adi/appdev/simonas-app/vendor/laravel/framework/src/Illuminate/Container/Container.php(873): Illuminate\\View\\ViewServiceProvider->Illuminate\\View\\{closure}(Object(Illuminate\\Foundation\\Application), Array)
#2 /Users/yapi/Adi/appdev/simonas-app/vendor/laravel/framework/src/Illuminate/Container/Container.php(758): Illuminate\\Container\\Container->build(Object(Closure))
#3 /Users/yapi/Adi/appdev/simonas-app/vendor/laravel/framework/src/Illuminate/Foundation/Application.php(853): Illuminate\\Container\\Container->resolve('blade.compiler', Array, true)
#4 /Users/yapi/Adi/appdev/simonas-app/vendor/laravel/framework/src/Illuminate/Container/Container.php(694): Illuminate\\Foundation\\Application->resolve('blade.compiler', Array)
#5 /Users/yapi/Adi/appdev/simonas-app/vendor/laravel/framework/src/Illuminate/Foundation/Application.php(838): Illuminate\\Container\\Container->make('blade.compiler', Array)
#6 /Users/yapi/Adi/appdev/simonas-app/vendor/laravel/framework/src/Illuminate/Container/Container.php(1419): Illuminate\\Foundation\\Application->make('blade.compiler')
#7 /Users/yapi/Adi/appdev/simonas-app/vendor/laravel/framework/src/Illuminate/View/ViewServiceProvider.php(150): Illuminate\\Container\\Container->offsetGet('blade.compiler')
#8 [internal function]: Illuminate\\View\\ViewServiceProvider->Illuminate\\View\\{closure}()
#9 /Users/yapi/Adi/appdev/simonas-app/vendor/laravel/framework/src/Illuminate/View/Engines/EngineResolver.php(55): call_user_func(Object(Closure))
#10 /Users/yapi/Adi/appdev/simonas-app/vendor/facade/ignition/src/IgnitionServiceProvider.php(467): Illuminate\\View\\Engines\\EngineResolver->resolve('blade')
#11 /Users/yapi/Adi/appdev/simonas-app/vendor/facade/ignition/src/IgnitionServiceProvider.php(158): Facade\\Ignition\\IgnitionServiceProvider->hasCustomViewEnginesRegistered()
#12 /Users/yapi/Adi/appdev/simonas-app/vendor/facade/ignition/src/IgnitionServiceProvider.php(101): Facade\\Ignition\\IgnitionServiceProvider->registerViewEngines()
#13 /Users/yapi/Adi/appdev/simonas-app/vendor/laravel/framework/src/Illuminate/Container/BoundMethod.php(36): Facade\\Ignition\\IgnitionServiceProvider->boot()
#14 /Users/yapi/Adi/appdev/simonas-app/vendor/laravel/framework/src/Illuminate/Container/Util.php(40): Illuminate\\Container\\BoundMethod::Illuminate\\Container\\{closure}()
#15 /Users/yapi/Adi/appdev/simonas-app/vendor/laravel/framework/src/Illuminate/Container/BoundMethod.php(93): Illuminate\\Container\\Util::unwrapIfClosure(Object(Closure))
#16 /Users/yapi/Adi/appdev/simonas-app/vendor/laravel/framework/src/Illuminate/Container/BoundMethod.php(35): Illuminate\\Container\\BoundMethod::callBoundMethod(Object(Illuminate\\Foundation\\Application), Array, Object(Closure))
#17 /Users/yapi/Adi/appdev/simonas-app/vendor/laravel/framework/src/Illuminate/Container/Container.php(653): Illuminate\\Container\\BoundMethod::call(Object(Illuminate\\Foundation\\Application), Array, Array, NULL)
#18 /Users/yapi/Adi/appdev/simonas-app/vendor/laravel/framework/src/Illuminate/Foundation/Application.php(926): Illuminate\\Container\\Container->call(Array)
#19 /Users/yapi/Adi/appdev/simonas-app/vendor/laravel/framework/src/Illuminate/Foundation/Application.php(907): Illuminate\\Foundation\\Application->bootProvider(Object(Facade\\Ignition\\IgnitionServiceProvider))
#20 [internal function]: Illuminate\\Foundation\\Application->Illuminate\\Foundation\\{closure}(Object(Facade\\Ignition\\IgnitionServiceProvider), 15)
#21 /Users/yapi/Adi/appdev/simonas-app/vendor/laravel/framework/src/Illuminate/Foundation/Application.php(906): array_walk(Array, Object(Closure))
#22 /Users/yapi/Adi/appdev/simonas-app/vendor/laravel/framework/src/Illuminate/Foundation/Bootstrap/BootProviders.php(17): Illuminate\\Foundation\\Application->boot()
#23 /Users/yapi/Adi/appdev/simonas-app/vendor/laravel/framework/src/Illuminate/Foundation/Application.php(237): Illuminate\\Foundation\\Bootstrap\\BootProviders->bootstrap(Object(Illuminate\\Foundation\\Application))
#24 /Users/yapi/Adi/appdev/simonas-app/vendor/laravel/framework/src/Illuminate/Foundation/Console/Kernel.php(310): Illuminate\\Foundation\\Application->bootstrapWith(Array)
#25 /Users/yapi/Adi/appdev/simonas-app/vendor/laravel/framework/src/Illuminate/Foundation/Console/Kernel.php(127): Illuminate\\Foundation\\Console\\Kernel->bootstrap()
#26 /Users/yapi/Adi/appdev/simonas-app/artisan(35): Illuminate\\Foundation\\Console\\Kernel->handle(Object(Symfony\\Component\\Console\\Input\\ArgvInput), Object(Symfony\\Component\\Console\\Output\\ConsoleOutput))
#27 {main}
"} 
[2026-04-29 08:47:48] local.ERROR: Target class [App\Http\Controllers\Api\AlumniCategoryController] does not exist. {"exception":"[object] (Illuminate\\Contracts\\Container\\BindingResolutionException(code: 0): Target class [App\\Http\\Controllers\\Api\\AlumniCategoryController] does not exist. at /Users/yapi/Adi/appdev/simonas-app/vendor/laravel/framework/src/Illuminate/Container/Container.php:879)
[stacktrace]
#0 /Users/yapi/Adi/appdev/simonas-app/vendor/laravel/framework/src/Illuminate/Container/Container.php(758): Illuminate\\Container\\Container->build('App\\\\Http\\\\Contro...')
#1 /Users/yapi/Adi/appdev/simonas-app/vendor/laravel/framework/src/Illuminate/Foundation/Application.php(853): Illuminate\\Container\\Container->resolve('App\\\\Http\\\\Contro...', Array, true)
#2 /Users/yapi/Adi/appdev/simonas-app/vendor/laravel/framework/src/Illuminate/Container/Container.php(694): Illuminate\\Foundation\\Application->resolve('App\\\\Http\\\\Contro...', Array)
#3 /Users/yapi/Adi/appdev/simonas-app/vendor/laravel/framework/src/Illuminate/Foundation/Application.php(838): Illuminate\\Container\\Container->make('App\\\\Http\\\\Contro...', Array)
#4 /Users/yapi/Adi/appdev/simonas-app/vendor/laravel/framework/src/Illuminate/Routing/Route.php(276): Illuminate\\Foundation\\Application->make('App\\\\Http\\\\Contro...')
#5 /Users/yapi/Adi/appdev/simonas-app/vendor/laravel/framework/src/Illuminate/Routing/Route.php(1080): Illuminate\\Routing\\Route->getController()
#6 /Users/yapi/Adi/appdev/simonas-app/vendor/laravel/framework/src/Illuminate/Routing/Route.php(1023): Illuminate\\Routing\\Route->controllerMiddleware()
#7 /Users/yapi/Adi/appdev/simonas-app/vendor/laravel/framework/src/Illuminate/Routing/Router.php(734): Illuminate\\Routing\\Route->gatherMiddleware()
#8 /Users/yapi/Adi/appdev/simonas-app/vendor/laravel/framework/src/Illuminate/Foundation/Console/RouteListCommand.php(175): Illuminate\\Routing\\Router->gatherRouteMiddleware(Object(Illuminate\\Routing\\Route))
#9 /Users/yapi/Adi/appdev/simonas-app/vendor/laravel/framework/src/Illuminate/Foundation/Console/RouteListCommand.php(119): Illuminate\\Foundation\\Console\\RouteListCommand->getMiddleware(Object(Illuminate\\Routing\\Route))
#10 /Users/yapi/Adi/appdev/simonas-app/vendor/laravel/framework/src/Illuminate/Foundation/Console/RouteListCommand.php(91): Illuminate\\Foundation\\Console\\RouteListCommand->getRouteInformation(Object(Illuminate\\Routing\\Route))
#11 [internal function]: Illuminate\\Foundation\\Console\\RouteListCommand->Illuminate\\Foundation\\Console\\{closure}(Object(Illuminate\\Routing\\Route), 26)
#12 /Users/yapi/Adi/appdev/simonas-app/vendor/laravel/framework/src/Illuminate/Collections/Collection.php(695): array_map(Object(Closure), Array, Array)
#13 /Users/yapi/Adi/appdev/simonas-app/vendor/laravel/framework/src/Illuminate/Foundation/Console/RouteListCommand.php(90): Illuminate\\Support\\Collection->map(Object(Closure))
#14 /Users/yapi/Adi/appdev/simonas-app/vendor/laravel/framework/src/Illuminate/Foundation/Console/RouteListCommand.php(76): Illuminate\\Foundation\\Console\\RouteListCommand->getRoutes()
#15 /Users/yapi/Adi/appdev/simonas-app/vendor/laravel/framework/src/Illuminate/Container/BoundMethod.php(36): Illuminate\\Foundation\\Console\\RouteListCommand->handle()
#16 /Users/yapi/Adi/appdev/simonas-app/vendor/laravel/framework/src/Illuminate/Container/Util.php(40): Illuminate\\Container\\BoundMethod::Illuminate\\Container\\{closure}()
#17 /Users/yapi/Adi/appdev/simonas-app/vendor/laravel/framework/src/Illuminate/Container/BoundMethod.php(93): Illuminate\\Container\\Util::unwrapIfClosure(Object(Closure))
#18 /Users/yapi/Adi/appdev/simonas-app/vendor/laravel/framework/src/Illuminate/Container/BoundMethod.php(35): Illuminate\\Container\\BoundMethod::callBoundMethod(Object(Illuminate\\Foundation\\Application), Array, Object(Closure))
#19 /Users/yapi/Adi/appdev/simonas-app/vendor/laravel/framework/src/Illuminate/Container/Container.php(653): Illuminate\\Container\\BoundMethod::call(Object(Illuminate\\Foundation\\Application), Array, Array, NULL)
#20 /Users/yapi/Adi/appdev/simonas-app/vendor/laravel/framework/src/Illuminate/Console/Command.php(136): Illuminate\\Container\\Container->call(Array)
#21 /Users/yapi/Adi/appdev/simonas-app/vendor/symfony/console/Command/Command.php(298): Illuminate\\Console\\Command->execute(Object(Symfony\\Component\\Console\\Input\\ArgvInput), Object(Illuminate\\Console\\OutputStyle))
#22 /Users/yapi/Adi/appdev/simonas-app/vendor/laravel/framework/src/Illuminate/Console/Command.php(120): Symfony\\Component\\Console\\Command\\Command->run(Object(Symfony\\Component\\Console\\Input\\ArgvInput), Object(Illuminate\\Console\\OutputStyle))
#23 /Users/yapi/Adi/appdev/simonas-app/vendor/symfony/console/Application.php(1040): Illuminate\\Console\\Command->run(Object(Symfony\\Component\\Console\\Input\\ArgvInput), Object(Symfony\\Component\\Console\\Output\\ConsoleOutput))
#24 /Users/yapi/Adi/appdev/simonas-app/vendor/symfony/console/Application.php(301): Symfony\\Component\\Console\\Application->doRunCommand(Object(Illuminate\\Foundation\\Console\\RouteListCommand), Object(Symfony\\Component\\Console\\Input\\ArgvInput), Object(Symfony\\Component\\Console\\Output\\ConsoleOutput))
#25 /Users/yapi/Adi/appdev/simonas-app/vendor/symfony/console/Application.php(171): Symfony\\Component\\Console\\Application->doRun(Object(Symfony\\Component\\Console\\Input\\ArgvInput), Object(Symfony\\Component\\Console\\Output\\ConsoleOutput))
#26 /Users/yapi/Adi/appdev/simonas-app/vendor/laravel/framework/src/Illuminate/Console/Application.php(94): Symfony\\Component\\Console\\Application->run(Object(Symfony\\Component\\Console\\Input\\ArgvInput), Object(Symfony\\Component\\Console\\Output\\ConsoleOutput))
#27 /Users/yapi/Adi/appdev/simonas-app/vendor/laravel/framework/src/Illuminate/Foundation/Console/Kernel.php(129): Illuminate\\Console\\Application->run(Object(Symfony\\Component\\Console\\Input\\ArgvInput), Object(Symfony\\Component\\Console\\Output\\ConsoleOutput))
#28 /Users/yapi/Adi/appdev/simonas-app/artisan(35): Illuminate\\Foundation\\Console\\Kernel->handle(Object(Symfony\\Component\\Console\\Input\\ArgvInput), Object(Symfony\\Component\\Console\\Output\\ConsoleOutput))
#29 {main}

[previous exception] [object] (ReflectionException(code: -1): Class \"App\\Http\\Controllers\\Api\\AlumniCategoryController\" does not exist at /Users/yapi/Adi/appdev/simonas-app/vendor/laravel/framework/src/Illuminate/Container/Container.php:877)
[stacktrace]
#0 /Users/yapi/Adi/appdev/simonas-app/vendor/laravel/framework/src/Illuminate/Container/Container.php(877): ReflectionClass->__construct('App\\\\Http\\\\Contro...')
#1 /Users/yapi/Adi/appdev/simonas-app/vendor/laravel/framework/src/Illuminate/Container/Container.php(758): Illuminate\\Container\\Container->build('App\\\\Http\\\\Contro...')
#2 /Users/yapi/Adi/appdev/simonas-app/vendor/laravel/framework/src/Illuminate/Foundation/Application.php(853): Illuminate\\Container\\Container->resolve('App\\\\Http\\\\Contro...', Array, true)
#3 /Users/yapi/Adi/appdev/simonas-app/vendor/laravel/framework/src/Illuminate/Container/Container.php(694): Illuminate\\Foundation\\Application->resolve('App\\\\Http\\\\Contro...', Array)
#4 /Users/yapi/Adi/appdev/simonas-app/vendor/laravel/framework/src/Illuminate/Foundation/Application.php(838): Illuminate\\Container\\Container->make('App\\\\Http\\\\Contro...', Array)
#5 /Users/yapi/Adi/appdev/simonas-app/vendor/laravel/framework/src/Illuminate/Routing/Route.php(276): Illuminate\\Foundation\\Application->make('App\\\\Http\\\\Contro...')
#6 /Users/yapi/Adi/appdev/simonas-app/vendor/laravel/framework/src/Illuminate/Routing/Route.php(1080): Illuminate\\Routing\\Route->getController()
#7 /Users/yapi/Adi/appdev/simonas-app/vendor/laravel/framework/src/Illuminate/Routing/Route.php(1023): Illuminate\\Routing\\Route->controllerMiddleware()
#8 /Users/yapi/Adi/appdev/simonas-app/vendor/laravel/framework/src/Illuminate/Routing/Router.php(734): Illuminate\\Routing\\Route->gatherMiddleware()
#9 /Users/yapi/Adi/appdev/simonas-app/vendor/laravel/framework/src/Illuminate/Foundation/Console/RouteListCommand.php(175): Illuminate\\Routing\\Router->gatherRouteMiddleware(Object(Illuminate\\Routing\\Route))
#10 /Users/yapi/Adi/appdev/simonas-app/vendor/laravel/framework/src/Illuminate/Foundation/Console/RouteListCommand.php(119): Illuminate\\Foundation\\Console\\RouteListCommand->getMiddleware(Object(Illuminate\\Routing\\Route))
#11 /Users/yapi/Adi/appdev/simonas-app/vendor/laravel/framework/src/Illuminate/Foundation/Console/RouteListCommand.php(91): Illuminate\\Foundation\\Console\\RouteListCommand->getRouteInformation(Object(Illuminate\\Routing\\Route))
#12 [internal function]: Illuminate\\Foundation\\Console\\RouteListCommand->Illuminate\\Foundation\\Console\\{closure}(Object(Illuminate\\Routing\\Route), 26)
#13 /Users/yapi/Adi/appdev/simonas-app/vendor/laravel/framework/src/Illuminate/Collections/Collection.php(695): array_map(Object(Closure), Array, Array)
#14 /Users/yapi/Adi/appdev/simonas-app/vendor/laravel/framework/src/Illuminate/Foundation/Console/RouteListCommand.php(90): Illuminate\\Support\\Collection->map(Object(Closure))
#15 /Users/yapi/Adi/appdev/simonas-app/vendor/laravel/framework/src/Illuminate/Foundation/Console/RouteListCommand.php(76): Illuminate\\Foundation\\Console\\RouteListCommand->getRoutes()
#16 /Users/yapi/Adi/appdev/simonas-app/vendor/laravel/framework/src/Illuminate/Container/BoundMethod.php(36): Illuminate\\Foundation\\Console\\RouteListCommand->handle()
#17 /Users/yapi/Adi/appdev/simonas-app/vendor/laravel/framework/src/Illuminate/Container/Util.php(40): Illuminate\\Container\\BoundMethod::Illuminate\\Container\\{closure}()
#18 /Users/yapi/Adi/appdev/simonas-app/vendor/laravel/framework/src/Illuminate/Container/BoundMethod.php(93): Illuminate\\Container\\Util::unwrapIfClosure(Object(Closure))
#19 /Users/yapi/Adi/appdev/simonas-app/vendor/laravel/framework/src/Illuminate/Container/BoundMethod.php(35): Illuminate\\Container\\BoundMethod::callBoundMethod(Object(Illuminate\\Foundation\\Application), Array, Object(Closure))
#20 /Users/yapi/Adi/appdev/simonas-app/vendor/laravel/framework/src/Illuminate/Container/Container.php(653): Illuminate\\Container\\BoundMethod::call(Object(Illuminate\\Foundation\\Application), Array, Array, NULL)
#21 /Users/yapi/Adi/appdev/simonas-app/vendor/laravel/framework/src/Illuminate/Console/Command.php(136): Illuminate\\Container\\Container->call(Array)
#22 /Users/yapi/Adi/appdev/simonas-app/vendor/symfony/console/Command/Command.php(298): Illuminate\\Console\\Command->execute(Object(Symfony\\Component\\Console\\Input\\ArgvInput), Object(Illuminate\\Console\\OutputStyle))
#23 /Users/yapi/Adi/appdev/simonas-app/vendor/laravel/framework/src/Illuminate/Console/Command.php(120): Symfony\\Component\\Console\\Command\\Command->run(Object(Symfony\\Component\\Console\\Input\\ArgvInput), Object(Illuminate\\Console\\OutputStyle))
#24 /Users/yapi/Adi/appdev/simonas-app/vendor/symfony/console/Application.php(1040): Illuminate\\Console\\Command->run(Object(Symfony\\Component\\Console\\Input\\ArgvInput), Object(Symfony\\Component\\Console\\Output\\ConsoleOutput))
#25 /Users/yapi/Adi/appdev/simonas-app/vendor/symfony/console/Application.php(301): Symfony\\Component\\Console\\Application->doRunCommand(Object(Illuminate\\Foundation\\Console\\RouteListCommand), Object(Symfony\\Component\\Console\\Input\\ArgvInput), Object(Symfony\\Component\\Console\\Output\\ConsoleOutput))
#26 /Users/yapi/Adi/appdev/simonas-app/vendor/symfony/console/Application.php(171): Symfony\\Component\\Console\\Application->doRun(Object(Symfony\\Component\\Console\\Input\\ArgvInput), Object(Symfony\\Component\\Console\\Output\\ConsoleOutput))
#27 /Users/yapi/Adi/appdev/simonas-app/vendor/laravel/framework/src/Illuminate/Console/Application.php(94): Symfony\\Component\\Console\\Application->run(Object(Symfony\\Component\\Console\\Input\\ArgvInput), Object(Symfony\\Component\\Console\\Output\\ConsoleOutput))
#28 /Users/yapi/Adi/appdev/simonas-app/vendor/laravel/framework/src/Illuminate/Foundation/Console/Kernel.php(129): Illuminate\\Console\\Application->run(Object(Symfony\\Component\\Console\\Input\\ArgvInput), Object(Symfony\\Component\\Console\\Output\\ConsoleOutput))
#29 /Users/yapi/Adi/appdev/simonas-app/artisan(35): Illuminate\\Foundation\\Console\\Kernel->handle(Object(Symfony\\Component\\Console\\Input\\ArgvInput), Object(Symfony\\Component\\Console\\Output\\ConsoleOutput))
#30 {main}
"} 
[2026-04-29 08:47:55] local.ERROR: Target class [App\Http\Controllers\Api\AlumniCategoryController] does not exist. {"exception":"[object] (Illuminate\\Contracts\\Container\\BindingResolutionException(code: 0): Target class [App\\Http\\Controllers\\Api\\AlumniCategoryController] does not exist. at /Users/yapi/Adi/appdev/simonas-app/vendor/laravel/framework/src/Illuminate/Container/Container.php:879)
[stacktrace]
#0 /Users/yapi/Adi/appdev/simonas-app/vendor/laravel/framework/src/Illuminate/Container/Container.php(758): Illuminate\\Container\\Container->build('App\\\\Http\\\\Contro...')
#1 /Users/yapi/Adi/appdev/simonas-app/vendor/laravel/framework/src/Illuminate/Foundation/Application.php(853): Illuminate\\Container\\Container->resolve('App\\\\Http\\\\Contro...', Array, true)
#2 /Users/yapi/Adi/appdev/simonas-app/vendor/laravel/framework/src/Illuminate/Container/Container.php(694): Illuminate\\Foundation\\Application->resolve('App\\\\Http\\\\Contro...', Array)
#3 /Users/yapi/Adi/appdev/simonas-app/vendor/laravel/framework/src/Illuminate/Foundation/Application.php(838): Illuminate\\Container\\Container->make('App\\\\Http\\\\Contro...', Array)
#4 /Users/yapi/Adi/appdev/simonas-app/vendor/laravel/framework/src/Illuminate/Routing/Route.php(276): Illuminate\\Foundation\\Application->make('App\\\\Http\\\\Contro...')
#5 /Users/yapi/Adi/appdev/simonas-app/vendor/laravel/framework/src/Illuminate/Routing/Route.php(1080): Illuminate\\Routing\\Route->getController()
#6 /Users/yapi/Adi/appdev/simonas-app/vendor/laravel/framework/src/Illuminate/Routing/Route.php(1023): Illuminate\\Routing\\Route->controllerMiddleware()
#7 /Users/yapi/Adi/appdev/simonas-app/vendor/laravel/framework/src/Illuminate/Routing/Router.php(734): Illuminate\\Routing\\Route->gatherMiddleware()
#8 /Users/yapi/Adi/appdev/simonas-app/vendor/laravel/framework/src/Illuminate/Foundation/Console/RouteListCommand.php(175): Illuminate\\Routing\\Router->gatherRouteMiddleware(Object(Illuminate\\Routing\\Route))
#9 /Users/yapi/Adi/appdev/simonas-app/vendor/laravel/framework/src/Illuminate/Foundation/Console/RouteListCommand.php(119): Illuminate\\Foundation\\Console\\RouteListCommand->getMiddleware(Object(Illuminate\\Routing\\Route))
#10 /Users/yapi/Adi/appdev/simonas-app/vendor/laravel/framework/src/Illuminate/Foundation/Console/RouteListCommand.php(91): Illuminate\\Foundation\\Console\\RouteListCommand->getRouteInformation(Object(Illuminate\\Routing\\Route))
#11 [internal function]: Illuminate\\Foundation\\Console\\RouteListCommand->Illuminate\\Foundation\\Console\\{closure}(Object(Illuminate\\Routing\\Route), 26)
#12 /Users/yapi/Adi/appdev/simonas-app/vendor/laravel/framework/src/Illuminate/Collections/Collection.php(695): array_map(Object(Closure), Array, Array)
#13 /Users/yapi/Adi/appdev/simonas-app/vendor/laravel/framework/src/Illuminate/Foundation/Console/RouteListCommand.php(90): Illuminate\\Support\\Collection->map(Object(Closure))
#14 /Users/yapi/Adi/appdev/simonas-app/vendor/laravel/framework/src/Illuminate/Foundation/Console/RouteListCommand.php(76): Illuminate\\Foundation\\Console\\RouteListCommand->getRoutes()
#15 /Users/yapi/Adi/appdev/simonas-app/vendor/laravel/framework/src/Illuminate/Container/BoundMethod.php(36): Illuminate\\Foundation\\Console\\RouteListCommand->handle()
#16 /Users/yapi/Adi/appdev/simonas-app/vendor/laravel/framework/src/Illuminate/Container/Util.php(40): Illuminate\\Container\\BoundMethod::Illuminate\\Container\\{closure}()
#17 /Users/yapi/Adi/appdev/simonas-app/vendor/laravel/framework/src/Illuminate/Container/BoundMethod.php(93): Illuminate\\Container\\Util::unwrapIfClosure(Object(Closure))
#18 /Users/yapi/Adi/appdev/simonas-app/vendor/laravel/framework/src/Illuminate/Container/BoundMethod.php(35): Illuminate\\Container\\BoundMethod::callBoundMethod(Object(Illuminate\\Foundation\\Application), Array, Object(Closure))
#19 /Users/yapi/Adi/appdev/simonas-app/vendor/laravel/framework/src/Illuminate/Container/Container.php(653): Illuminate\\Container\\BoundMethod::call(Object(Illuminate\\Foundation\\Application), Array, Array, NULL)
#20 /Users/yapi/Adi/appdev/simonas-app/vendor/laravel/framework/src/Illuminate/Console/Command.php(136): Illuminate\\Container\\Container->call(Array)
#21 /Users/yapi/Adi/appdev/simonas-app/vendor/symfony/console/Command/Command.php(298): Illuminate\\Console\\Command->execute(Object(Symfony\\Component\\Console\\Input\\ArgvInput), Object(Illuminate\\Console\\OutputStyle))
#22 /Users/yapi/Adi/appdev/simonas-app/vendor/laravel/framework/src/Illuminate/Console/Command.php(120): Symfony\\Component\\Console\\Command\\Command->run(Object(Symfony\\Component\\Console\\Input\\ArgvInput), Object(Illuminate\\Console\\OutputStyle))
#23 /Users/yapi/Adi/appdev/simonas-app/vendor/symfony/console/Application.php(1040): Illuminate\\Console\\Command->run(Object(Symfony\\Component\\Console\\Input\\ArgvInput), Object(Symfony\\Component\\Console\\Output\\ConsoleOutput))
#24 /Users/yapi/Adi/appdev/simonas-app/vendor/symfony/console/Application.php(301): Symfony\\Component\\Console\\Application->doRunCommand(Object(Illuminate\\Foundation\\Console\\RouteListCommand), Object(Symfony\\Component\\Console\\Input\\ArgvInput), Object(Symfony\\Component\\Console\\Output\\ConsoleOutput))
#25 /Users/yapi/Adi/appdev/simonas-app/vendor/symfony/console/Application.php(171): Symfony\\Component\\Console\\Application->doRun(Object(Symfony\\Component\\Console\\Input\\ArgvInput), Object(Symfony\\Component\\Console\\Output\\ConsoleOutput))
#26 /Users/yapi/Adi/appdev/simonas-app/vendor/laravel/framework/src/Illuminate/Console/Application.php(94): Symfony\\Component\\Console\\Application->run(Object(Symfony\\Component\\Console\\Input\\ArgvInput), Object(Symfony\\Component\\Console\\Output\\ConsoleOutput))
#27 /Users/yapi/Adi/appdev/simonas-app/vendor/laravel/framework/src/Illuminate/Foundation/Console/Kernel.php(129): Illuminate\\Console\\Application->run(Object(Symfony\\Component\\Console\\Input\\ArgvInput), Object(Symfony\\Component\\Console\\Output\\ConsoleOutput))
#28 /Users/yapi/Adi/appdev/simonas-app/artisan(35): Illuminate\\Foundation\\Console\\Kernel->handle(Object(Symfony\\Component\\Console\\Input\\ArgvInput), Object(Symfony\\Component\\Console\\Output\\ConsoleOutput))
#29 {main}

[previous exception] [object] (ReflectionException(code: -1): Class \"App\\Http\\Controllers\\Api\\AlumniCategoryController\" does not exist at /Users/yapi/Adi/appdev/simonas-app/vendor/laravel/framework/src/Illuminate/Container/Container.php:877)
[stacktrace]
#0 /Users/yapi/Adi/appdev/simonas-app/vendor/laravel/framework/src/Illuminate/Container/Container.php(877): ReflectionClass->__construct('App\\\\Http\\\\Contro...')
#1 /Users/yapi/Adi/appdev/simonas-app/vendor/laravel/framework/src/Illuminate/Container/Container.php(758): Illuminate\\Container\\Container->build('App\\\\Http\\\\Contro...')
#2 /Users/yapi/Adi/appdev/simonas-app/vendor/laravel/framework/src/Illuminate/Foundation/Application.php(853): Illuminate\\Container\\Container->resolve('App\\\\Http\\\\Contro...', Array, true)
#3 /Users/yapi/Adi/appdev/simonas-app/vendor/laravel/framework/src/Illuminate/Container/Container.php(694): Illuminate\\Foundation\\Application->resolve('App\\\\Http\\\\Contro...', Array)
#4 /Users/yapi/Adi/appdev/simonas-app/vendor/laravel/framework/src/Illuminate/Foundation/Application.php(838): Illuminate\\Container\\Container->make('App\\\\Http\\\\Contro...', Array)
#5 /Users/yapi/Adi/appdev/simonas-app/vendor/laravel/framework/src/Illuminate/Routing/Route.php(276): Illuminate\\Foundation\\Application->make('App\\\\Http\\\\Contro...')
#6 /Users/yapi/Adi/appdev/simonas-app/vendor/laravel/framework/src/Illuminate/Routing/Route.php(1080): Illuminate\\Routing\\Route->getController()
#7 /Users/yapi/Adi/appdev/simonas-app/vendor/laravel/framework/src/Illuminate/Routing/Route.php(1023): Illuminate\\Routing\\Route->controllerMiddleware()
#8 /Users/yapi/Adi/appdev/simonas-app/vendor/laravel/framework/src/Illuminate/Routing/Router.php(734): Illuminate\\Routing\\Route->gatherMiddleware()
#9 /Users/yapi/Adi/appdev/simonas-app/vendor/laravel/framework/src/Illuminate/Foundation/Console/RouteListCommand.php(175): Illuminate\\Routing\\Router->gatherRouteMiddleware(Object(Illuminate\\Routing\\Route))
#10 /Users/yapi/Adi/appdev/simonas-app/vendor/laravel/framework/src/Illuminate/Foundation/Console/RouteListCommand.php(119): Illuminate\\Foundation\\Console\\RouteListCommand->getMiddleware(Object(Illuminate\\Routing\\Route))
#11 /Users/yapi/Adi/appdev/simonas-app/vendor/laravel/framework/src/Illuminate/Foundation/Console/RouteListCommand.php(91): Illuminate\\Foundation\\Console\\RouteListCommand->getRouteInformation(Object(Illuminate\\Routing\\Route))
#12 [internal function]: Illuminate\\Foundation\\Console\\RouteListCommand->Illuminate\\Foundation\\Console\\{closure}(Object(Illuminate\\Routing\\Route), 26)
#13 /Users/yapi/Adi/appdev/simonas-app/vendor/laravel/framework/src/Illuminate/Collections/Collection.php(695): array_map(Object(Closure), Array, Array)
#14 /Users/yapi/Adi/appdev/simonas-app/vendor/laravel/framework/src/Illuminate/Foundation/Console/RouteListCommand.php(90): Illuminate\\Support\\Collection->map(Object(Closure))
#15 /Users/yapi/Adi/appdev/simonas-app/vendor/laravel/framework/src/Illuminate/Foundation/Console/RouteListCommand.php(76): Illuminate\\Foundation\\Console\\RouteListCommand->getRoutes()
#16 /Users/yapi/Adi/appdev/simonas-app/vendor/laravel/framework/src/Illuminate/Container/BoundMethod.php(36): Illuminate\\Foundation\\Console\\RouteListCommand->handle()
#17 /Users/yapi/Adi/appdev/simonas-app/vendor/laravel/framework/src/Illuminate/Container/Util.php(40): Illuminate\\Container\\BoundMethod::Illuminate\\Container\\{closure}()
#18 /Users/yapi/Adi/appdev/simonas-app/vendor/laravel/framework/src/Illuminate/Container/BoundMethod.php(93): Illuminate\\Container\\Util::unwrapIfClosure(Object(Closure))
#19 /Users/yapi/Adi/appdev/simonas-app/vendor/laravel/framework/src/Illuminate/Container/BoundMethod.php(35): Illuminate\\Container\\BoundMethod::callBoundMethod(Object(Illuminate\\Foundation\\Application), Array, Object(Closure))
#20 /Users/yapi/Adi/appdev/simonas-app/vendor/laravel/framework/src/Illuminate/Container/Container.php(653): Illuminate\\Container\\BoundMethod::call(Object(Illuminate\\Foundation\\Application), Array, Array, NULL)
#21 /Users/yapi/Adi/appdev/simonas-app/vendor/laravel/framework/src/Illuminate/Console/Command.php(136): Illuminate\\Container\\Container->call(Array)
#22 /Users/yapi/Adi/appdev/simonas-app/vendor/symfony/console/Command/Command.php(298): Illuminate\\Console\\Command->execute(Object(Symfony\\Component\\Console\\Input\\ArgvInput), Object(Illuminate\\Console\\OutputStyle))
#23 /Users/yapi/Adi/appdev/simonas-app/vendor/laravel/framework/src/Illuminate/Console/Command.php(120): Symfony\\Component\\Console\\Command\\Command->run(Object(Symfony\\Component\\Console\\Input\\ArgvInput), Object(Illuminate\\Console\\OutputStyle))
#24 /Users/yapi/Adi/appdev/simonas-app/vendor/symfony/console/Application.php(1040): Illuminate\\Console\\Command->run(Object(Symfony\\Component\\Console\\Input\\ArgvInput), Object(Symfony\\Component\\Console\\Output\\ConsoleOutput))
#25 /Users/yapi/Adi/appdev/simonas-app/vendor/symfony/console/Application.php(301): Symfony\\Component\\Console\\Application->doRunCommand(Object(Illuminate\\Foundation\\Console\\RouteListCommand), Object(Symfony\\Component\\Console\\Input\\ArgvInput), Object(Symfony\\Component\\Console\\Output\\ConsoleOutput))
#26 /Users/yapi/Adi/appdev/simonas-app/vendor/symfony/console/Application.php(171): Symfony\\Component\\Console\\Application->doRun(Object(Symfony\\Component\\Console\\Input\\ArgvInput), Object(Symfony\\Component\\Console\\Output\\ConsoleOutput))
#27 /Users/yapi/Adi/appdev/simonas-app/vendor/laravel/framework/src/Illuminate/Console/Application.php(94): Symfony\\Component\\Console\\Application->run(Object(Symfony\\Component\\Console\\Input\\ArgvInput), Object(Symfony\\Component\\Console\\Output\\ConsoleOutput))
#28 /Users/yapi/Adi/appdev/simonas-app/vendor/laravel/framework/src/Illuminate/Foundation/Console/Kernel.php(129): Illuminate\\Console\\Application->run(Object(Symfony\\Component\\Console\\Input\\ArgvInput), Object(Symfony\\Component\\Console\\Output\\ConsoleOutput))
#29 /Users/yapi/Adi/appdev/simonas-app/artisan(35): Illuminate\\Foundation\\Console\\Kernel->handle(Object(Symfony\\Component\\Console\\Input\\ArgvInput), Object(Symfony\\Component\\Console\\Output\\ConsoleOutput))
#30 {main}
"} 
[2026-04-29 08:48:33] local.ERROR: Target class [App\Http\Controllers\Api\V2\MahasiswaController] does not exist. {"exception":"[object] (Illuminate\\Contracts\\Container\\BindingResolutionException(code: 0): Target class [App\\Http\\Controllers\\Api\\V2\\MahasiswaController] does not exist. at /Users/yapi/Adi/appdev/simonas-app/vendor/laravel/framework/src/Illuminate/Container/Container.php:879)
[stacktrace]
#0 /Users/yapi/Adi/appdev/simonas-app/vendor/laravel/framework/src/Illuminate/Container/Container.php(758): Illuminate\\Container\\Container->build('App\\\\Http\\\\Contro...')
#1 /Users/yapi/Adi/appdev/simonas-app/vendor/laravel/framework/src/Illuminate/Foundation/Application.php(853): Illuminate\\Container\\Container->resolve('App\\\\Http\\\\Contro...', Array, true)
#2 /Users/yapi/Adi/appdev/simonas-app/vendor/laravel/framework/src/Illuminate/Container/Container.php(694): Illuminate\\Foundation\\Application->resolve('App\\\\Http\\\\Contro...', Array)
#3 /Users/yapi/Adi/appdev/simonas-app/vendor/laravel/framework/src/Illuminate/Foundation/Application.php(838): Illuminate\\Container\\Container->make('App\\\\Http\\\\Contro...', Array)
#4 /Users/yapi/Adi/appdev/simonas-app/vendor/laravel/framework/src/Illuminate/Routing/Route.php(276): Illuminate\\Foundation\\Application->make('App\\\\Http\\\\Contro...')
#5 /Users/yapi/Adi/appdev/simonas-app/vendor/laravel/framework/src/Illuminate/Routing/Route.php(1080): Illuminate\\Routing\\Route->getController()
#6 /Users/yapi/Adi/appdev/simonas-app/vendor/laravel/framework/src/Illuminate/Routing/Route.php(1023): Illuminate\\Routing\\Route->controllerMiddleware()
#7 /Users/yapi/Adi/appdev/simonas-app/vendor/laravel/framework/src/Illuminate/Routing/Router.php(734): Illuminate\\Routing\\Route->gatherMiddleware()
#8 /Users/yapi/Adi/appdev/simonas-app/vendor/laravel/framework/src/Illuminate/Foundation/Console/RouteListCommand.php(175): Illuminate\\Routing\\Router->gatherRouteMiddleware(Object(Illuminate\\Routing\\Route))
#9 /Users/yapi/Adi/appdev/simonas-app/vendor/laravel/framework/src/Illuminate/Foundation/Console/RouteListCommand.php(119): Illuminate\\Foundation\\Console\\RouteListCommand->getMiddleware(Object(Illuminate\\Routing\\Route))
#10 /Users/yapi/Adi/appdev/simonas-app/vendor/laravel/framework/src/Illuminate/Foundation/Console/RouteListCommand.php(91): Illuminate\\Foundation\\Console\\RouteListCommand->getRouteInformation(Object(Illuminate\\Routing\\Route))
#11 [internal function]: Illuminate\\Foundation\\Console\\RouteListCommand->Illuminate\\Foundation\\Console\\{closure}(Object(Illuminate\\Routing\\Route), 46)
#12 /Users/yapi/Adi/appdev/simonas-app/vendor/laravel/framework/src/Illuminate/Collections/Collection.php(695): array_map(Object(Closure), Array, Array)
#13 /Users/yapi/Adi/appdev/simonas-app/vendor/laravel/framework/src/Illuminate/Foundation/Console/RouteListCommand.php(90): Illuminate\\Support\\Collection->map(Object(Closure))
#14 /Users/yapi/Adi/appdev/simonas-app/vendor/laravel/framework/src/Illuminate/Foundation/Console/RouteListCommand.php(76): Illuminate\\Foundation\\Console\\RouteListCommand->getRoutes()
#15 /Users/yapi/Adi/appdev/simonas-app/vendor/laravel/framework/src/Illuminate/Container/BoundMethod.php(36): Illuminate\\Foundation\\Console\\RouteListCommand->handle()
#16 /Users/yapi/Adi/appdev/simonas-app/vendor/laravel/framework/src/Illuminate/Container/Util.php(40): Illuminate\\Container\\BoundMethod::Illuminate\\Container\\{closure}()
#17 /Users/yapi/Adi/appdev/simonas-app/vendor/laravel/framework/src/Illuminate/Container/BoundMethod.php(93): Illuminate\\Container\\Util::unwrapIfClosure(Object(Closure))
#18 /Users/yapi/Adi/appdev/simonas-app/vendor/laravel/framework/src/Illuminate/Container/BoundMethod.php(35): Illuminate\\Container\\BoundMethod::callBoundMethod(Object(Illuminate\\Foundation\\Application), Array, Object(Closure))
#19 /Users/yapi/Adi/appdev/simonas-app/vendor/laravel/framework/src/Illuminate/Container/Container.php(653): Illuminate\\Container\\BoundMethod::call(Object(Illuminate\\Foundation\\Application), Array, Array, NULL)
#20 /Users/yapi/Adi/appdev/simonas-app/vendor/laravel/framework/src/Illuminate/Console/Command.php(136): Illuminate\\Container\\Container->call(Array)
#21 /Users/yapi/Adi/appdev/simonas-app/vendor/symfony/console/Command/Command.php(298): Illuminate\\Console\\Command->execute(Object(Symfony\\Component\\Console\\Input\\ArgvInput), Object(Illuminate\\Console\\OutputStyle))
#22 /Users/yapi/Adi/appdev/simonas-app/vendor/laravel/framework/src/Illuminate/Console/Command.php(120): Symfony\\Component\\Console\\Command\\Command->run(Object(Symfony\\Component\\Console\\Input\\ArgvInput), Object(Illuminate\\Console\\OutputStyle))
#23 /Users/yapi/Adi/appdev/simonas-app/vendor/symfony/console/Application.php(1040): Illuminate\\Console\\Command->run(Object(Symfony\\Component\\Console\\Input\\ArgvInput), Object(Symfony\\Component\\Console\\Output\\ConsoleOutput))
#24 /Users/yapi/Adi/appdev/simonas-app/vendor/symfony/console/Application.php(301): Symfony\\Component\\Console\\Application->doRunCommand(Object(Illuminate\\Foundation\\Console\\RouteListCommand), Object(Symfony\\Component\\Console\\Input\\ArgvInput), Object(Symfony\\Component\\Console\\Output\\ConsoleOutput))
#25 /Users/yapi/Adi/appdev/simonas-app/vendor/symfony/console/Application.php(171): Symfony\\Component\\Console\\Application->doRun(Object(Symfony\\Component\\Console\\Input\\ArgvInput), Object(Symfony\\Component\\Console\\Output\\ConsoleOutput))
#26 /Users/yapi/Adi/appdev/simonas-app/vendor/laravel/framework/src/Illuminate/Console/Application.php(94): Symfony\\Component\\Console\\Application->run(Object(Symfony\\Component\\Console\\Input\\ArgvInput), Object(Symfony\\Component\\Console\\Output\\ConsoleOutput))
#27 /Users/yapi/Adi/appdev/simonas-app/vendor/laravel/framework/src/Illuminate/Foundation/Console/Kernel.php(129): Illuminate\\Console\\Application->run(Object(Symfony\\Component\\Console\\Input\\ArgvInput), Object(Symfony\\Component\\Console\\Output\\ConsoleOutput))
#28 /Users/yapi/Adi/appdev/simonas-app/artisan(35): Illuminate\\Foundation\\Console\\Kernel->handle(Object(Symfony\\Component\\Console\\Input\\ArgvInput), Object(Symfony\\Component\\Console\\Output\\ConsoleOutput))
#29 {main}

[previous exception] [object] (ReflectionException(code: -1): Class \"App\\Http\\Controllers\\Api\\V2\\MahasiswaController\" does not exist at /Users/yapi/Adi/appdev/simonas-app/vendor/laravel/framework/src/Illuminate/Container/Container.php:877)
[stacktrace]
#0 /Users/yapi/Adi/appdev/simonas-app/vendor/laravel/framework/src/Illuminate/Container/Container.php(877): ReflectionClass->__construct('App\\\\Http\\\\Contro...')
#1 /Users/yapi/Adi/appdev/simonas-app/vendor/laravel/framework/src/Illuminate/Container/Container.php(758): Illuminate\\Container\\Container->build('App\\\\Http\\\\Contro...')
#2 /Users/yapi/Adi/appdev/simonas-app/vendor/laravel/framework/src/Illuminate/Foundation/Application.php(853): Illuminate\\Container\\Container->resolve('App\\\\Http\\\\Contro...', Array, true)
#3 /Users/yapi/Adi/appdev/simonas-app/vendor/laravel/framework/src/Illuminate/Container/Container.php(694): Illuminate\\Foundation\\Application->resolve('App\\\\Http\\\\Contro...', Array)
#4 /Users/yapi/Adi/appdev/simonas-app/vendor/laravel/framework/src/Illuminate/Foundation/Application.php(838): Illuminate\\Container\\Container->make('App\\\\Http\\\\Contro...', Array)
#5 /Users/yapi/Adi/appdev/simonas-app/vendor/laravel/framework/src/Illuminate/Routing/Route.php(276): Illuminate\\Foundation\\Application->make('App\\\\Http\\\\Contro...')
#6 /Users/yapi/Adi/appdev/simonas-app/vendor/laravel/framework/src/Illuminate/Routing/Route.php(1080): Illuminate\\Routing\\Route->getController()
#7 /Users/yapi/Adi/appdev/simonas-app/vendor/laravel/framework/src/Illuminate/Routing/Route.php(1023): Illuminate\\Routing\\Route->controllerMiddleware()
#8 /Users/yapi/Adi/appdev/simonas-app/vendor/laravel/framework/src/Illuminate/Routing/Router.php(734): Illuminate\\Routing\\Route->gatherMiddleware()
#9 /Users/yapi/Adi/appdev/simonas-app/vendor/laravel/framework/src/Illuminate/Foundation/Console/RouteListCommand.php(175): Illuminate\\Routing\\Router->gatherRouteMiddleware(Object(Illuminate\\Routing\\Route))
#10 /Users/yapi/Adi/appdev/simonas-app/vendor/laravel/framework/src/Illuminate/Foundation/Console/RouteListCommand.php(119): Illuminate\\Foundation\\Console\\RouteListCommand->getMiddleware(Object(Illuminate\\Routing\\Route))
#11 /Users/yapi/Adi/appdev/simonas-app/vendor/laravel/framework/src/Illuminate/Foundation/Console/RouteListCommand.php(91): Illuminate\\Foundation\\Console\\RouteListCommand->getRouteInformation(Object(Illuminate\\Routing\\Route))
#12 [internal function]: Illuminate\\Foundation\\Console\\RouteListCommand->Illuminate\\Foundation\\Console\\{closure}(Object(Illuminate\\Routing\\Route), 46)
#13 /Users/yapi/Adi/appdev/simonas-app/vendor/laravel/framework/src/Illuminate/Collections/Collection.php(695): array_map(Object(Closure), Array, Array)
#14 /Users/yapi/Adi/appdev/simonas-app/vendor/laravel/framework/src/Illuminate/Foundation/Console/RouteListCommand.php(90): Illuminate\\Support\\Collection->map(Object(Closure))
#15 /Users/yapi/Adi/appdev/simonas-app/vendor/laravel/framework/src/Illuminate/Foundation/Console/RouteListCommand.php(76): Illuminate\\Foundation\\Console\\RouteListCommand->getRoutes()
#16 /Users/yapi/Adi/appdev/simonas-app/vendor/laravel/framework/src/Illuminate/Container/BoundMethod.php(36): Illuminate\\Foundation\\Console\\RouteListCommand->handle()
#17 /Users/yapi/Adi/appdev/simonas-app/vendor/laravel/framework/src/Illuminate/Container/Util.php(40): Illuminate\\Container\\BoundMethod::Illuminate\\Container\\{closure}()
#18 /Users/yapi/Adi/appdev/simonas-app/vendor/laravel/framework/src/Illuminate/Container/BoundMethod.php(93): Illuminate\\Container\\Util::unwrapIfClosure(Object(Closure))
#19 /Users/yapi/Adi/appdev/simonas-app/vendor/laravel/framework/src/Illuminate/Container/BoundMethod.php(35): Illuminate\\Container\\BoundMethod::callBoundMethod(Object(Illuminate\\Foundation\\Application), Array, Object(Closure))
#20 /Users/yapi/Adi/appdev/simonas-app/vendor/laravel/framework/src/Illuminate/Container/Container.php(653): Illuminate\\Container\\BoundMethod::call(Object(Illuminate\\Foundation\\Application), Array, Array, NULL)
#21 /Users/yapi/Adi/appdev/simonas-app/vendor/laravel/framework/src/Illuminate/Console/Command.php(136): Illuminate\\Container\\Container->call(Array)
#22 /Users/yapi/Adi/appdev/simonas-app/vendor/symfony/console/Command/Command.php(298): Illuminate\\Console\\Command->execute(Object(Symfony\\Component\\Console\\Input\\ArgvInput), Object(Illuminate\\Console\\OutputStyle))
#23 /Users/yapi/Adi/appdev/simonas-app/vendor/laravel/framework/src/Illuminate/Console/Command.php(120): Symfony\\Component\\Console\\Command\\Command->run(Object(Symfony\\Component\\Console\\Input\\ArgvInput), Object(Illuminate\\Console\\OutputStyle))
#24 /Users/yapi/Adi/appdev/simonas-app/vendor/symfony/console/Application.php(1040): Illuminate\\Console\\Command->run(Object(Symfony\\Component\\Console\\Input\\ArgvInput), Object(Symfony\\Component\\Console\\Output\\ConsoleOutput))
#25 /Users/yapi/Adi/appdev/simonas-app/vendor/symfony/console/Application.php(301): Symfony\\Component\\Console\\Application->doRunCommand(Object(Illuminate\\Foundation\\Console\\RouteListCommand), Object(Symfony\\Component\\Console\\Input\\ArgvInput), Object(Symfony\\Component\\Console\\Output\\ConsoleOutput))
#26 /Users/yapi/Adi/appdev/simonas-app/vendor/symfony/console/Application.php(171): Symfony\\Component\\Console\\Application->doRun(Object(Symfony\\Component\\Console\\Input\\ArgvInput), Object(Symfony\\Component\\Console\\Output\\ConsoleOutput))
#27 /Users/yapi/Adi/appdev/simonas-app/vendor/laravel/framework/src/Illuminate/Console/Application.php(94): Symfony\\Component\\Console\\Application->run(Object(Symfony\\Component\\Console\\Input\\ArgvInput), Object(Symfony\\Component\\Console\\Output\\ConsoleOutput))
#28 /Users/yapi/Adi/appdev/simonas-app/vendor/laravel/framework/src/Illuminate/Foundation/Console/Kernel.php(129): Illuminate\\Console\\Application->run(Object(Symfony\\Component\\Console\\Input\\ArgvInput), Object(Symfony\\Component\\Console\\Output\\ConsoleOutput))
#29 /Users/yapi/Adi/appdev/simonas-app/artisan(35): Illuminate\\Foundation\\Console\\Kernel->handle(Object(Symfony\\Component\\Console\\Input\\ArgvInput), Object(Symfony\\Component\\Console\\Output\\ConsoleOutput))
#30 {main}
"} 
[2026-04-29 08:48:39] local.ERROR: Target class [App\Http\Controllers\Api\V2\MahasiswaController] does not exist. {"exception":"[object] (Illuminate\\Contracts\\Container\\BindingResolutionException(code: 0): Target class [App\\Http\\Controllers\\Api\\V2\\MahasiswaController] does not exist. at /Users/yapi/Adi/appdev/simonas-app/vendor/laravel/framework/src/Illuminate/Container/Container.php:879)
[stacktrace]
#0 /Users/yapi/Adi/appdev/simonas-app/vendor/laravel/framework/src/Illuminate/Container/Container.php(758): Illuminate\\Container\\Container->build('App\\\\Http\\\\Contro...')
#1 /Users/yapi/Adi/appdev/simonas-app/vendor/laravel/framework/src/Illuminate/Foundation/Application.php(853): Illuminate\\Container\\Container->resolve('App\\\\Http\\\\Contro...', Array, true)
#2 /Users/yapi/Adi/appdev/simonas-app/vendor/laravel/framework/src/Illuminate/Container/Container.php(694): Illuminate\\Foundation\\Application->resolve('App\\\\Http\\\\Contro...', Array)
#3 /Users/yapi/Adi/appdev/simonas-app/vendor/laravel/framework/src/Illuminate/Foundation/Application.php(838): Illuminate\\Container\\Container->make('App\\\\Http\\\\Contro...', Array)
#4 /Users/yapi/Adi/appdev/simonas-app/vendor/laravel/framework/src/Illuminate/Routing/Route.php(276): Illuminate\\Foundation\\Application->make('App\\\\Http\\\\Contro...')
#5 /Users/yapi/Adi/appdev/simonas-app/vendor/laravel/framework/src/Illuminate/Routing/Route.php(1080): Illuminate\\Routing\\Route->getController()
#6 /Users/yapi/Adi/appdev/simonas-app/vendor/laravel/framework/src/Illuminate/Routing/Route.php(1023): Illuminate\\Routing\\Route->controllerMiddleware()
#7 /Users/yapi/Adi/appdev/simonas-app/vendor/laravel/framework/src/Illuminate/Routing/Router.php(734): Illuminate\\Routing\\Route->gatherMiddleware()
#8 /Users/yapi/Adi/appdev/simonas-app/vendor/laravel/framework/src/Illuminate/Foundation/Console/RouteListCommand.php(175): Illuminate\\Routing\\Router->gatherRouteMiddleware(Object(Illuminate\\Routing\\Route))
#9 /Users/yapi/Adi/appdev/simonas-app/vendor/laravel/framework/src/Illuminate/Foundation/Console/RouteListCommand.php(119): Illuminate\\Foundation\\Console\\RouteListCommand->getMiddleware(Object(Illuminate\\Routing\\Route))
#10 /Users/yapi/Adi/appdev/simonas-app/vendor/laravel/framework/src/Illuminate/Foundation/Console/RouteListCommand.php(91): Illuminate\\Foundation\\Console\\RouteListCommand->getRouteInformation(Object(Illuminate\\Routing\\Route))
#11 [internal function]: Illuminate\\Foundation\\Console\\RouteListCommand->Illuminate\\Foundation\\Console\\{closure}(Object(Illuminate\\Routing\\Route), 46)
#12 /Users/yapi/Adi/appdev/simonas-app/vendor/laravel/framework/src/Illuminate/Collections/Collection.php(695): array_map(Object(Closure), Array, Array)
#13 /Users/yapi/Adi/appdev/simonas-app/vendor/laravel/framework/src/Illuminate/Foundation/Console/RouteListCommand.php(90): Illuminate\\Support\\Collection->map(Object(Closure))
#14 /Users/yapi/Adi/appdev/simonas-app/vendor/laravel/framework/src/Illuminate/Foundation/Console/RouteListCommand.php(76): Illuminate\\Foundation\\Console\\RouteListCommand->getRoutes()
#15 /Users/yapi/Adi/appdev/simonas-app/vendor/laravel/framework/src/Illuminate/Container/BoundMethod.php(36): Illuminate\\Foundation\\Console\\RouteListCommand->handle()
#16 /Users/yapi/Adi/appdev/simonas-app/vendor/laravel/framework/src/Illuminate/Container/Util.php(40): Illuminate\\Container\\BoundMethod::Illuminate\\Container\\{closure}()
#17 /Users/yapi/Adi/appdev/simonas-app/vendor/laravel/framework/src/Illuminate/Container/BoundMethod.php(93): Illuminate\\Container\\Util::unwrapIfClosure(Object(Closure))
#18 /Users/yapi/Adi/appdev/simonas-app/vendor/laravel/framework/src/Illuminate/Container/BoundMethod.php(35): Illuminate\\Container\\BoundMethod::callBoundMethod(Object(Illuminate\\Foundation\\Application), Array, Object(Closure))
#19 /Users/yapi/Adi/appdev/simonas-app/vendor/laravel/framework/src/Illuminate/Container/Container.php(653): Illuminate\\Container\\BoundMethod::call(Object(Illuminate\\Foundation\\Application), Array, Array, NULL)
#20 /Users/yapi/Adi/appdev/simonas-app/vendor/laravel/framework/src/Illuminate/Console/Command.php(136): Illuminate\\Container\\Container->call(Array)
#21 /Users/yapi/Adi/appdev/simonas-app/vendor/symfony/console/Command/Command.php(298): Illuminate\\Console\\Command->execute(Object(Symfony\\Component\\Console\\Input\\ArgvInput), Object(Illuminate\\Console\\OutputStyle))
#22 /Users/yapi/Adi/appdev/simonas-app/vendor/laravel/framework/src/Illuminate/Console/Command.php(120): Symfony\\Component\\Console\\Command\\Command->run(Object(Symfony\\Component\\Console\\Input\\ArgvInput), Object(Illuminate\\Console\\OutputStyle))
#23 /Users/yapi/Adi/appdev/simonas-app/vendor/symfony/console/Application.php(1040): Illuminate\\Console\\Command->run(Object(Symfony\\Component\\Console\\Input\\ArgvInput), Object(Symfony\\Component\\Console\\Output\\ConsoleOutput))
#24 /Users/yapi/Adi/appdev/simonas-app/vendor/symfony/console/Application.php(301): Symfony\\Component\\Console\\Application->doRunCommand(Object(Illuminate\\Foundation\\Console\\RouteListCommand), Object(Symfony\\Component\\Console\\Input\\ArgvInput), Object(Symfony\\Component\\Console\\Output\\ConsoleOutput))
#25 /Users/yapi/Adi/appdev/simonas-app/vendor/symfony/console/Application.php(171): Symfony\\Component\\Console\\Application->doRun(Object(Symfony\\Component\\Console\\Input\\ArgvInput), Object(Symfony\\Component\\Console\\Output\\ConsoleOutput))
#26 /Users/yapi/Adi/appdev/simonas-app/vendor/laravel/framework/src/Illuminate/Console/Application.php(94): Symfony\\Component\\Console\\Application->run(Object(Symfony\\Component\\Console\\Input\\ArgvInput), Object(Symfony\\Component\\Console\\Output\\ConsoleOutput))
#27 /Users/yapi/Adi/appdev/simonas-app/vendor/laravel/framework/src/Illuminate/Foundation/Console/Kernel.php(129): Illuminate\\Console\\Application->run(Object(Symfony\\Component\\Console\\Input\\ArgvInput), Object(Symfony\\Component\\Console\\Output\\ConsoleOutput))
#28 /Users/yapi/Adi/appdev/simonas-app/artisan(35): Illuminate\\Foundation\\Console\\Kernel->handle(Object(Symfony\\Component\\Console\\Input\\ArgvInput), Object(Symfony\\Component\\Console\\Output\\ConsoleOutput))
#29 {main}

[previous exception] [object] (ReflectionException(code: -1): Class \"App\\Http\\Controllers\\Api\\V2\\MahasiswaController\" does not exist at /Users/yapi/Adi/appdev/simonas-app/vendor/laravel/framework/src/Illuminate/Container/Container.php:877)
[stacktrace]
#0 /Users/yapi/Adi/appdev/simonas-app/vendor/laravel/framework/src/Illuminate/Container/Container.php(877): ReflectionClass->__construct('App\\\\Http\\\\Contro...')
#1 /Users/yapi/Adi/appdev/simonas-app/vendor/laravel/framework/src/Illuminate/Container/Container.php(758): Illuminate\\Container\\Container->build('App\\\\Http\\\\Contro...')
#2 /Users/yapi/Adi/appdev/simonas-app/vendor/laravel/framework/src/Illuminate/Foundation/Application.php(853): Illuminate\\Container\\Container->resolve('App\\\\Http\\\\Contro...', Array, true)
#3 /Users/yapi/Adi/appdev/simonas-app/vendor/laravel/framework/src/Illuminate/Container/Container.php(694): Illuminate\\Foundation\\Application->resolve('App\\\\Http\\\\Contro...', Array)
#4 /Users/yapi/Adi/appdev/simonas-app/vendor/laravel/framework/src/Illuminate/Foundation/Application.php(838): Illuminate\\Container\\Container->make('App\\\\Http\\\\Contro...', Array)
#5 /Users/yapi/Adi/appdev/simonas-app/vendor/laravel/framework/src/Illuminate/Routing/Route.php(276): Illuminate\\Foundation\\Application->make('App\\\\Http\\\\Contro...')
#6 /Users/yapi/Adi/appdev/simonas-app/vendor/laravel/framework/src/Illuminate/Routing/Route.php(1080): Illuminate\\Routing\\Route->getController()
#7 /Users/yapi/Adi/appdev/simonas-app/vendor/laravel/framework/src/Illuminate/Routing/Route.php(1023): Illuminate\\Routing\\Route->controllerMiddleware()
#8 /Users/yapi/Adi/appdev/simonas-app/vendor/laravel/framework/src/Illuminate/Routing/Router.php(734): Illuminate\\Routing\\Route->gatherMiddleware()
#9 /Users/yapi/Adi/appdev/simonas-app/vendor/laravel/framework/src/Illuminate/Foundation/Console/RouteListCommand.php(175): Illuminate\\Routing\\Router->gatherRouteMiddleware(Object(Illuminate\\Routing\\Route))
#10 /Users/yapi/Adi/appdev/simonas-app/vendor/laravel/framework/src/Illuminate/Foundation/Console/RouteListCommand.php(119): Illuminate\\Foundation\\Console\\RouteListCommand->getMiddleware(Object(Illuminate\\Routing\\Route))
#11 /Users/yapi/Adi/appdev/simonas-app/vendor/laravel/framework/src/Illuminate/Foundation/Console/RouteListCommand.php(91): Illuminate\\Foundation\\Console\\RouteListCommand->getRouteInformation(Object(Illuminate\\Routing\\Route))
#12 [internal function]: Illuminate\\Foundation\\Console\\RouteListCommand->Illuminate\\Foundation\\Console\\{closure}(Object(Illuminate\\Routing\\Route), 46)
#13 /Users/yapi/Adi/appdev/simonas-app/vendor/laravel/framework/src/Illuminate/Collections/Collection.php(695): array_map(Object(Closure), Array, Array)
#14 /Users/yapi/Adi/appdev/simonas-app/vendor/laravel/framework/src/Illuminate/Foundation/Console/RouteListCommand.php(90): Illuminate\\Support\\Collection->map(Object(Closure))
#15 /Users/yapi/Adi/appdev/simonas-app/vendor/laravel/framework/src/Illuminate/Foundation/Console/RouteListCommand.php(76): Illuminate\\Foundation\\Console\\RouteListCommand->getRoutes()
#16 /Users/yapi/Adi/appdev/simonas-app/vendor/laravel/framework/src/Illuminate/Container/BoundMethod.php(36): Illuminate\\Foundation\\Console\\RouteListCommand->handle()
#17 /Users/yapi/Adi/appdev/simonas-app/vendor/laravel/framework/src/Illuminate/Container/Util.php(40): Illuminate\\Container\\BoundMethod::Illuminate\\Container\\{closure}()
#18 /Users/yapi/Adi/appdev/simonas-app/vendor/laravel/framework/src/Illuminate/Container/BoundMethod.php(93): Illuminate\\Container\\Util::unwrapIfClosure(Object(Closure))
#19 /Users/yapi/Adi/appdev/simonas-app/vendor/laravel/framework/src/Illuminate/Container/BoundMethod.php(35): Illuminate\\Container\\BoundMethod::callBoundMethod(Object(Illuminate\\Foundation\\Application), Array, Object(Closure))
#20 /Users/yapi/Adi/appdev/simonas-app/vendor/laravel/framework/src/Illuminate/Container/Container.php(653): Illuminate\\Container\\BoundMethod::call(Object(Illuminate\\Foundation\\Application), Array, Array, NULL)
#21 /Users/yapi/Adi/appdev/simonas-app/vendor/laravel/framework/src/Illuminate/Console/Command.php(136): Illuminate\\Container\\Container->call(Array)
#22 /Users/yapi/Adi/appdev/simonas-app/vendor/symfony/console/Command/Command.php(298): Illuminate\\Console\\Command->execute(Object(Symfony\\Component\\Console\\Input\\ArgvInput), Object(Illuminate\\Console\\OutputStyle))
#23 /Users/yapi/Adi/appdev/simonas-app/vendor/laravel/framework/src/Illuminate/Console/Command.php(120): Symfony\\Component\\Console\\Command\\Command->run(Object(Symfony\\Component\\Console\\Input\\ArgvInput), Object(Illuminate\\Console\\OutputStyle))
#24 /Users/yapi/Adi/appdev/simonas-app/vendor/symfony/console/Application.php(1040): Illuminate\\Console\\Command->run(Object(Symfony\\Component\\Console\\Input\\ArgvInput), Object(Symfony\\Component\\Console\\Output\\ConsoleOutput))
#25 /Users/yapi/Adi/appdev/simonas-app/vendor/symfony/console/Application.php(301): Symfony\\Component\\Console\\Application->doRunCommand(Object(Illuminate\\Foundation\\Console\\RouteListCommand), Object(Symfony\\Component\\Console\\Input\\ArgvInput), Object(Symfony\\Component\\Console\\Output\\ConsoleOutput))
#26 /Users/yapi/Adi/appdev/simonas-app/vendor/symfony/console/Application.php(171): Symfony\\Component\\Console\\Application->doRun(Object(Symfony\\Component\\Console\\Input\\ArgvInput), Object(Symfony\\Component\\Console\\Output\\ConsoleOutput))
#27 /Users/yapi/Adi/appdev/simonas-app/vendor/laravel/framework/src/Illuminate/Console/Application.php(94): Symfony\\Component\\Console\\Application->run(Object(Symfony\\Component\\Console\\Input\\ArgvInput), Object(Symfony\\Component\\Console\\Output\\ConsoleOutput))
#28 /Users/yapi/Adi/appdev/simonas-app/vendor/laravel/framework/src/Illuminate/Foundation/Console/Kernel.php(129): Illuminate\\Console\\Application->run(Object(Symfony\\Component\\Console\\Input\\ArgvInput), Object(Symfony\\Component\\Console\\Output\\ConsoleOutput))
#29 /Users/yapi/Adi/appdev/simonas-app/artisan(35): Illuminate\\Foundation\\Console\\Kernel->handle(Object(Symfony\\Component\\Console\\Input\\ArgvInput), Object(Symfony\\Component\\Console\\Output\\ConsoleOutput))
#30 {main}
"} 
[2026-04-29 08:49:01] local.ERROR: Target class [App\Http\Controllers\AttendanceController] does not exist. {"exception":"[object] (Illuminate\\Contracts\\Container\\BindingResolutionException(code: 0): Target class [App\\Http\\Controllers\\AttendanceController] does not exist. at /Users/yapi/Adi/appdev/simonas-app/vendor/laravel/framework/src/Illuminate/Container/Container.php:879)
[stacktrace]
#0 /Users/yapi/Adi/appdev/simonas-app/vendor/laravel/framework/src/Illuminate/Container/Container.php(758): Illuminate\\Container\\Container->build('App\\\\Http\\\\Contro...')
#1 /Users/yapi/Adi/appdev/simonas-app/vendor/laravel/framework/src/Illuminate/Foundation/Application.php(853): Illuminate\\Container\\Container->resolve('App\\\\Http\\\\Contro...', Array, true)
#2 /Users/yapi/Adi/appdev/simonas-app/vendor/laravel/framework/src/Illuminate/Container/Container.php(694): Illuminate\\Foundation\\Application->resolve('App\\\\Http\\\\Contro...', Array)
#3 /Users/yapi/Adi/appdev/simonas-app/vendor/laravel/framework/src/Illuminate/Foundation/Application.php(838): Illuminate\\Container\\Container->make('App\\\\Http\\\\Contro...', Array)
#4 /Users/yapi/Adi/appdev/simonas-app/vendor/laravel/framework/src/Illuminate/Routing/Route.php(276): Illuminate\\Foundation\\Application->make('App\\\\Http\\\\Contro...')
#5 /Users/yapi/Adi/appdev/simonas-app/vendor/laravel/framework/src/Illuminate/Routing/Route.php(1080): Illuminate\\Routing\\Route->getController()
#6 /Users/yapi/Adi/appdev/simonas-app/vendor/laravel/framework/src/Illuminate/Routing/Route.php(1023): Illuminate\\Routing\\Route->controllerMiddleware()
#7 /Users/yapi/Adi/appdev/simonas-app/vendor/laravel/framework/src/Illuminate/Routing/Router.php(734): Illuminate\\Routing\\Route->gatherMiddleware()
#8 /Users/yapi/Adi/appdev/simonas-app/vendor/laravel/framework/src/Illuminate/Foundation/Console/RouteListCommand.php(175): Illuminate\\Routing\\Router->gatherRouteMiddleware(Object(Illuminate\\Routing\\Route))
#9 /Users/yapi/Adi/appdev/simonas-app/vendor/laravel/framework/src/Illuminate/Foundation/Console/RouteListCommand.php(119): Illuminate\\Foundation\\Console\\RouteListCommand->getMiddleware(Object(Illuminate\\Routing\\Route))
#10 /Users/yapi/Adi/appdev/simonas-app/vendor/laravel/framework/src/Illuminate/Foundation/Console/RouteListCommand.php(91): Illuminate\\Foundation\\Console\\RouteListCommand->getRouteInformation(Object(Illuminate\\Routing\\Route))
#11 [internal function]: Illuminate\\Foundation\\Console\\RouteListCommand->Illuminate\\Foundation\\Console\\{closure}(Object(Illuminate\\Routing\\Route), 122)
#12 /Users/yapi/Adi/appdev/simonas-app/vendor/laravel/framework/src/Illuminate/Collections/Collection.php(695): array_map(Object(Closure), Array, Array)
#13 /Users/yapi/Adi/appdev/simonas-app/vendor/laravel/framework/src/Illuminate/Foundation/Console/RouteListCommand.php(90): Illuminate\\Support\\Collection->map(Object(Closure))
#14 /Users/yapi/Adi/appdev/simonas-app/vendor/laravel/framework/src/Illuminate/Foundation/Console/RouteListCommand.php(76): Illuminate\\Foundation\\Console\\RouteListCommand->getRoutes()
#15 /Users/yapi/Adi/appdev/simonas-app/vendor/laravel/framework/src/Illuminate/Container/BoundMethod.php(36): Illuminate\\Foundation\\Console\\RouteListCommand->handle()
#16 /Users/yapi/Adi/appdev/simonas-app/vendor/laravel/framework/src/Illuminate/Container/Util.php(40): Illuminate\\Container\\BoundMethod::Illuminate\\Container\\{closure}()
#17 /Users/yapi/Adi/appdev/simonas-app/vendor/laravel/framework/src/Illuminate/Container/BoundMethod.php(93): Illuminate\\Container\\Util::unwrapIfClosure(Object(Closure))
#18 /Users/yapi/Adi/appdev/simonas-app/vendor/laravel/framework/src/Illuminate/Container/BoundMethod.php(35): Illuminate\\Container\\BoundMethod::callBoundMethod(Object(Illuminate\\Foundation\\Application), Array, Object(Closure))
#19 /Users/yapi/Adi/appdev/simonas-app/vendor/laravel/framework/src/Illuminate/Container/Container.php(653): Illuminate\\Container\\BoundMethod::call(Object(Illuminate\\Foundation\\Application), Array, Array, NULL)
#20 /Users/yapi/Adi/appdev/simonas-app/vendor/laravel/framework/src/Illuminate/Console/Command.php(136): Illuminate\\Container\\Container->call(Array)
#21 /Users/yapi/Adi/appdev/simonas-app/vendor/symfony/console/Command/Command.php(298): Illuminate\\Console\\Command->execute(Object(Symfony\\Component\\Console\\Input\\ArgvInput), Object(Illuminate\\Console\\OutputStyle))
#22 /Users/yapi/Adi/appdev/simonas-app/vendor/laravel/framework/src/Illuminate/Console/Command.php(120): Symfony\\Component\\Console\\Command\\Command->run(Object(Symfony\\Component\\Console\\Input\\ArgvInput), Object(Illuminate\\Console\\OutputStyle))
#23 /Users/yapi/Adi/appdev/simonas-app/vendor/symfony/console/Application.php(1040): Illuminate\\Console\\Command->run(Object(Symfony\\Component\\Console\\Input\\ArgvInput), Object(Symfony\\Component\\Console\\Output\\ConsoleOutput))
#24 /Users/yapi/Adi/appdev/simonas-app/vendor/symfony/console/Application.php(301): Symfony\\Component\\Console\\Application->doRunCommand(Object(Illuminate\\Foundation\\Console\\RouteListCommand), Object(Symfony\\Component\\Console\\Input\\ArgvInput), Object(Symfony\\Component\\Console\\Output\\ConsoleOutput))
#25 /Users/yapi/Adi/appdev/simonas-app/vendor/symfony/console/Application.php(171): Symfony\\Component\\Console\\Application->doRun(Object(Symfony\\Component\\Console\\Input\\ArgvInput), Object(Symfony\\Component\\Console\\Output\\ConsoleOutput))
#26 /Users/yapi/Adi/appdev/simonas-app/vendor/laravel/framework/src/Illuminate/Console/Application.php(94): Symfony\\Component\\Console\\Application->run(Object(Symfony\\Component\\Console\\Input\\ArgvInput), Object(Symfony\\Component\\Console\\Output\\ConsoleOutput))
#27 /Users/yapi/Adi/appdev/simonas-app/vendor/laravel/framework/src/Illuminate/Foundation/Console/Kernel.php(129): Illuminate\\Console\\Application->run(Object(Symfony\\Component\\Console\\Input\\ArgvInput), Object(Symfony\\Component\\Console\\Output\\ConsoleOutput))
#28 /Users/yapi/Adi/appdev/simonas-app/artisan(35): Illuminate\\Foundation\\Console\\Kernel->handle(Object(Symfony\\Component\\Console\\Input\\ArgvInput), Object(Symfony\\Component\\Console\\Output\\ConsoleOutput))
#29 {main}

[previous exception] [object] (ReflectionException(code: -1): Class \"App\\Http\\Controllers\\AttendanceController\" does not exist at /Users/yapi/Adi/appdev/simonas-app/vendor/laravel/framework/src/Illuminate/Container/Container.php:877)
[stacktrace]
#0 /Users/yapi/Adi/appdev/simonas-app/vendor/laravel/framework/src/Illuminate/Container/Container.php(877): ReflectionClass->__construct('App\\\\Http\\\\Contro...')
#1 /Users/yapi/Adi/appdev/simonas-app/vendor/laravel/framework/src/Illuminate/Container/Container.php(758): Illuminate\\Container\\Container->build('App\\\\Http\\\\Contro...')
#2 /Users/yapi/Adi/appdev/simonas-app/vendor/laravel/framework/src/Illuminate/Foundation/Application.php(853): Illuminate\\Container\\Container->resolve('App\\\\Http\\\\Contro...', Array, true)
#3 /Users/yapi/Adi/appdev/simonas-app/vendor/laravel/framework/src/Illuminate/Container/Container.php(694): Illuminate\\Foundation\\Application->resolve('App\\\\Http\\\\Contro...', Array)
#4 /Users/yapi/Adi/appdev/simonas-app/vendor/laravel/framework/src/Illuminate/Foundation/Application.php(838): Illuminate\\Container\\Container->make('App\\\\Http\\\\Contro...', Array)
#5 /Users/yapi/Adi/appdev/simonas-app/vendor/laravel/framework/src/Illuminate/Routing/Route.php(276): Illuminate\\Foundation\\Application->make('App\\\\Http\\\\Contro...')
#6 /Users/yapi/Adi/appdev/simonas-app/vendor/laravel/framework/src/Illuminate/Routing/Route.php(1080): Illuminate\\Routing\\Route->getController()
#7 /Users/yapi/Adi/appdev/simonas-app/vendor/laravel/framework/src/Illuminate/Routing/Route.php(1023): Illuminate\\Routing\\Route->controllerMiddleware()
#8 /Users/yapi/Adi/appdev/simonas-app/vendor/laravel/framework/src/Illuminate/Routing/Router.php(734): Illuminate\\Routing\\Route->gatherMiddleware()
#9 /Users/yapi/Adi/appdev/simonas-app/vendor/laravel/framework/src/Illuminate/Foundation/Console/RouteListCommand.php(175): Illuminate\\Routing\\Router->gatherRouteMiddleware(Object(Illuminate\\Routing\\Route))
#10 /Users/yapi/Adi/appdev/simonas-app/vendor/laravel/framework/src/Illuminate/Foundation/Console/RouteListCommand.php(119): Illuminate\\Foundation\\Console\\RouteListCommand->getMiddleware(Object(Illuminate\\Routing\\Route))
#11 /Users/yapi/Adi/appdev/simonas-app/vendor/laravel/framework/src/Illuminate/Foundation/Console/RouteListCommand.php(91): Illuminate\\Foundation\\Console\\RouteListCommand->getRouteInformation(Object(Illuminate\\Routing\\Route))
#12 [internal function]: Illuminate\\Foundation\\Console\\RouteListCommand->Illuminate\\Foundation\\Console\\{closure}(Object(Illuminate\\Routing\\Route), 122)
#13 /Users/yapi/Adi/appdev/simonas-app/vendor/laravel/framework/src/Illuminate/Collections/Collection.php(695): array_map(Object(Closure), Array, Array)
#14 /Users/yapi/Adi/appdev/simonas-app/vendor/laravel/framework/src/Illuminate/Foundation/Console/RouteListCommand.php(90): Illuminate\\Support\\Collection->map(Object(Closure))
#15 /Users/yapi/Adi/appdev/simonas-app/vendor/laravel/framework/src/Illuminate/Foundation/Console/RouteListCommand.php(76): Illuminate\\Foundation\\Console\\RouteListCommand->getRoutes()
#16 /Users/yapi/Adi/appdev/simonas-app/vendor/laravel/framework/src/Illuminate/Container/BoundMethod.php(36): Illuminate\\Foundation\\Console\\RouteListCommand->handle()
#17 /Users/yapi/Adi/appdev/simonas-app/vendor/laravel/framework/src/Illuminate/Container/Util.php(40): Illuminate\\Container\\BoundMethod::Illuminate\\Container\\{closure}()
#18 /Users/yapi/Adi/appdev/simonas-app/vendor/laravel/framework/src/Illuminate/Container/BoundMethod.php(93): Illuminate\\Container\\Util::unwrapIfClosure(Object(Closure))
#19 /Users/yapi/Adi/appdev/simonas-app/vendor/laravel/framework/src/Illuminate/Container/BoundMethod.php(35): Illuminate\\Container\\BoundMethod::callBoundMethod(Object(Illuminate\\Foundation\\Application), Array, Object(Closure))
#20 /Users/yapi/Adi/appdev/simonas-app/vendor/laravel/framework/src/Illuminate/Container/Container.php(653): Illuminate\\Container\\BoundMethod::call(Object(Illuminate\\Foundation\\Application), Array, Array, NULL)
#21 /Users/yapi/Adi/appdev/simonas-app/vendor/laravel/framework/src/Illuminate/Console/Command.php(136): Illuminate\\Container\\Container->call(Array)
#22 /Users/yapi/Adi/appdev/simonas-app/vendor/symfony/console/Command/Command.php(298): Illuminate\\Console\\Command->execute(Object(Symfony\\Component\\Console\\Input\\ArgvInput), Object(Illuminate\\Console\\OutputStyle))
#23 /Users/yapi/Adi/appdev/simonas-app/vendor/laravel/framework/src/Illuminate/Console/Command.php(120): Symfony\\Component\\Console\\Command\\Command->run(Object(Symfony\\Component\\Console\\Input\\ArgvInput), Object(Illuminate\\Console\\OutputStyle))
#24 /Users/yapi/Adi/appdev/simonas-app/vendor/symfony/console/Application.php(1040): Illuminate\\Console\\Command->run(Object(Symfony\\Component\\Console\\Input\\ArgvInput), Object(Symfony\\Component\\Console\\Output\\ConsoleOutput))
#25 /Users/yapi/Adi/appdev/simonas-app/vendor/symfony/console/Application.php(301): Symfony\\Component\\Console\\Application->doRunCommand(Object(Illuminate\\Foundation\\Console\\RouteListCommand), Object(Symfony\\Component\\Console\\Input\\ArgvInput), Object(Symfony\\Component\\Console\\Output\\ConsoleOutput))
#26 /Users/yapi/Adi/appdev/simonas-app/vendor/symfony/console/Application.php(171): Symfony\\Component\\Console\\Application->doRun(Object(Symfony\\Component\\Console\\Input\\ArgvInput), Object(Symfony\\Component\\Console\\Output\\ConsoleOutput))
#27 /Users/yapi/Adi/appdev/simonas-app/vendor/laravel/framework/src/Illuminate/Console/Application.php(94): Symfony\\Component\\Console\\Application->run(Object(Symfony\\Component\\Console\\Input\\ArgvInput), Object(Symfony\\Component\\Console\\Output\\ConsoleOutput))
#28 /Users/yapi/Adi/appdev/simonas-app/vendor/laravel/framework/src/Illuminate/Foundation/Console/Kernel.php(129): Illuminate\\Console\\Application->run(Object(Symfony\\Component\\Console\\Input\\ArgvInput), Object(Symfony\\Component\\Console\\Output\\ConsoleOutput))
#29 /Users/yapi/Adi/appdev/simonas-app/artisan(35): Illuminate\\Foundation\\Console\\Kernel->handle(Object(Symfony\\Component\\Console\\Input\\ArgvInput), Object(Symfony\\Component\\Console\\Output\\ConsoleOutput))
#30 {main}
"} 
[2026-04-29 08:51:37] local.ERROR: Unable to locate a class or view for component [modal-action]. {"exception":"[object] (InvalidArgumentException(code: 0): Unable to locate a class or view for component [modal-action]. at /Users/yapi/Adi/appdev/simonas-app/vendor/laravel/framework/src/Illuminate/View/Compilers/ComponentTagCompiler.php:311)
[stacktrace]
#0 /Users/yapi/Adi/appdev/simonas-app/vendor/laravel/framework/src/Illuminate/View/Compilers/ComponentTagCompiler.php(235): Illuminate\\View\\Compilers\\ComponentTagCompiler->componentClass('modal-action')
#1 /Users/yapi/Adi/appdev/simonas-app/vendor/laravel/framework/src/Illuminate/View/Compilers/ComponentTagCompiler.php(156): Illuminate\\View\\Compilers\\ComponentTagCompiler->componentString('modal-action', Array)
#2 [internal function]: Illuminate\\View\\Compilers\\ComponentTagCompiler->Illuminate\\View\\Compilers\\{closure}(Array)
#3 /Users/yapi/Adi/appdev/simonas-app/vendor/laravel/framework/src/Illuminate/View/Compilers/ComponentTagCompiler.php(151): preg_replace_callback('/\\n            <...', Object(Closure), '<x-modal-action...')
#4 /Users/yapi/Adi/appdev/simonas-app/vendor/laravel/framework/src/Illuminate/View/Compilers/ComponentTagCompiler.php(90): Illuminate\\View\\Compilers\\ComponentTagCompiler->compileOpeningTags('<x-modal-action...')
#5 /Users/yapi/Adi/appdev/simonas-app/vendor/laravel/framework/src/Illuminate/View/Compilers/ComponentTagCompiler.php(76): Illuminate\\View\\Compilers\\ComponentTagCompiler->compileTags('<x-modal-action...')
#6 /Users/yapi/Adi/appdev/simonas-app/vendor/laravel/framework/src/Illuminate/View/Compilers/BladeCompiler.php(423): Illuminate\\View\\Compilers\\ComponentTagCompiler->compile('<x-modal-action...')
#7 /Users/yapi/Adi/appdev/simonas-app/vendor/laravel/framework/src/Illuminate/View/Compilers/BladeCompiler.php(255): Illuminate\\View\\Compilers\\BladeCompiler->compileComponentTags('<x-modal-action...')
#8 /Users/yapi/Adi/appdev/simonas-app/vendor/laravel/framework/src/Illuminate/View/Compilers/BladeCompiler.php(175): Illuminate\\View\\Compilers\\BladeCompiler->compileString('<x-modal-action...')
#9 /Users/yapi/Adi/appdev/simonas-app/vendor/laravel/framework/src/Illuminate/Foundation/Console/ViewCacheCommand.php(75): Illuminate\\View\\Compilers\\BladeCompiler->compile('/Users/yapi/Adi...')
#10 [internal function]: Illuminate\\Foundation\\Console\\ViewCacheCommand->Illuminate\\Foundation\\Console\\{closure}(Object(Symfony\\Component\\Finder\\SplFileInfo), '/Users/yapi/Adi...')
#11 /Users/yapi/Adi/appdev/simonas-app/vendor/laravel/framework/src/Illuminate/Collections/Arr.php(560): array_map(Object(Closure), Array, Array)
#12 /Users/yapi/Adi/appdev/simonas-app/vendor/laravel/framework/src/Illuminate/Collections/Collection.php(768): Illuminate\\Support\\Arr::map(Array, Object(Closure))
#13 /Users/yapi/Adi/appdev/simonas-app/vendor/laravel/framework/src/Illuminate/Foundation/Console/ViewCacheCommand.php(72): Illuminate\\Support\\Collection->map(Object(Closure))
#14 /Users/yapi/Adi/appdev/simonas-app/vendor/laravel/framework/src/Illuminate/Foundation/Console/ViewCacheCommand.php(54): Illuminate\\Foundation\\Console\\ViewCacheCommand->compileViews(Object(Illuminate\\Support\\Collection))
#15 /Users/yapi/Adi/appdev/simonas-app/vendor/laravel/framework/src/Illuminate/Collections/Traits/EnumeratesValues.php(235): Illuminate\\Foundation\\Console\\ViewCacheCommand->Illuminate\\Foundation\\Console\\{closure}('/Users/yapi/Adi...', 0)
#16 /Users/yapi/Adi/appdev/simonas-app/vendor/laravel/framework/src/Illuminate/Foundation/Console/ViewCacheCommand.php(49): Illuminate\\Support\\Collection->each(Object(Closure))
#17 /Users/yapi/Adi/appdev/simonas-app/vendor/laravel/framework/src/Illuminate/Container/BoundMethod.php(36): Illuminate\\Foundation\\Console\\ViewCacheCommand->handle()
#18 /Users/yapi/Adi/appdev/simonas-app/vendor/laravel/framework/src/Illuminate/Container/Util.php(41): Illuminate\\Container\\BoundMethod::Illuminate\\Container\\{closure}()
#19 /Users/yapi/Adi/appdev/simonas-app/vendor/laravel/framework/src/Illuminate/Container/BoundMethod.php(93): Illuminate\\Container\\Util::unwrapIfClosure(Object(Closure))
#20 /Users/yapi/Adi/appdev/simonas-app/vendor/laravel/framework/src/Illuminate/Container/BoundMethod.php(35): Illuminate\\Container\\BoundMethod::callBoundMethod(Object(Illuminate\\Foundation\\Application), Array, Object(Closure))
#21 /Users/yapi/Adi/appdev/simonas-app/vendor/laravel/framework/src/Illuminate/Container/Container.php(661): Illuminate\\Container\\BoundMethod::call(Object(Illuminate\\Foundation\\Application), Array, Array, NULL)
#22 /Users/yapi/Adi/appdev/simonas-app/vendor/laravel/framework/src/Illuminate/Console/Command.php(183): Illuminate\\Container\\Container->call(Array)
#23 /Users/yapi/Adi/appdev/simonas-app/vendor/symfony/console/Command/Command.php(326): Illuminate\\Console\\Command->execute(Object(Symfony\\Component\\Console\\Input\\ArgvInput), Object(Illuminate\\Console\\OutputStyle))
#24 /Users/yapi/Adi/appdev/simonas-app/vendor/laravel/framework/src/Illuminate/Console/Command.php(152): Symfony\\Component\\Console\\Command\\Command->run(Object(Symfony\\Component\\Console\\Input\\ArgvInput), Object(Illuminate\\Console\\OutputStyle))
#25 /Users/yapi/Adi/appdev/simonas-app/vendor/symfony/console/Application.php(1098): Illuminate\\Console\\Command->run(Object(Symfony\\Component\\Console\\Input\\ArgvInput), Object(Symfony\\Component\\Console\\Output\\ConsoleOutput))
#26 /Users/yapi/Adi/appdev/simonas-app/vendor/symfony/console/Application.php(324): Symfony\\Component\\Console\\Application->doRunCommand(Object(Illuminate\\Foundation\\Console\\ViewCacheCommand), Object(Symfony\\Component\\Console\\Input\\ArgvInput), Object(Symfony\\Component\\Console\\Output\\ConsoleOutput))
#27 /Users/yapi/Adi/appdev/simonas-app/vendor/symfony/console/Application.php(175): Symfony\\Component\\Console\\Application->doRun(Object(Symfony\\Component\\Console\\Input\\ArgvInput), Object(Symfony\\Component\\Console\\Output\\ConsoleOutput))
#28 /Users/yapi/Adi/appdev/simonas-app/vendor/laravel/framework/src/Illuminate/Console/Application.php(102): Symfony\\Component\\Console\\Application->run(Object(Symfony\\Component\\Console\\Input\\ArgvInput), Object(Symfony\\Component\\Console\\Output\\ConsoleOutput))
#29 /Users/yapi/Adi/appdev/simonas-app/vendor/laravel/framework/src/Illuminate/Foundation/Console/Kernel.php(155): Illuminate\\Console\\Application->run(Object(Symfony\\Component\\Console\\Input\\ArgvInput), Object(Symfony\\Component\\Console\\Output\\ConsoleOutput))
#30 /Users/yapi/Adi/appdev/simonas-app/artisan(35): Illuminate\\Foundation\\Console\\Kernel->handle(Object(Symfony\\Component\\Console\\Input\\ArgvInput), Object(Symfony\\Component\\Console\\Output\\ConsoleOutput))
#31 {main}
"} 
[2026-04-29 08:51:45] local.ERROR: Unable to locate a class or view for component [modal-action]. {"exception":"[object] (InvalidArgumentException(code: 0): Unable to locate a class or view for component [modal-action]. at /Users/yapi/Adi/appdev/simonas-app/vendor/laravel/framework/src/Illuminate/View/Compilers/ComponentTagCompiler.php:311)
[stacktrace]
#0 /Users/yapi/Adi/appdev/simonas-app/vendor/laravel/framework/src/Illuminate/View/Compilers/ComponentTagCompiler.php(235): Illuminate\\View\\Compilers\\ComponentTagCompiler->componentClass('modal-action')
#1 /Users/yapi/Adi/appdev/simonas-app/vendor/laravel/framework/src/Illuminate/View/Compilers/ComponentTagCompiler.php(156): Illuminate\\View\\Compilers\\ComponentTagCompiler->componentString('modal-action', Array)
#2 [internal function]: Illuminate\\View\\Compilers\\ComponentTagCompiler->Illuminate\\View\\Compilers\\{closure}(Array)
#3 /Users/yapi/Adi/appdev/simonas-app/vendor/laravel/framework/src/Illuminate/View/Compilers/ComponentTagCompiler.php(151): preg_replace_callback('/\\n            <...', Object(Closure), '<x-modal-action...')
#4 /Users/yapi/Adi/appdev/simonas-app/vendor/laravel/framework/src/Illuminate/View/Compilers/ComponentTagCompiler.php(90): Illuminate\\View\\Compilers\\ComponentTagCompiler->compileOpeningTags('<x-modal-action...')
#5 /Users/yapi/Adi/appdev/simonas-app/vendor/laravel/framework/src/Illuminate/View/Compilers/ComponentTagCompiler.php(76): Illuminate\\View\\Compilers\\ComponentTagCompiler->compileTags('<x-modal-action...')
#6 /Users/yapi/Adi/appdev/simonas-app/vendor/laravel/framework/src/Illuminate/View/Compilers/BladeCompiler.php(423): Illuminate\\View\\Compilers\\ComponentTagCompiler->compile('<x-modal-action...')
#7 /Users/yapi/Adi/appdev/simonas-app/vendor/laravel/framework/src/Illuminate/View/Compilers/BladeCompiler.php(255): Illuminate\\View\\Compilers\\BladeCompiler->compileComponentTags('<x-modal-action...')
#8 /Users/yapi/Adi/appdev/simonas-app/vendor/laravel/framework/src/Illuminate/View/Compilers/BladeCompiler.php(175): Illuminate\\View\\Compilers\\BladeCompiler->compileString('<x-modal-action...')
#9 /Users/yapi/Adi/appdev/simonas-app/vendor/laravel/framework/src/Illuminate/Foundation/Console/ViewCacheCommand.php(75): Illuminate\\View\\Compilers\\BladeCompiler->compile('/Users/yapi/Adi...')
#10 [internal function]: Illuminate\\Foundation\\Console\\ViewCacheCommand->Illuminate\\Foundation\\Console\\{closure}(Object(Symfony\\Component\\Finder\\SplFileInfo), '/Users/yapi/Adi...')
#11 /Users/yapi/Adi/appdev/simonas-app/vendor/laravel/framework/src/Illuminate/Collections/Arr.php(560): array_map(Object(Closure), Array, Array)
#12 /Users/yapi/Adi/appdev/simonas-app/vendor/laravel/framework/src/Illuminate/Collections/Collection.php(768): Illuminate\\Support\\Arr::map(Array, Object(Closure))
#13 /Users/yapi/Adi/appdev/simonas-app/vendor/laravel/framework/src/Illuminate/Foundation/Console/ViewCacheCommand.php(72): Illuminate\\Support\\Collection->map(Object(Closure))
#14 /Users/yapi/Adi/appdev/simonas-app/vendor/laravel/framework/src/Illuminate/Foundation/Console/ViewCacheCommand.php(54): Illuminate\\Foundation\\Console\\ViewCacheCommand->compileViews(Object(Illuminate\\Support\\Collection))
#15 /Users/yapi/Adi/appdev/simonas-app/vendor/laravel/framework/src/Illuminate/Collections/Traits/EnumeratesValues.php(235): Illuminate\\Foundation\\Console\\ViewCacheCommand->Illuminate\\Foundation\\Console\\{closure}('/Users/yapi/Adi...', 0)
#16 /Users/yapi/Adi/appdev/simonas-app/vendor/laravel/framework/src/Illuminate/Foundation/Console/ViewCacheCommand.php(49): Illuminate\\Support\\Collection->each(Object(Closure))
#17 /Users/yapi/Adi/appdev/simonas-app/vendor/laravel/framework/src/Illuminate/Container/BoundMethod.php(36): Illuminate\\Foundation\\Console\\ViewCacheCommand->handle()
#18 /Users/yapi/Adi/appdev/simonas-app/vendor/laravel/framework/src/Illuminate/Container/Util.php(41): Illuminate\\Container\\BoundMethod::Illuminate\\Container\\{closure}()
#19 /Users/yapi/Adi/appdev/simonas-app/vendor/laravel/framework/src/Illuminate/Container/BoundMethod.php(93): Illuminate\\Container\\Util::unwrapIfClosure(Object(Closure))
#20 /Users/yapi/Adi/appdev/simonas-app/vendor/laravel/framework/src/Illuminate/Container/BoundMethod.php(35): Illuminate\\Container\\BoundMethod::callBoundMethod(Object(Illuminate\\Foundation\\Application), Array, Object(Closure))
#21 /Users/yapi/Adi/appdev/simonas-app/vendor/laravel/framework/src/Illuminate/Container/Container.php(661): Illuminate\\Container\\BoundMethod::call(Object(Illuminate\\Foundation\\Application), Array, Array, NULL)
#22 /Users/yapi/Adi/appdev/simonas-app/vendor/laravel/framework/src/Illuminate/Console/Command.php(183): Illuminate\\Container\\Container->call(Array)
#23 /Users/yapi/Adi/appdev/simonas-app/vendor/symfony/console/Command/Command.php(326): Illuminate\\Console\\Command->execute(Object(Symfony\\Component\\Console\\Input\\ArgvInput), Object(Illuminate\\Console\\OutputStyle))
#24 /Users/yapi/Adi/appdev/simonas-app/vendor/laravel/framework/src/Illuminate/Console/Command.php(152): Symfony\\Component\\Console\\Command\\Command->run(Object(Symfony\\Component\\Console\\Input\\ArgvInput), Object(Illuminate\\Console\\OutputStyle))
#25 /Users/yapi/Adi/appdev/simonas-app/vendor/symfony/console/Application.php(1098): Illuminate\\Console\\Command->run(Object(Symfony\\Component\\Console\\Input\\ArgvInput), Object(Symfony\\Component\\Console\\Output\\ConsoleOutput))
#26 /Users/yapi/Adi/appdev/simonas-app/vendor/symfony/console/Application.php(324): Symfony\\Component\\Console\\Application->doRunCommand(Object(Illuminate\\Foundation\\Console\\ViewCacheCommand), Object(Symfony\\Component\\Console\\Input\\ArgvInput), Object(Symfony\\Component\\Console\\Output\\ConsoleOutput))
#27 /Users/yapi/Adi/appdev/simonas-app/vendor/symfony/console/Application.php(175): Symfony\\Component\\Console\\Application->doRun(Object(Symfony\\Component\\Console\\Input\\ArgvInput), Object(Symfony\\Component\\Console\\Output\\ConsoleOutput))
#28 /Users/yapi/Adi/appdev/simonas-app/vendor/laravel/framework/src/Illuminate/Console/Application.php(102): Symfony\\Component\\Console\\Application->run(Object(Symfony\\Component\\Console\\Input\\ArgvInput), Object(Symfony\\Component\\Console\\Output\\ConsoleOutput))
#29 /Users/yapi/Adi/appdev/simonas-app/vendor/laravel/framework/src/Illuminate/Foundation/Console/Kernel.php(155): Illuminate\\Console\\Application->run(Object(Symfony\\Component\\Console\\Input\\ArgvInput), Object(Symfony\\Component\\Console\\Output\\ConsoleOutput))
#30 /Users/yapi/Adi/appdev/simonas-app/artisan(35): Illuminate\\Foundation\\Console\\Kernel->handle(Object(Symfony\\Component\\Console\\Input\\ArgvInput), Object(Symfony\\Component\\Console\\Output\\ConsoleOutput))
#31 {main}
"} 
[2026-04-29 08:53:13] testing.ERROR: Class "Fideloper\Proxy\TrustProxies" not found {"exception":"[object] (Error(code: 0): Class \"Fideloper\\Proxy\\TrustProxies\" not found at /Users/yapi/Adi/appdev/simonas-app/app/Http/Middleware/TrustProxies.php:8)
[stacktrace]
#0 /Users/yapi/Adi/appdev/simonas-app/vendor/composer/ClassLoader.php(576): include()
#1 /Users/yapi/Adi/appdev/simonas-app/vendor/composer/ClassLoader.php(427): Composer\\Autoload\\{closure}('/Users/yapi/Adi...')
#2 [internal function]: Composer\\Autoload\\ClassLoader->loadClass('App\\\\Http\\\\Middle...')
#3 /Users/yapi/Adi/appdev/simonas-app/vendor/laravel/framework/src/Illuminate/Container/Container.php(912): ReflectionClass->__construct('App\\\\Http\\\\Middle...')
#4 /Users/yapi/Adi/appdev/simonas-app/vendor/laravel/framework/src/Illuminate/Container/Container.php(795): Illuminate\\Container\\Container->build('App\\\\Http\\\\Middle...')
#5 /Users/yapi/Adi/appdev/simonas-app/vendor/laravel/framework/src/Illuminate/Foundation/Application.php(986): Illuminate\\Container\\Container->resolve('App\\\\Http\\\\Middle...', Array, true)
#6 /Users/yapi/Adi/appdev/simonas-app/vendor/laravel/framework/src/Illuminate/Container/Container.php(731): Illuminate\\Foundation\\Application->resolve('App\\\\Http\\\\Middle...', Array)
#7 /Users/yapi/Adi/appdev/simonas-app/vendor/laravel/framework/src/Illuminate/Foundation/Application.php(971): Illuminate\\Container\\Container->make('App\\\\Http\\\\Middle...', Array)
#8 /Users/yapi/Adi/appdev/simonas-app/vendor/laravel/framework/src/Illuminate/Pipeline/Pipeline.php(172): Illuminate\\Foundation\\Application->make('App\\\\Http\\\\Middle...')
#9 /Users/yapi/Adi/appdev/simonas-app/vendor/laravel/framework/src/Illuminate/Pipeline/Pipeline.php(119): Illuminate\\Pipeline\\Pipeline->Illuminate\\Pipeline\\{closure}(Object(Illuminate\\Http\\Request))
#10 /Users/yapi/Adi/appdev/simonas-app/vendor/laravel/framework/src/Illuminate/Foundation/Http/Kernel.php(175): Illuminate\\Pipeline\\Pipeline->then(Object(Closure))
#11 /Users/yapi/Adi/appdev/simonas-app/vendor/laravel/framework/src/Illuminate/Foundation/Http/Kernel.php(144): Illuminate\\Foundation\\Http\\Kernel->sendRequestThroughRouter(Object(Illuminate\\Http\\Request))
#12 /Users/yapi/Adi/appdev/simonas-app/vendor/laravel/framework/src/Illuminate/Foundation/Testing/Concerns/MakesHttpRequests.php(585): Illuminate\\Foundation\\Http\\Kernel->handle(Object(Illuminate\\Http\\Request))
#13 /Users/yapi/Adi/appdev/simonas-app/vendor/laravel/framework/src/Illuminate/Foundation/Testing/Concerns/MakesHttpRequests.php(346): Illuminate\\Foundation\\Testing\\TestCase->call('GET', '/', Array, Array, Array, Array)
#14 /Users/yapi/Adi/appdev/simonas-app/tests/Feature/ExampleTest.php(17): Illuminate\\Foundation\\Testing\\TestCase->get('/')
#15 /Users/yapi/Adi/appdev/simonas-app/vendor/phpunit/phpunit/src/Framework/TestCase.php(1548): Tests\\Feature\\ExampleTest->testBasicTest()
#16 /Users/yapi/Adi/appdev/simonas-app/vendor/phpunit/phpunit/src/Framework/TestCase.php(686): PHPUnit\\Framework\\TestCase->runTest()
#17 /Users/yapi/Adi/appdev/simonas-app/vendor/phpunit/phpunit/src/Framework/TestRunner.php(106): PHPUnit\\Framework\\TestCase->runBare()
#18 /Users/yapi/Adi/appdev/simonas-app/vendor/phpunit/phpunit/src/Framework/TestCase.php(516): PHPUnit\\Framework\\TestRunner->run(Object(Tests\\Feature\\ExampleTest))
#19 /Users/yapi/Adi/appdev/simonas-app/vendor/phpunit/phpunit/src/Framework/TestSuite.php(374): PHPUnit\\Framework\\TestCase->run()
#20 /Users/yapi/Adi/appdev/simonas-app/vendor/phpunit/phpunit/src/Framework/TestSuite.php(374): PHPUnit\\Framework\\TestSuite->run()
#21 /Users/yapi/Adi/appdev/simonas-app/vendor/phpunit/phpunit/src/Framework/TestSuite.php(374): PHPUnit\\Framework\\TestSuite->run()
#22 /Users/yapi/Adi/appdev/simonas-app/vendor/phpunit/phpunit/src/TextUI/TestRunner.php(64): PHPUnit\\Framework\\TestSuite->run()
#23 /Users/yapi/Adi/appdev/simonas-app/vendor/phpunit/phpunit/src/TextUI/Application.php(204): PHPUnit\\TextUI\\TestRunner->run(Object(PHPUnit\\TextUI\\Configuration\\Configuration), Object(PHPUnit\\Runner\\ResultCache\\DefaultResultCache), Object(PHPUnit\\Framework\\TestSuite))
#24 /Users/yapi/Adi/appdev/simonas-app/vendor/phpunit/phpunit/phpunit(104): PHPUnit\\TextUI\\Application->run(Array)
#25 /Users/yapi/Adi/appdev/simonas-app/vendor/bin/phpunit(122): include('/Users/yapi/Adi...')
#26 {main}
"} 
[2026-04-29 08:53:18] testing.ERROR: Class "Fideloper\Proxy\TrustProxies" not found {"exception":"[object] (Error(code: 0): Class \"Fideloper\\Proxy\\TrustProxies\" not found at /Users/yapi/Adi/appdev/simonas-app/app/Http/Middleware/TrustProxies.php:8)
[stacktrace]
#0 /Users/yapi/Adi/appdev/simonas-app/vendor/composer/ClassLoader.php(576): include()
#1 /Users/yapi/Adi/appdev/simonas-app/vendor/composer/ClassLoader.php(427): Composer\\Autoload\\{closure}('/Users/yapi/Adi...')
#2 [internal function]: Composer\\Autoload\\ClassLoader->loadClass('App\\\\Http\\\\Middle...')
#3 /Users/yapi/Adi/appdev/simonas-app/vendor/laravel/framework/src/Illuminate/Container/Container.php(912): ReflectionClass->__construct('App\\\\Http\\\\Middle...')
#4 /Users/yapi/Adi/appdev/simonas-app/vendor/laravel/framework/src/Illuminate/Container/Container.php(795): Illuminate\\Container\\Container->build('App\\\\Http\\\\Middle...')
#5 /Users/yapi/Adi/appdev/simonas-app/vendor/laravel/framework/src/Illuminate/Foundation/Application.php(986): Illuminate\\Container\\Container->resolve('App\\\\Http\\\\Middle...', Array, true)
#6 /Users/yapi/Adi/appdev/simonas-app/vendor/laravel/framework/src/Illuminate/Container/Container.php(731): Illuminate\\Foundation\\Application->resolve('App\\\\Http\\\\Middle...', Array)
#7 /Users/yapi/Adi/appdev/simonas-app/vendor/laravel/framework/src/Illuminate/Foundation/Application.php(971): Illuminate\\Container\\Container->make('App\\\\Http\\\\Middle...', Array)
#8 /Users/yapi/Adi/appdev/simonas-app/vendor/laravel/framework/src/Illuminate/Pipeline/Pipeline.php(172): Illuminate\\Foundation\\Application->make('App\\\\Http\\\\Middle...')
#9 /Users/yapi/Adi/appdev/simonas-app/vendor/laravel/framework/src/Illuminate/Pipeline/Pipeline.php(119): Illuminate\\Pipeline\\Pipeline->Illuminate\\Pipeline\\{closure}(Object(Illuminate\\Http\\Request))
#10 /Users/yapi/Adi/appdev/simonas-app/vendor/laravel/framework/src/Illuminate/Foundation/Http/Kernel.php(175): Illuminate\\Pipeline\\Pipeline->then(Object(Closure))
#11 /Users/yapi/Adi/appdev/simonas-app/vendor/laravel/framework/src/Illuminate/Foundation/Http/Kernel.php(144): Illuminate\\Foundation\\Http\\Kernel->sendRequestThroughRouter(Object(Illuminate\\Http\\Request))
#12 /Users/yapi/Adi/appdev/simonas-app/vendor/laravel/framework/src/Illuminate/Foundation/Testing/Concerns/MakesHttpRequests.php(585): Illuminate\\Foundation\\Http\\Kernel->handle(Object(Illuminate\\Http\\Request))
#13 /Users/yapi/Adi/appdev/simonas-app/vendor/laravel/framework/src/Illuminate/Foundation/Testing/Concerns/MakesHttpRequests.php(346): Illuminate\\Foundation\\Testing\\TestCase->call('GET', '/', Array, Array, Array, Array)
#14 /Users/yapi/Adi/appdev/simonas-app/tests/Feature/ExampleTest.php(17): Illuminate\\Foundation\\Testing\\TestCase->get('/')
#15 /Users/yapi/Adi/appdev/simonas-app/vendor/phpunit/phpunit/src/Framework/TestCase.php(1548): Tests\\Feature\\ExampleTest->testBasicTest()
#16 /Users/yapi/Adi/appdev/simonas-app/vendor/phpunit/phpunit/src/Framework/TestCase.php(686): PHPUnit\\Framework\\TestCase->runTest()
#17 /Users/yapi/Adi/appdev/simonas-app/vendor/phpunit/phpunit/src/Framework/TestRunner.php(106): PHPUnit\\Framework\\TestCase->runBare()
#18 /Users/yapi/Adi/appdev/simonas-app/vendor/phpunit/phpunit/src/Framework/TestCase.php(516): PHPUnit\\Framework\\TestRunner->run(Object(Tests\\Feature\\ExampleTest))
#19 /Users/yapi/Adi/appdev/simonas-app/vendor/phpunit/phpunit/src/Framework/TestSuite.php(374): PHPUnit\\Framework\\TestCase->run()
#20 /Users/yapi/Adi/appdev/simonas-app/vendor/phpunit/phpunit/src/Framework/TestSuite.php(374): PHPUnit\\Framework\\TestSuite->run()
#21 /Users/yapi/Adi/appdev/simonas-app/vendor/phpunit/phpunit/src/Framework/TestSuite.php(374): PHPUnit\\Framework\\TestSuite->run()
#22 /Users/yapi/Adi/appdev/simonas-app/vendor/phpunit/phpunit/src/TextUI/TestRunner.php(64): PHPUnit\\Framework\\TestSuite->run()
#23 /Users/yapi/Adi/appdev/simonas-app/vendor/phpunit/phpunit/src/TextUI/Application.php(204): PHPUnit\\TextUI\\TestRunner->run(Object(PHPUnit\\TextUI\\Configuration\\Configuration), Object(PHPUnit\\Runner\\ResultCache\\DefaultResultCache), Object(PHPUnit\\Framework\\TestSuite))
#24 /Users/yapi/Adi/appdev/simonas-app/vendor/phpunit/phpunit/phpunit(104): PHPUnit\\TextUI\\Application->run(Array)
#25 /Users/yapi/Adi/appdev/simonas-app/vendor/bin/phpunit(122): include('/Users/yapi/Adi...')
#26 {main}
"} 
[2026-04-29 08:53:35] testing.ERROR: Target class [Fruitcake\Cors\HandleCors] does not exist. {"exception":"[object] (Illuminate\\Contracts\\Container\\BindingResolutionException(code: 0): Target class [Fruitcake\\Cors\\HandleCors] does not exist. at /Users/yapi/Adi/appdev/simonas-app/vendor/laravel/framework/src/Illuminate/Container/Container.php:914)
[stacktrace]
#0 /Users/yapi/Adi/appdev/simonas-app/vendor/laravel/framework/src/Illuminate/Container/Container.php(795): Illuminate\\Container\\Container->build('Fruitcake\\\\Cors\\\\...')
#1 /Users/yapi/Adi/appdev/simonas-app/vendor/laravel/framework/src/Illuminate/Foundation/Application.php(986): Illuminate\\Container\\Container->resolve('Fruitcake\\\\Cors\\\\...', Array, true)
#2 /Users/yapi/Adi/appdev/simonas-app/vendor/laravel/framework/src/Illuminate/Container/Container.php(731): Illuminate\\Foundation\\Application->resolve('Fruitcake\\\\Cors\\\\...', Array)
#3 /Users/yapi/Adi/appdev/simonas-app/vendor/laravel/framework/src/Illuminate/Foundation/Application.php(971): Illuminate\\Container\\Container->make('Fruitcake\\\\Cors\\\\...', Array)
#4 /Users/yapi/Adi/appdev/simonas-app/vendor/laravel/framework/src/Illuminate/Pipeline/Pipeline.php(172): Illuminate\\Foundation\\Application->make('Fruitcake\\\\Cors\\\\...')
#5 /Users/yapi/Adi/appdev/simonas-app/vendor/laravel/framework/src/Illuminate/Http/Middleware/TrustProxies.php(39): Illuminate\\Pipeline\\Pipeline->Illuminate\\Pipeline\\{closure}(Object(Illuminate\\Http\\Request))
#6 /Users/yapi/Adi/appdev/simonas-app/vendor/laravel/framework/src/Illuminate/Pipeline/Pipeline.php(183): Illuminate\\Http\\Middleware\\TrustProxies->handle(Object(Illuminate\\Http\\Request), Object(Closure))
#7 /Users/yapi/Adi/appdev/simonas-app/vendor/laravel/framework/src/Illuminate/Pipeline/Pipeline.php(119): Illuminate\\Pipeline\\Pipeline->Illuminate\\Pipeline\\{closure}(Object(Illuminate\\Http\\Request))
#8 /Users/yapi/Adi/appdev/simonas-app/vendor/laravel/framework/src/Illuminate/Foundation/Http/Kernel.php(175): Illuminate\\Pipeline\\Pipeline->then(Object(Closure))
#9 /Users/yapi/Adi/appdev/simonas-app/vendor/laravel/framework/src/Illuminate/Foundation/Http/Kernel.php(144): Illuminate\\Foundation\\Http\\Kernel->sendRequestThroughRouter(Object(Illuminate\\Http\\Request))
#10 /Users/yapi/Adi/appdev/simonas-app/vendor/laravel/framework/src/Illuminate/Foundation/Testing/Concerns/MakesHttpRequests.php(585): Illuminate\\Foundation\\Http\\Kernel->handle(Object(Illuminate\\Http\\Request))
#11 /Users/yapi/Adi/appdev/simonas-app/vendor/laravel/framework/src/Illuminate/Foundation/Testing/Concerns/MakesHttpRequests.php(346): Illuminate\\Foundation\\Testing\\TestCase->call('GET', '/', Array, Array, Array, Array)
#12 /Users/yapi/Adi/appdev/simonas-app/tests/Feature/ExampleTest.php(17): Illuminate\\Foundation\\Testing\\TestCase->get('/')
#13 /Users/yapi/Adi/appdev/simonas-app/vendor/phpunit/phpunit/src/Framework/TestCase.php(1548): Tests\\Feature\\ExampleTest->testBasicTest()
#14 /Users/yapi/Adi/appdev/simonas-app/vendor/phpunit/phpunit/src/Framework/TestCase.php(686): PHPUnit\\Framework\\TestCase->runTest()
#15 /Users/yapi/Adi/appdev/simonas-app/vendor/phpunit/phpunit/src/Framework/TestRunner.php(106): PHPUnit\\Framework\\TestCase->runBare()
#16 /Users/yapi/Adi/appdev/simonas-app/vendor/phpunit/phpunit/src/Framework/TestCase.php(516): PHPUnit\\Framework\\TestRunner->run(Object(Tests\\Feature\\ExampleTest))
#17 /Users/yapi/Adi/appdev/simonas-app/vendor/phpunit/phpunit/src/Framework/TestSuite.php(374): PHPUnit\\Framework\\TestCase->run()
#18 /Users/yapi/Adi/appdev/simonas-app/vendor/phpunit/phpunit/src/Framework/TestSuite.php(374): PHPUnit\\Framework\\TestSuite->run()
#19 /Users/yapi/Adi/appdev/simonas-app/vendor/phpunit/phpunit/src/Framework/TestSuite.php(374): PHPUnit\\Framework\\TestSuite->run()
#20 /Users/yapi/Adi/appdev/simonas-app/vendor/phpunit/phpunit/src/TextUI/TestRunner.php(64): PHPUnit\\Framework\\TestSuite->run()
#21 /Users/yapi/Adi/appdev/simonas-app/vendor/phpunit/phpunit/src/TextUI/Application.php(204): PHPUnit\\TextUI\\TestRunner->run(Object(PHPUnit\\TextUI\\Configuration\\Configuration), Object(PHPUnit\\Runner\\ResultCache\\DefaultResultCache), Object(PHPUnit\\Framework\\TestSuite))
#22 /Users/yapi/Adi/appdev/simonas-app/vendor/phpunit/phpunit/phpunit(104): PHPUnit\\TextUI\\Application->run(Array)
#23 /Users/yapi/Adi/appdev/simonas-app/vendor/bin/phpunit(122): include('/Users/yapi/Adi...')
#24 {main}

[previous exception] [object] (ReflectionException(code: -1): Class \"Fruitcake\\Cors\\HandleCors\" does not exist at /Users/yapi/Adi/appdev/simonas-app/vendor/laravel/framework/src/Illuminate/Container/Container.php:912)
[stacktrace]
#0 /Users/yapi/Adi/appdev/simonas-app/vendor/laravel/framework/src/Illuminate/Container/Container.php(912): ReflectionClass->__construct('Fruitcake\\\\Cors\\\\...')
#1 /Users/yapi/Adi/appdev/simonas-app/vendor/laravel/framework/src/Illuminate/Container/Container.php(795): Illuminate\\Container\\Container->build('Fruitcake\\\\Cors\\\\...')
#2 /Users/yapi/Adi/appdev/simonas-app/vendor/laravel/framework/src/Illuminate/Foundation/Application.php(986): Illuminate\\Container\\Container->resolve('Fruitcake\\\\Cors\\\\...', Array, true)
#3 /Users/yapi/Adi/appdev/simonas-app/vendor/laravel/framework/src/Illuminate/Container/Container.php(731): Illuminate\\Foundation\\Application->resolve('Fruitcake\\\\Cors\\\\...', Array)
#4 /Users/yapi/Adi/appdev/simonas-app/vendor/laravel/framework/src/Illuminate/Foundation/Application.php(971): Illuminate\\Container\\Container->make('Fruitcake\\\\Cors\\\\...', Array)
#5 /Users/yapi/Adi/appdev/simonas-app/vendor/laravel/framework/src/Illuminate/Pipeline/Pipeline.php(172): Illuminate\\Foundation\\Application->make('Fruitcake\\\\Cors\\\\...')
#6 /Users/yapi/Adi/appdev/simonas-app/vendor/laravel/framework/src/Illuminate/Http/Middleware/TrustProxies.php(39): Illuminate\\Pipeline\\Pipeline->Illuminate\\Pipeline\\{closure}(Object(Illuminate\\Http\\Request))
#7 /Users/yapi/Adi/appdev/simonas-app/vendor/laravel/framework/src/Illuminate/Pipeline/Pipeline.php(183): Illuminate\\Http\\Middleware\\TrustProxies->handle(Object(Illuminate\\Http\\Request), Object(Closure))
#8 /Users/yapi/Adi/appdev/simonas-app/vendor/laravel/framework/src/Illuminate/Pipeline/Pipeline.php(119): Illuminate\\Pipeline\\Pipeline->Illuminate\\Pipeline\\{closure}(Object(Illuminate\\Http\\Request))
#9 /Users/yapi/Adi/appdev/simonas-app/vendor/laravel/framework/src/Illuminate/Foundation/Http/Kernel.php(175): Illuminate\\Pipeline\\Pipeline->then(Object(Closure))
#10 /Users/yapi/Adi/appdev/simonas-app/vendor/laravel/framework/src/Illuminate/Foundation/Http/Kernel.php(144): Illuminate\\Foundation\\Http\\Kernel->sendRequestThroughRouter(Object(Illuminate\\Http\\Request))
#11 /Users/yapi/Adi/appdev/simonas-app/vendor/laravel/framework/src/Illuminate/Foundation/Testing/Concerns/MakesHttpRequests.php(585): Illuminate\\Foundation\\Http\\Kernel->handle(Object(Illuminate\\Http\\Request))
#12 /Users/yapi/Adi/appdev/simonas-app/vendor/laravel/framework/src/Illuminate/Foundation/Testing/Concerns/MakesHttpRequests.php(346): Illuminate\\Foundation\\Testing\\TestCase->call('GET', '/', Array, Array, Array, Array)
#13 /Users/yapi/Adi/appdev/simonas-app/tests/Feature/ExampleTest.php(17): Illuminate\\Foundation\\Testing\\TestCase->get('/')
#14 /Users/yapi/Adi/appdev/simonas-app/vendor/phpunit/phpunit/src/Framework/TestCase.php(1548): Tests\\Feature\\ExampleTest->testBasicTest()
#15 /Users/yapi/Adi/appdev/simonas-app/vendor/phpunit/phpunit/src/Framework/TestCase.php(686): PHPUnit\\Framework\\TestCase->runTest()
#16 /Users/yapi/Adi/appdev/simonas-app/vendor/phpunit/phpunit/src/Framework/TestRunner.php(106): PHPUnit\\Framework\\TestCase->runBare()
#17 /Users/yapi/Adi/appdev/simonas-app/vendor/phpunit/phpunit/src/Framework/TestCase.php(516): PHPUnit\\Framework\\TestRunner->run(Object(Tests\\Feature\\ExampleTest))
#18 /Users/yapi/Adi/appdev/simonas-app/vendor/phpunit/phpunit/src/Framework/TestSuite.php(374): PHPUnit\\Framework\\TestCase->run()
#19 /Users/yapi/Adi/appdev/simonas-app/vendor/phpunit/phpunit/src/Framework/TestSuite.php(374): PHPUnit\\Framework\\TestSuite->run()
#20 /Users/yapi/Adi/appdev/simonas-app/vendor/phpunit/phpunit/src/Framework/TestSuite.php(374): PHPUnit\\Framework\\TestSuite->run()
#21 /Users/yapi/Adi/appdev/simonas-app/vendor/phpunit/phpunit/src/TextUI/TestRunner.php(64): PHPUnit\\Framework\\TestSuite->run()
#22 /Users/yapi/Adi/appdev/simonas-app/vendor/phpunit/phpunit/src/TextUI/Application.php(204): PHPUnit\\TextUI\\TestRunner->run(Object(PHPUnit\\TextUI\\Configuration\\Configuration), Object(PHPUnit\\Runner\\ResultCache\\DefaultResultCache), Object(PHPUnit\\Framework\\TestSuite))
#23 /Users/yapi/Adi/appdev/simonas-app/vendor/phpunit/phpunit/phpunit(104): PHPUnit\\TextUI\\Application->run(Array)
#24 /Users/yapi/Adi/appdev/simonas-app/vendor/bin/phpunit(122): include('/Users/yapi/Adi...')
#25 {main}
"} 
[2026-04-29 08:56:22] local.INFO: Login attempt details: {"email":null,"password_length":0} 
[2026-04-29 08:56:22] local.ERROR: Login error: {"message":"SQLSTATE[HY000] [1045] Access denied for user 'simonasi_simonas_new'@'localhost' (using password: YES) (Connection: mysql, SQL: select * from `users` where `email` is null and `role` in (alumni, super) limit 1)","trace":"#0 /Users/yapi/Adi/appdev/simonas-app/vendor/laravel/framework/src/Illuminate/Database/Connection.php(783): Illuminate\\Database\\Connection->runQueryCallback('select * from `...', Array, Object(Closure))
#1 /Users/yapi/Adi/appdev/simonas-app/vendor/laravel/framework/src/Illuminate/Database/Connection.php(414): Illuminate\\Database\\Connection->run('select * from `...', Array, Object(Closure))
#2 /Users/yapi/Adi/appdev/simonas-app/vendor/laravel/framework/src/Illuminate/Database/Query/Builder.php(2913): Illuminate\\Database\\Connection->select('select * from `...', Array, true)
#3 /Users/yapi/Adi/appdev/simonas-app/vendor/laravel/framework/src/Illuminate/Database/Query/Builder.php(2902): Illuminate\\Database\\Query\\Builder->runSelect()
#4 /Users/yapi/Adi/appdev/simonas-app/vendor/laravel/framework/src/Illuminate/Database/Query/Builder.php(3456): Illuminate\\Database\\Query\\Builder->Illuminate\\Database\\Query\\{closure}()
#5 /Users/yapi/Adi/appdev/simonas-app/vendor/laravel/framework/src/Illuminate/Database/Query/Builder.php(2901): Illuminate\\Database\\Query\\Builder->onceWithColumns(Array, Object(Closure))
#6 /Users/yapi/Adi/appdev/simonas-app/vendor/laravel/framework/src/Illuminate/Database/Eloquent/Builder.php(739): Illuminate\\Database\\Query\\Builder->get(Array)
#7 /Users/yapi/Adi/appdev/simonas-app/vendor/laravel/framework/src/Illuminate/Database/Eloquent/Builder.php(723): Illuminate\\Database\\Eloquent\\Builder->getModels(Array)
#8 /Users/yapi/Adi/appdev/simonas-app/vendor/laravel/framework/src/Illuminate/Database/Concerns/BuildsQueries.php(333): Illuminate\\Database\\Eloquent\\Builder->get(Array)
#9 /Users/yapi/Adi/appdev/simonas-app/app/Http/Controllers/Api/AuthController.php(24): Illuminate\\Database\\Eloquent\\Builder->first()
#10 /Users/yapi/Adi/appdev/simonas-app/vendor/laravel/framework/src/Illuminate/Routing/Controller.php(54): App\\Http\\Controllers\\Api\\AuthController->login(Object(Illuminate\\Http\\Request))
#11 /Users/yapi/Adi/appdev/simonas-app/vendor/laravel/framework/src/Illuminate/Routing/ControllerDispatcher.php(43): Illuminate\\Routing\\Controller->callAction('login', Array)
#12 /Users/yapi/Adi/appdev/simonas-app/vendor/laravel/framework/src/Illuminate/Routing/Route.php(259): Illuminate\\Routing\\ControllerDispatcher->dispatch(Object(Illuminate\\Routing\\Route), Object(App\\Http\\Controllers\\Api\\AuthController), 'login')
#13 /Users/yapi/Adi/appdev/simonas-app/vendor/laravel/framework/src/Illuminate/Routing/Route.php(205): Illuminate\\Routing\\Route->runController()
#14 /Users/yapi/Adi/appdev/simonas-app/vendor/laravel/framework/src/Illuminate/Routing/Router.php(806): Illuminate\\Routing\\Route->run()
#15 /Users/yapi/Adi/appdev/simonas-app/vendor/laravel/framework/src/Illuminate/Pipeline/Pipeline.php(144): Illuminate\\Routing\\Router->Illuminate\\Routing\\{closure}(Object(Illuminate\\Http\\Request))
#16 /Users/yapi/Adi/appdev/simonas-app/vendor/laravel/framework/src/Illuminate/Routing/Middleware/SubstituteBindings.php(50): Illuminate\\Pipeline\\Pipeline->Illuminate\\Pipeline\\{closure}(Object(Illuminate\\Http\\Request))
#17 /Users/yapi/Adi/appdev/simonas-app/vendor/laravel/framework/src/Illuminate/Pipeline/Pipeline.php(183): Illuminate\\Routing\\Middleware\\SubstituteBindings->handle(Object(Illuminate\\Http\\Request), Object(Closure))
#18 /Users/yapi/Adi/appdev/simonas-app/vendor/laravel/framework/src/Illuminate/Routing/Middleware/ThrottleRequests.php(159): Illuminate\\Pipeline\\Pipeline->Illuminate\\Pipeline\\{closure}(Object(Illuminate\\Http\\Request))
#19 /Users/yapi/Adi/appdev/simonas-app/vendor/laravel/framework/src/Illuminate/Routing/Middleware/ThrottleRequests.php(90): Illuminate\\Routing\\Middleware\\ThrottleRequests->handleRequest(Object(Illuminate\\Http\\Request), Object(Closure), Array)
#20 /Users/yapi/Adi/appdev/simonas-app/vendor/laravel/framework/src/Illuminate/Pipeline/Pipeline.php(183): Illuminate\\Routing\\Middleware\\ThrottleRequests->handle(Object(Illuminate\\Http\\Request), Object(Closure), '60', '1')
#21 /Users/yapi/Adi/appdev/simonas-app/vendor/laravel/sanctum/src/Http/Middleware/EnsureFrontendRequestsAreStateful.php(25): Illuminate\\Pipeline\\Pipeline->Illuminate\\Pipeline\\{closure}(Object(Illuminate\\Http\\Request))
#22 /Users/yapi/Adi/appdev/simonas-app/vendor/laravel/framework/src/Illuminate/Pipeline/Pipeline.php(144): Laravel\\Sanctum\\Http\\Middleware\\EnsureFrontendRequestsAreStateful->Laravel\\Sanctum\\Http\\Middleware\\{closure}(Object(Illuminate\\Http\\Request))
#23 /Users/yapi/Adi/appdev/simonas-app/vendor/laravel/framework/src/Illuminate/Pipeline/Pipeline.php(119): Illuminate\\Pipeline\\Pipeline->Illuminate\\Pipeline\\{closure}(Object(Illuminate\\Http\\Request))
#24 /Users/yapi/Adi/appdev/simonas-app/vendor/laravel/sanctum/src/Http/Middleware/EnsureFrontendRequestsAreStateful.php(24): Illuminate\\Pipeline\\Pipeline->then(Object(Closure))
#25 /Users/yapi/Adi/appdev/simonas-app/vendor/laravel/framework/src/Illuminate/Pipeline/Pipeline.php(183): Laravel\\Sanctum\\Http\\Middleware\\EnsureFrontendRequestsAreStateful->handle(Object(Illuminate\\Http\\Request), Object(Closure))
#26 /Users/yapi/Adi/appdev/simonas-app/vendor/laravel/framework/src/Illuminate/Pipeline/Pipeline.php(119): Illuminate\\Pipeline\\Pipeline->Illuminate\\Pipeline\\{closure}(Object(Illuminate\\Http\\Request))
#27 /Users/yapi/Adi/appdev/simonas-app/vendor/laravel/framework/src/Illuminate/Routing/Router.php(805): Illuminate\\Pipeline\\Pipeline->then(Object(Closure))
#28 /Users/yapi/Adi/appdev/simonas-app/vendor/laravel/framework/src/Illuminate/Routing/Router.php(784): Illuminate\\Routing\\Router->runRouteWithinStack(Object(Illuminate\\Routing\\Route), Object(Illuminate\\Http\\Request))
#29 /Users/yapi/Adi/appdev/simonas-app/vendor/laravel/framework/src/Illuminate/Routing/Router.php(748): Illuminate\\Routing\\Router->runRoute(Object(Illuminate\\Http\\Request), Object(Illuminate\\Routing\\Route))
#30 /Users/yapi/Adi/appdev/simonas-app/vendor/laravel/framework/src/Illuminate/Routing/Router.php(737): Illuminate\\Routing\\Router->dispatchToRoute(Object(Illuminate\\Http\\Request))
#31 /Users/yapi/Adi/appdev/simonas-app/vendor/laravel/framework/src/Illuminate/Foundation/Http/Kernel.php(200): Illuminate\\Routing\\Router->dispatch(Object(Illuminate\\Http\\Request))
#32 /Users/yapi/Adi/appdev/simonas-app/vendor/laravel/framework/src/Illuminate/Pipeline/Pipeline.php(144): Illuminate\\Foundation\\Http\\Kernel->Illuminate\\Foundation\\Http\\{closure}(Object(Illuminate\\Http\\Request))
#33 /Users/yapi/Adi/appdev/simonas-app/vendor/laravel/framework/src/Illuminate/Foundation/Http/Middleware/TransformsRequest.php(21): Illuminate\\Pipeline\\Pipeline->Illuminate\\Pipeline\\{closure}(Object(Illuminate\\Http\\Request))
#34 /Users/yapi/Adi/appdev/simonas-app/vendor/laravel/framework/src/Illuminate/Foundation/Http/Middleware/ConvertEmptyStringsToNull.php(31): Illuminate\\Foundation\\Http\\Middleware\\TransformsRequest->handle(Object(Illuminate\\Http\\Request), Object(Closure))
#35 /Users/yapi/Adi/appdev/simonas-app/vendor/laravel/framework/src/Illuminate/Pipeline/Pipeline.php(183): Illuminate\\Foundation\\Http\\Middleware\\ConvertEmptyStringsToNull->handle(Object(Illuminate\\Http\\Request), Object(Closure))
#36 /Users/yapi/Adi/appdev/simonas-app/vendor/laravel/framework/src/Illuminate/Foundation/Http/Middleware/TransformsRequest.php(21): Illuminate\\Pipeline\\Pipeline->Illuminate\\Pipeline\\{closure}(Object(Illuminate\\Http\\Request))
#37 /Users/yapi/Adi/appdev/simonas-app/vendor/laravel/framework/src/Illuminate/Foundation/Http/Middleware/TrimStrings.php(40): Illuminate\\Foundation\\Http\\Middleware\\TransformsRequest->handle(Object(Illuminate\\Http\\Request), Object(Closure))
#38 /Users/yapi/Adi/appdev/simonas-app/vendor/laravel/framework/src/Illuminate/Pipeline/Pipeline.php(183): Illuminate\\Foundation\\Http\\Middleware\\TrimStrings->handle(Object(Illuminate\\Http\\Request), Object(Closure))
#39 /Users/yapi/Adi/appdev/simonas-app/vendor/laravel/framework/src/Illuminate/Foundation/Http/Middleware/ValidatePostSize.php(27): Illuminate\\Pipeline\\Pipeline->Illuminate\\Pipeline\\{closure}(Object(Illuminate\\Http\\Request))
#40 /Users/yapi/Adi/appdev/simonas-app/vendor/laravel/framework/src/Illuminate/Pipeline/Pipeline.php(183): Illuminate\\Foundation\\Http\\Middleware\\ValidatePostSize->handle(Object(Illuminate\\Http\\Request), Object(Closure))
#41 /Users/yapi/Adi/appdev/simonas-app/vendor/laravel/framework/src/Illuminate/Foundation/Http/Middleware/PreventRequestsDuringMaintenance.php(99): Illuminate\\Pipeline\\Pipeline->Illuminate\\Pipeline\\{closure}(Object(Illuminate\\Http\\Request))
#42 /Users/yapi/Adi/appdev/simonas-app/vendor/laravel/framework/src/Illuminate/Pipeline/Pipeline.php(183): Illuminate\\Foundation\\Http\\Middleware\\PreventRequestsDuringMaintenance->handle(Object(Illuminate\\Http\\Request), Object(Closure))
#43 /Users/yapi/Adi/appdev/simonas-app/vendor/laravel/framework/src/Illuminate/Http/Middleware/HandleCors.php(62): Illuminate\\Pipeline\\Pipeline->Illuminate\\Pipeline\\{closure}(Object(Illuminate\\Http\\Request))
#44 /Users/yapi/Adi/appdev/simonas-app/vendor/laravel/framework/src/Illuminate/Pipeline/Pipeline.php(183): Illuminate\\Http\\Middleware\\HandleCors->handle(Object(Illuminate\\Http\\Request), Object(Closure))
#45 /Users/yapi/Adi/appdev/simonas-app/vendor/laravel/framework/src/Illuminate/Http/Middleware/TrustProxies.php(39): Illuminate\\Pipeline\\Pipeline->Illuminate\\Pipeline\\{closure}(Object(Illuminate\\Http\\Request))
#46 /Users/yapi/Adi/appdev/simonas-app/vendor/laravel/framework/src/Illuminate/Pipeline/Pipeline.php(183): Illuminate\\Http\\Middleware\\TrustProxies->handle(Object(Illuminate\\Http\\Request), Object(Closure))
#47 /Users/yapi/Adi/appdev/simonas-app/vendor/laravel/framework/src/Illuminate/Pipeline/Pipeline.php(119): Illuminate\\Pipeline\\Pipeline->Illuminate\\Pipeline\\{closure}(Object(Illuminate\\Http\\Request))
#48 /Users/yapi/Adi/appdev/simonas-app/vendor/laravel/framework/src/Illuminate/Foundation/Http/Kernel.php(175): Illuminate\\Pipeline\\Pipeline->then(Object(Closure))
#49 /Users/yapi/Adi/appdev/simonas-app/vendor/laravel/framework/src/Illuminate/Foundation/Http/Kernel.php(144): Illuminate\\Foundation\\Http\\Kernel->sendRequestThroughRouter(Object(Illuminate\\Http\\Request))
#50 /Users/yapi/Adi/appdev/simonas-app/public/index.php(18): Illuminate\\Foundation\\Http\\Kernel->handle(Object(Illuminate\\Http\\Request))
#51 /Users/yapi/Adi/appdev/simonas-app/server.php(21): require_once('/Users/yapi/Adi...')
#52 {main}"} 
[2026-04-29 09:00:35] local.INFO: Login attempt details: {"email":"admin@simonas.local","password_length":8} 
[2026-04-29 09:00:35] local.INFO: User found: {"exists":"yes","role":"super"} 
[2026-04-29 09:04:15] local.ERROR: Class "App\User" not found {"view":{"view":"/Users/yapi/Adi/appdev/simonas-app/resources/views/super/index.blade.php","data":{"errors":"<pre class=sf-dump id=sf-dump-754345973 data-indent-pad=\"  \"><span class=sf-dump-note>Illuminate\\Support\\ViewErrorBag</span> {<a class=sf-dump-ref>#818</a><samp data-depth=1 class=sf-dump-expanded>
  #<span class=sf-dump-protected title=\"Protected property\">bags</span>: []
</samp>}
</pre><script>Sfdump(\"sf-dump-754345973\", {\"maxDepth\":3,\"maxStringLength\":160})</script>
","data_kegiatan":"<pre class=sf-dump id=sf-dump-791032092 data-indent-pad=\"  \"><span class=sf-dump-note>Illuminate\\Pagination\\LengthAwarePaginator</span> {<a class=sf-dump-ref>#1563</a><samp data-depth=1 class=sf-dump-expanded>
  #<span class=sf-dump-protected title=\"Protected property\">items</span>: <span class=\"sf-dump-note sf-dump-ellipsization\" title=\"Illuminate\\Database\\Eloquent\\Collection
\"><span class=\"sf-dump-ellipsis sf-dump-ellipsis-note\">Illuminate\\Database\\Eloquent</span><span class=\"sf-dump-ellipsis sf-dump-ellipsis-note\">\\</span><span class=\"sf-dump-ellipsis-tail\">Collection</span></span> {<a class=sf-dump-ref>#1536</a><samp data-depth=2 class=sf-dump-compact>
    #<span class=sf-dump-protected title=\"Protected property\">items</span>: []
    #<span class=sf-dump-protected title=\"Protected property\">escapeWhenCastingToString</span>: <span class=sf-dump-const>false</span>
  </samp>}
  #<span class=sf-dump-protected title=\"Protected property\">perPage</span>: <span class=sf-dump-num>5</span>
  #<span class=sf-dump-protected title=\"Protected property\">currentPage</span>: <span class=sf-dump-num>1</span>
  #<span class=sf-dump-protected title=\"Protected property\">path</span>: \"<span class=sf-dump-str title=\"27 characters\">http://127.0.0.1:8765/super</span>\"
  #<span class=sf-dump-protected title=\"Protected property\">query</span>: []
  #<span class=sf-dump-protected title=\"Protected property\">fragment</span>: <span class=sf-dump-const>null</span>
  #<span class=sf-dump-protected title=\"Protected property\">pageName</span>: \"<span class=sf-dump-str title=\"4 characters\">page</span>\"
  +<span class=sf-dump-public title=\"Public property\">onEachSide</span>: <span class=sf-dump-num>3</span>
  #<span class=sf-dump-protected title=\"Protected property\">options</span>: <span class=sf-dump-note>array:2</span> [<samp data-depth=2 class=sf-dump-compact>
    \"<span class=sf-dump-key>path</span>\" => \"<span class=sf-dump-str title=\"27 characters\">http://127.0.0.1:8765/super</span>\"
    \"<span class=sf-dump-key>pageName</span>\" => \"<span class=sf-dump-str title=\"4 characters\">page</span>\"
  </samp>]
  #<span class=sf-dump-protected title=\"Protected property\">total</span>: <span class=sf-dump-num>0</span>
  #<span class=sf-dump-protected title=\"Protected property\">lastPage</span>: <span class=sf-dump-num>1</span>
</samp>}
</pre><script>Sfdump(\"sf-dump-791032092\", {\"maxDepth\":3,\"maxStringLength\":160})</script>
","data_alumni_asgj":"<pre class=sf-dump id=sf-dump-1609628110 data-indent-pad=\"  \"><span class=sf-dump-num>0</span>
</pre><script>Sfdump(\"sf-dump-1609628110\", {\"maxDepth\":3,\"maxStringLength\":160})</script>
","data_alumni_asg":"<pre class=sf-dump id=sf-dump-1050201157 data-indent-pad=\"  \"><span class=sf-dump-num>0</span>
</pre><script>Sfdump(\"sf-dump-1050201157\", {\"maxDepth\":3,\"maxStringLength\":160})</script>
","data_alumni_aws":"<pre class=sf-dump id=sf-dump-706688754 data-indent-pad=\"  \"><span class=sf-dump-num>0</span>
</pre><script>Sfdump(\"sf-dump-706688754\", {\"maxDepth\":3,\"maxStringLength\":160})</script>
","data_alumni_aspuri":"<pre class=sf-dump id=sf-dump-2020276070 data-indent-pad=\"  \"><span class=sf-dump-num>0</span>
</pre><script>Sfdump(\"sf-dump-2020276070\", {\"maxDepth\":3,\"maxStringLength\":160})</script>
","jumlah_warga_asgj":"<pre class=sf-dump id=sf-dump-1199592067 data-indent-pad=\"  \"><span class=sf-dump-num>0</span>
</pre><script>Sfdump(\"sf-dump-1199592067\", {\"maxDepth\":3,\"maxStringLength\":160})</script>
","jumlah_warga_pengurus_asgj":"<pre class=sf-dump id=sf-dump-1301187577 data-indent-pad=\"  \"><span class=sf-dump-num>0</span>
</pre><script>Sfdump(\"sf-dump-1301187577\", {\"maxDepth\":3,\"maxStringLength\":160})</script>
","jumlah_warga_percobaan_asgj":"<pre class=sf-dump id=sf-dump-1123238450 data-indent-pad=\"  \"><span class=sf-dump-num>0</span>
</pre><script>Sfdump(\"sf-dump-1123238450\", {\"maxDepth\":3,\"maxStringLength\":160})</script>
","jumlah_warga_tetap_asgj":"<pre class=sf-dump id=sf-dump-1180872598 data-indent-pad=\"  \"><span class=sf-dump-num>0</span>
</pre><script>Sfdump(\"sf-dump-1180872598\", {\"maxDepth\":3,\"maxStringLength\":160})</script>
","jumlah_warga_asg":"<pre class=sf-dump id=sf-dump-225075416 data-indent-pad=\"  \"><span class=sf-dump-num>0</span>
</pre><script>Sfdump(\"sf-dump-225075416\", {\"maxDepth\":3,\"maxStringLength\":160})</script>
","jumlah_warga_pengurus_asg":"<pre class=sf-dump id=sf-dump-2045633015 data-indent-pad=\"  \"><span class=sf-dump-num>0</span>
</pre><script>Sfdump(\"sf-dump-2045633015\", {\"maxDepth\":3,\"maxStringLength\":160})</script>
","jumlah_warga_percobaan_asg":"<pre class=sf-dump id=sf-dump-633605256 data-indent-pad=\"  \"><span class=sf-dump-num>0</span>
</pre><script>Sfdump(\"sf-dump-633605256\", {\"maxDepth\":3,\"maxStringLength\":160})</script>
","jumlah_warga_tetap_asg":"<pre class=sf-dump id=sf-dump-398910346 data-indent-pad=\"  \"><span class=sf-dump-num>0</span>
</pre><script>Sfdump(\"sf-dump-398910346\", {\"maxDepth\":3,\"maxStringLength\":160})</script>
","jumlah_warga_aws":"<pre class=sf-dump id=sf-dump-1968013969 data-indent-pad=\"  \"><span class=sf-dump-num>0</span>
</pre><script>Sfdump(\"sf-dump-1968013969\", {\"maxDepth\":3,\"maxStringLength\":160})</script>
","jumlah_warga_pengurus_aws":"<pre class=sf-dump id=sf-dump-1421246560 data-indent-pad=\"  \"><span class=sf-dump-num>0</span>
</pre><script>Sfdump(\"sf-dump-1421246560\", {\"maxDepth\":3,\"maxStringLength\":160})</script>
","jumlah_warga_percobaan_aws":"<pre class=sf-dump id=sf-dump-2146555200 data-indent-pad=\"  \"><span class=sf-dump-num>0</span>
</pre><script>Sfdump(\"sf-dump-2146555200\", {\"maxDepth\":3,\"maxStringLength\":160})</script>
","jumlah_warga_tetap_aws":"<pre class=sf-dump id=sf-dump-127947039 data-indent-pad=\"  \"><span class=sf-dump-num>0</span>
</pre><script>Sfdump(\"sf-dump-127947039\", {\"maxDepth\":3,\"maxStringLength\":160})</script>
","jumlah_warga_aspuri":"<pre class=sf-dump id=sf-dump-2120725455 data-indent-pad=\"  \"><span class=sf-dump-num>0</span>
</pre><script>Sfdump(\"sf-dump-2120725455\", {\"maxDepth\":3,\"maxStringLength\":160})</script>
","jumlah_warga_pengurus_aspuri":"<pre class=sf-dump id=sf-dump-1645033949 data-indent-pad=\"  \"><span class=sf-dump-num>0</span>
</pre><script>Sfdump(\"sf-dump-1645033949\", {\"maxDepth\":3,\"maxStringLength\":160})</script>
","jumlah_warga_percobaan_aspuri":"<pre class=sf-dump id=sf-dump-332298981 data-indent-pad=\"  \"><span class=sf-dump-num>0</span>
</pre><script>Sfdump(\"sf-dump-332298981\", {\"maxDepth\":3,\"maxStringLength\":160})</script>
","jumlah_warga_tetap_aspuri":"<pre class=sf-dump id=sf-dump-239328099 data-indent-pad=\"  \"><span class=sf-dump-num>0</span>
</pre><script>Sfdump(\"sf-dump-239328099\", {\"maxDepth\":3,\"maxStringLength\":160})</script>
"}},"userId":1,"exception":"[object] (Spatie\\LaravelIgnition\\Exceptions\\ViewException(code: 0): Class \"App\\User\" not found at /Users/yapi/Adi/appdev/simonas-app/resources/views/super/index.blade.php:60)
[stacktrace]
#0 /Users/yapi/Adi/appdev/simonas-app/vendor/laravel/framework/src/Illuminate/Filesystem/Filesystem.php(123): require()
#1 /Users/yapi/Adi/appdev/simonas-app/vendor/laravel/framework/src/Illuminate/Filesystem/Filesystem.php(124): Illuminate\\Filesystem\\Filesystem::Illuminate\\Filesystem\\{closure}()
#2 /Users/yapi/Adi/appdev/simonas-app/vendor/laravel/framework/src/Illuminate/View/Engines/PhpEngine.php(58): Illuminate\\Filesystem\\Filesystem->getRequire('/Users/yapi/Adi...', Array)
#3 /Users/yapi/Adi/appdev/simonas-app/vendor/laravel/framework/src/Illuminate/View/Engines/CompilerEngine.php(72): Illuminate\\View\\Engines\\PhpEngine->evaluatePath('/Users/yapi/Adi...', Array)
#4 /Users/yapi/Adi/appdev/simonas-app/vendor/laravel/framework/src/Illuminate/View/View.php(207): Illuminate\\View\\Engines\\CompilerEngine->get('/Users/yapi/Adi...', Array)
#5 /Users/yapi/Adi/appdev/simonas-app/vendor/laravel/framework/src/Illuminate/View/View.php(190): Illuminate\\View\\View->getContents()
#6 /Users/yapi/Adi/appdev/simonas-app/vendor/laravel/framework/src/Illuminate/View/View.php(159): Illuminate\\View\\View->renderContents()
#7 /Users/yapi/Adi/appdev/simonas-app/vendor/laravel/framework/src/Illuminate/Http/Response.php(69): Illuminate\\View\\View->render()
#8 /Users/yapi/Adi/appdev/simonas-app/vendor/laravel/framework/src/Illuminate/Http/Response.php(35): Illuminate\\Http\\Response->setContent(Object(Illuminate\\View\\View))
#9 /Users/yapi/Adi/appdev/simonas-app/vendor/laravel/framework/src/Illuminate/Routing/Router.php(918): Illuminate\\Http\\Response->__construct(Object(Illuminate\\View\\View), 200, Array)
#10 /Users/yapi/Adi/appdev/simonas-app/vendor/laravel/framework/src/Illuminate/Routing/Router.php(885): Illuminate\\Routing\\Router::toResponse(Object(Illuminate\\Http\\Request), Object(Illuminate\\View\\View))
#11 /Users/yapi/Adi/appdev/simonas-app/vendor/laravel/framework/src/Illuminate/Routing/Router.php(805): Illuminate\\Routing\\Router->prepareResponse(Object(Illuminate\\Http\\Request), Object(Illuminate\\View\\View))
#12 /Users/yapi/Adi/appdev/simonas-app/vendor/laravel/framework/src/Illuminate/Pipeline/Pipeline.php(144): Illuminate\\Routing\\Router->Illuminate\\Routing\\{closure}(Object(Illuminate\\Http\\Request))
#13 /Users/yapi/Adi/appdev/simonas-app/app/Http/Middleware/Super.php(20): Illuminate\\Pipeline\\Pipeline->Illuminate\\Pipeline\\{closure}(Object(Illuminate\\Http\\Request))
#14 /Users/yapi/Adi/appdev/simonas-app/vendor/laravel/framework/src/Illuminate/Pipeline/Pipeline.php(183): App\\Http\\Middleware\\Super->handle(Object(Illuminate\\Http\\Request), Object(Closure))
#15 /Users/yapi/Adi/appdev/simonas-app/vendor/laravel/framework/src/Illuminate/Routing/Middleware/SubstituteBindings.php(50): Illuminate\\Pipeline\\Pipeline->Illuminate\\Pipeline\\{closure}(Object(Illuminate\\Http\\Request))
#16 /Users/yapi/Adi/appdev/simonas-app/vendor/laravel/framework/src/Illuminate/Pipeline/Pipeline.php(183): Illuminate\\Routing\\Middleware\\SubstituteBindings->handle(Object(Illuminate\\Http\\Request), Object(Closure))
#17 /Users/yapi/Adi/appdev/simonas-app/vendor/laravel/framework/src/Illuminate/Auth/Middleware/Authenticate.php(57): Illuminate\\Pipeline\\Pipeline->Illuminate\\Pipeline\\{closure}(Object(Illuminate\\Http\\Request))
#18 /Users/yapi/Adi/appdev/simonas-app/vendor/laravel/framework/src/Illuminate/Pipeline/Pipeline.php(183): Illuminate\\Auth\\Middleware\\Authenticate->handle(Object(Illuminate\\Http\\Request), Object(Closure))
#19 /Users/yapi/Adi/appdev/simonas-app/vendor/laravel/framework/src/Illuminate/Foundation/Http/Middleware/VerifyCsrfToken.php(78): Illuminate\\Pipeline\\Pipeline->Illuminate\\Pipeline\\{closure}(Object(Illuminate\\Http\\Request))
#20 /Users/yapi/Adi/appdev/simonas-app/vendor/laravel/framework/src/Illuminate/Pipeline/Pipeline.php(183): Illuminate\\Foundation\\Http\\Middleware\\VerifyCsrfToken->handle(Object(Illuminate\\Http\\Request), Object(Closure))
#21 /Users/yapi/Adi/appdev/simonas-app/vendor/laravel/framework/src/Illuminate/View/Middleware/ShareErrorsFromSession.php(49): Illuminate\\Pipeline\\Pipeline->Illuminate\\Pipeline\\{closure}(Object(Illuminate\\Http\\Request))
#22 /Users/yapi/Adi/appdev/simonas-app/vendor/laravel/framework/src/Illuminate/Pipeline/Pipeline.php(183): Illuminate\\View\\Middleware\\ShareErrorsFromSession->handle(Object(Illuminate\\Http\\Request), Object(Closure))
#23 /Users/yapi/Adi/appdev/simonas-app/vendor/laravel/framework/src/Illuminate/Session/Middleware/StartSession.php(121): Illuminate\\Pipeline\\Pipeline->Illuminate\\Pipeline\\{closure}(Object(Illuminate\\Http\\Request))
#24 /Users/yapi/Adi/appdev/simonas-app/vendor/laravel/framework/src/Illuminate/Session/Middleware/StartSession.php(64): Illuminate\\Session\\Middleware\\StartSession->handleStatefulRequest(Object(Illuminate\\Http\\Request), Object(Illuminate\\Session\\Store), Object(Closure))
#25 /Users/yapi/Adi/appdev/simonas-app/vendor/laravel/framework/src/Illuminate/Pipeline/Pipeline.php(183): Illuminate\\Session\\Middleware\\StartSession->handle(Object(Illuminate\\Http\\Request), Object(Closure))
#26 /Users/yapi/Adi/appdev/simonas-app/vendor/laravel/framework/src/Illuminate/Cookie/Middleware/AddQueuedCookiesToResponse.php(37): Illuminate\\Pipeline\\Pipeline->Illuminate\\Pipeline\\{closure}(Object(Illuminate\\Http\\Request))
#27 /Users/yapi/Adi/appdev/simonas-app/vendor/laravel/framework/src/Illuminate/Pipeline/Pipeline.php(183): Illuminate\\Cookie\\Middleware\\AddQueuedCookiesToResponse->handle(Object(Illuminate\\Http\\Request), Object(Closure))
#28 /Users/yapi/Adi/appdev/simonas-app/vendor/laravel/framework/src/Illuminate/Cookie/Middleware/EncryptCookies.php(67): Illuminate\\Pipeline\\Pipeline->Illuminate\\Pipeline\\{closure}(Object(Illuminate\\Http\\Request))
#29 /Users/yapi/Adi/appdev/simonas-app/vendor/laravel/framework/src/Illuminate/Pipeline/Pipeline.php(183): Illuminate\\Cookie\\Middleware\\EncryptCookies->handle(Object(Illuminate\\Http\\Request), Object(Closure))
#30 /Users/yapi/Adi/appdev/simonas-app/vendor/laravel/framework/src/Illuminate/Pipeline/Pipeline.php(119): Illuminate\\Pipeline\\Pipeline->Illuminate\\Pipeline\\{closure}(Object(Illuminate\\Http\\Request))
#31 /Users/yapi/Adi/appdev/simonas-app/vendor/laravel/framework/src/Illuminate/Routing/Router.php(805): Illuminate\\Pipeline\\Pipeline->then(Object(Closure))
#32 /Users/yapi/Adi/appdev/simonas-app/vendor/laravel/framework/src/Illuminate/Routing/Router.php(784): Illuminate\\Routing\\Router->runRouteWithinStack(Object(Illuminate\\Routing\\Route), Object(Illuminate\\Http\\Request))
#33 /Users/yapi/Adi/appdev/simonas-app/vendor/laravel/framework/src/Illuminate/Routing/Router.php(748): Illuminate\\Routing\\Router->runRoute(Object(Illuminate\\Http\\Request), Object(Illuminate\\Routing\\Route))
#34 /Users/yapi/Adi/appdev/simonas-app/vendor/laravel/framework/src/Illuminate/Routing/Router.php(737): Illuminate\\Routing\\Router->dispatchToRoute(Object(Illuminate\\Http\\Request))
#35 /Users/yapi/Adi/appdev/simonas-app/vendor/laravel/framework/src/Illuminate/Foundation/Http/Kernel.php(200): Illuminate\\Routing\\Router->dispatch(Object(Illuminate\\Http\\Request))
#36 /Users/yapi/Adi/appdev/simonas-app/vendor/laravel/framework/src/Illuminate/Pipeline/Pipeline.php(144): Illuminate\\Foundation\\Http\\Kernel->Illuminate\\Foundation\\Http\\{closure}(Object(Illuminate\\Http\\Request))
#37 /Users/yapi/Adi/appdev/simonas-app/vendor/laravel/framework/src/Illuminate/Foundation/Http/Middleware/TransformsRequest.php(21): Illuminate\\Pipeline\\Pipeline->Illuminate\\Pipeline\\{closure}(Object(Illuminate\\Http\\Request))
#38 /Users/yapi/Adi/appdev/simonas-app/vendor/laravel/framework/src/Illuminate/Foundation/Http/Middleware/ConvertEmptyStringsToNull.php(31): Illuminate\\Foundation\\Http\\Middleware\\TransformsRequest->handle(Object(Illuminate\\Http\\Request), Object(Closure))
#39 /Users/yapi/Adi/appdev/simonas-app/vendor/laravel/framework/src/Illuminate/Pipeline/Pipeline.php(183): Illuminate\\Foundation\\Http\\Middleware\\ConvertEmptyStringsToNull->handle(Object(Illuminate\\Http\\Request), Object(Closure))
#40 /Users/yapi/Adi/appdev/simonas-app/vendor/laravel/framework/src/Illuminate/Foundation/Http/Middleware/TransformsRequest.php(21): Illuminate\\Pipeline\\Pipeline->Illuminate\\Pipeline\\{closure}(Object(Illuminate\\Http\\Request))
#41 /Users/yapi/Adi/appdev/simonas-app/vendor/laravel/framework/src/Illuminate/Foundation/Http/Middleware/TrimStrings.php(40): Illuminate\\Foundation\\Http\\Middleware\\TransformsRequest->handle(Object(Illuminate\\Http\\Request), Object(Closure))
#42 /Users/yapi/Adi/appdev/simonas-app/vendor/laravel/framework/src/Illuminate/Pipeline/Pipeline.php(183): Illuminate\\Foundation\\Http\\Middleware\\TrimStrings->handle(Object(Illuminate\\Http\\Request), Object(Closure))
#43 /Users/yapi/Adi/appdev/simonas-app/vendor/laravel/framework/src/Illuminate/Foundation/Http/Middleware/ValidatePostSize.php(27): Illuminate\\Pipeline\\Pipeline->Illuminate\\Pipeline\\{closure}(Object(Illuminate\\Http\\Request))
#44 /Users/yapi/Adi/appdev/simonas-app/vendor/laravel/framework/src/Illuminate/Pipeline/Pipeline.php(183): Illuminate\\Foundation\\Http\\Middleware\\ValidatePostSize->handle(Object(Illuminate\\Http\\Request), Object(Closure))
#45 /Users/yapi/Adi/appdev/simonas-app/vendor/laravel/framework/src/Illuminate/Foundation/Http/Middleware/PreventRequestsDuringMaintenance.php(99): Illuminate\\Pipeline\\Pipeline->Illuminate\\Pipeline\\{closure}(Object(Illuminate\\Http\\Request))
#46 /Users/yapi/Adi/appdev/simonas-app/vendor/laravel/framework/src/Illuminate/Pipeline/Pipeline.php(183): Illuminate\\Foundation\\Http\\Middleware\\PreventRequestsDuringMaintenance->handle(Object(Illuminate\\Http\\Request), Object(Closure))
#47 /Users/yapi/Adi/appdev/simonas-app/vendor/laravel/framework/src/Illuminate/Http/Middleware/HandleCors.php(49): Illuminate\\Pipeline\\Pipeline->Illuminate\\Pipeline\\{closure}(Object(Illuminate\\Http\\Request))
#48 /Users/yapi/Adi/appdev/simonas-app/vendor/laravel/framework/src/Illuminate/Pipeline/Pipeline.php(183): Illuminate\\Http\\Middleware\\HandleCors->handle(Object(Illuminate\\Http\\Request), Object(Closure))
#49 /Users/yapi/Adi/appdev/simonas-app/vendor/laravel/framework/src/Illuminate/Http/Middleware/TrustProxies.php(39): Illuminate\\Pipeline\\Pipeline->Illuminate\\Pipeline\\{closure}(Object(Illuminate\\Http\\Request))
#50 /Users/yapi/Adi/appdev/simonas-app/vendor/laravel/framework/src/Illuminate/Pipeline/Pipeline.php(183): Illuminate\\Http\\Middleware\\TrustProxies->handle(Object(Illuminate\\Http\\Request), Object(Closure))
#51 /Users/yapi/Adi/appdev/simonas-app/vendor/laravel/framework/src/Illuminate/Pipeline/Pipeline.php(119): Illuminate\\Pipeline\\Pipeline->Illuminate\\Pipeline\\{closure}(Object(Illuminate\\Http\\Request))
#52 /Users/yapi/Adi/appdev/simonas-app/vendor/laravel/framework/src/Illuminate/Foundation/Http/Kernel.php(175): Illuminate\\Pipeline\\Pipeline->then(Object(Closure))
#53 /Users/yapi/Adi/appdev/simonas-app/vendor/laravel/framework/src/Illuminate/Foundation/Http/Kernel.php(144): Illuminate\\Foundation\\Http\\Kernel->sendRequestThroughRouter(Object(Illuminate\\Http\\Request))
#54 /Users/yapi/Adi/appdev/simonas-app/public/index.php(18): Illuminate\\Foundation\\Http\\Kernel->handle(Object(Illuminate\\Http\\Request))
#55 /Users/yapi/Adi/appdev/simonas-app/server.php(21): require_once('/Users/yapi/Adi...')
#56 {main}

[previous exception] [object] (Error(code: 0): Class \"App\\User\" not found at /Users/yapi/Adi/appdev/simonas-app/storage/framework/views/31e270414b3910230afc830cb6acdf32.php:60)
[stacktrace]
#0 /Users/yapi/Adi/appdev/simonas-app/vendor/laravel/framework/src/Illuminate/Filesystem/Filesystem.php(123): require()
#1 /Users/yapi/Adi/appdev/simonas-app/vendor/laravel/framework/src/Illuminate/Filesystem/Filesystem.php(124): Illuminate\\Filesystem\\Filesystem::Illuminate\\Filesystem\\{closure}()
#2 /Users/yapi/Adi/appdev/simonas-app/vendor/laravel/framework/src/Illuminate/View/Engines/PhpEngine.php(58): Illuminate\\Filesystem\\Filesystem->getRequire('/Users/yapi/Adi...', Array)
#3 /Users/yapi/Adi/appdev/simonas-app/vendor/laravel/framework/src/Illuminate/View/Engines/CompilerEngine.php(72): Illuminate\\View\\Engines\\PhpEngine->evaluatePath('/Users/yapi/Adi...', Array)
#4 /Users/yapi/Adi/appdev/simonas-app/vendor/laravel/framework/src/Illuminate/View/View.php(207): Illuminate\\View\\Engines\\CompilerEngine->get('/Users/yapi/Adi...', Array)
#5 /Users/yapi/Adi/appdev/simonas-app/vendor/laravel/framework/src/Illuminate/View/View.php(190): Illuminate\\View\\View->getContents()
#6 /Users/yapi/Adi/appdev/simonas-app/vendor/laravel/framework/src/Illuminate/View/View.php(159): Illuminate\\View\\View->renderContents()
#7 /Users/yapi/Adi/appdev/simonas-app/vendor/laravel/framework/src/Illuminate/Http/Response.php(69): Illuminate\\View\\View->render()
#8 /Users/yapi/Adi/appdev/simonas-app/vendor/laravel/framework/src/Illuminate/Http/Response.php(35): Illuminate\\Http\\Response->setContent(Object(Illuminate\\View\\View))
#9 /Users/yapi/Adi/appdev/simonas-app/vendor/laravel/framework/src/Illuminate/Routing/Router.php(918): Illuminate\\Http\\Response->__construct(Object(Illuminate\\View\\View), 200, Array)
#10 /Users/yapi/Adi/appdev/simonas-app/vendor/laravel/framework/src/Illuminate/Routing/Router.php(885): Illuminate\\Routing\\Router::toResponse(Object(Illuminate\\Http\\Request), Object(Illuminate\\View\\View))
#11 /Users/yapi/Adi/appdev/simonas-app/vendor/laravel/framework/src/Illuminate/Routing/Router.php(805): Illuminate\\Routing\\Router->prepareResponse(Object(Illuminate\\Http\\Request), Object(Illuminate\\View\\View))
#12 /Users/yapi/Adi/appdev/simonas-app/vendor/laravel/framework/src/Illuminate/Pipeline/Pipeline.php(144): Illuminate\\Routing\\Router->Illuminate\\Routing\\{closure}(Object(Illuminate\\Http\\Request))
#13 /Users/yapi/Adi/appdev/simonas-app/app/Http/Middleware/Super.php(20): Illuminate\\Pipeline\\Pipeline->Illuminate\\Pipeline\\{closure}(Object(Illuminate\\Http\\Request))
#14 /Users/yapi/Adi/appdev/simonas-app/vendor/laravel/framework/src/Illuminate/Pipeline/Pipeline.php(183): App\\Http\\Middleware\\Super->handle(Object(Illuminate\\Http\\Request), Object(Closure))
#15 /Users/yapi/Adi/appdev/simonas-app/vendor/laravel/framework/src/Illuminate/Routing/Middleware/SubstituteBindings.php(50): Illuminate\\Pipeline\\Pipeline->Illuminate\\Pipeline\\{closure}(Object(Illuminate\\Http\\Request))
#16 /Users/yapi/Adi/appdev/simonas-app/vendor/laravel/framework/src/Illuminate/Pipeline/Pipeline.php(183): Illuminate\\Routing\\Middleware\\SubstituteBindings->handle(Object(Illuminate\\Http\\Request), Object(Closure))
#17 /Users/yapi/Adi/appdev/simonas-app/vendor/laravel/framework/src/Illuminate/Auth/Middleware/Authenticate.php(57): Illuminate\\Pipeline\\Pipeline->Illuminate\\Pipeline\\{closure}(Object(Illuminate\\Http\\Request))
#18 /Users/yapi/Adi/appdev/simonas-app/vendor/laravel/framework/src/Illuminate/Pipeline/Pipeline.php(183): Illuminate\\Auth\\Middleware\\Authenticate->handle(Object(Illuminate\\Http\\Request), Object(Closure))
#19 /Users/yapi/Adi/appdev/simonas-app/vendor/laravel/framework/src/Illuminate/Foundation/Http/Middleware/VerifyCsrfToken.php(78): Illuminate\\Pipeline\\Pipeline->Illuminate\\Pipeline\\{closure}(Object(Illuminate\\Http\\Request))
#20 /Users/yapi/Adi/appdev/simonas-app/vendor/laravel/framework/src/Illuminate/Pipeline/Pipeline.php(183): Illuminate\\Foundation\\Http\\Middleware\\VerifyCsrfToken->handle(Object(Illuminate\\Http\\Request), Object(Closure))
#21 /Users/yapi/Adi/appdev/simonas-app/vendor/laravel/framework/src/Illuminate/View/Middleware/ShareErrorsFromSession.php(49): Illuminate\\Pipeline\\Pipeline->Illuminate\\Pipeline\\{closure}(Object(Illuminate\\Http\\Request))
#22 /Users/yapi/Adi/appdev/simonas-app/vendor/laravel/framework/src/Illuminate/Pipeline/Pipeline.php(183): Illuminate\\View\\Middleware\\ShareErrorsFromSession->handle(Object(Illuminate\\Http\\Request), Object(Closure))
#23 /Users/yapi/Adi/appdev/simonas-app/vendor/laravel/framework/src/Illuminate/Session/Middleware/StartSession.php(121): Illuminate\\Pipeline\\Pipeline->Illuminate\\Pipeline\\{closure}(Object(Illuminate\\Http\\Request))
#24 /Users/yapi/Adi/appdev/simonas-app/vendor/laravel/framework/src/Illuminate/Session/Middleware/StartSession.php(64): Illuminate\\Session\\Middleware\\StartSession->handleStatefulRequest(Object(Illuminate\\Http\\Request), Object(Illuminate\\Session\\Store), Object(Closure))
#25 /Users/yapi/Adi/appdev/simonas-app/vendor/laravel/framework/src/Illuminate/Pipeline/Pipeline.php(183): Illuminate\\Session\\Middleware\\StartSession->handle(Object(Illuminate\\Http\\Request), Object(Closure))
#26 /Users/yapi/Adi/appdev/simonas-app/vendor/laravel/framework/src/Illuminate/Cookie/Middleware/AddQueuedCookiesToResponse.php(37): Illuminate\\Pipeline\\Pipeline->Illuminate\\Pipeline\\{closure}(Object(Illuminate\\Http\\Request))
#27 /Users/yapi/Adi/appdev/simonas-app/vendor/laravel/framework/src/Illuminate/Pipeline/Pipeline.php(183): Illuminate\\Cookie\\Middleware\\AddQueuedCookiesToResponse->handle(Object(Illuminate\\Http\\Request), Object(Closure))
#28 /Users/yapi/Adi/appdev/simonas-app/vendor/laravel/framework/src/Illuminate/Cookie/Middleware/EncryptCookies.php(67): Illuminate\\Pipeline\\Pipeline->Illuminate\\Pipeline\\{closure}(Object(Illuminate\\Http\\Request))
#29 /Users/yapi/Adi/appdev/simonas-app/vendor/laravel/framework/src/Illuminate/Pipeline/Pipeline.php(183): Illuminate\\Cookie\\Middleware\\EncryptCookies->handle(Object(Illuminate\\Http\\Request), Object(Closure))
#30 /Users/yapi/Adi/appdev/simonas-app/vendor/laravel/framework/src/Illuminate/Pipeline/Pipeline.php(119): Illuminate\\Pipeline\\Pipeline->Illuminate\\Pipeline\\{closure}(Object(Illuminate\\Http\\Request))
#31 /Users/yapi/Adi/appdev/simonas-app/vendor/laravel/framework/src/Illuminate/Routing/Router.php(805): Illuminate\\Pipeline\\Pipeline->then(Object(Closure))
#32 /Users/yapi/Adi/appdev/simonas-app/vendor/laravel/framework/src/Illuminate/Routing/Router.php(784): Illuminate\\Routing\\Router->runRouteWithinStack(Object(Illuminate\\Routing\\Route), Object(Illuminate\\Http\\Request))
#33 /Users/yapi/Adi/appdev/simonas-app/vendor/laravel/framework/src/Illuminate/Routing/Router.php(748): Illuminate\\Routing\\Router->runRoute(Object(Illuminate\\Http\\Request), Object(Illuminate\\Routing\\Route))
#34 /Users/yapi/Adi/appdev/simonas-app/vendor/laravel/framework/src/Illuminate/Routing/Router.php(737): Illuminate\\Routing\\Router->dispatchToRoute(Object(Illuminate\\Http\\Request))
#35 /Users/yapi/Adi/appdev/simonas-app/vendor/laravel/framework/src/Illuminate/Foundation/Http/Kernel.php(200): Illuminate\\Routing\\Router->dispatch(Object(Illuminate\\Http\\Request))
#36 /Users/yapi/Adi/appdev/simonas-app/vendor/laravel/framework/src/Illuminate/Pipeline/Pipeline.php(144): Illuminate\\Foundation\\Http\\Kernel->Illuminate\\Foundation\\Http\\{closure}(Object(Illuminate\\Http\\Request))
#37 /Users/yapi/Adi/appdev/simonas-app/vendor/laravel/framework/src/Illuminate/Foundation/Http/Middleware/TransformsRequest.php(21): Illuminate\\Pipeline\\Pipeline->Illuminate\\Pipeline\\{closure}(Object(Illuminate\\Http\\Request))
#38 /Users/yapi/Adi/appdev/simonas-app/vendor/laravel/framework/src/Illuminate/Foundation/Http/Middleware/ConvertEmptyStringsToNull.php(31): Illuminate\\Foundation\\Http\\Middleware\\TransformsRequest->handle(Object(Illuminate\\Http\\Request), Object(Closure))
#39 /Users/yapi/Adi/appdev/simonas-app/vendor/laravel/framework/src/Illuminate/Pipeline/Pipeline.php(183): Illuminate\\Foundation\\Http\\Middleware\\ConvertEmptyStringsToNull->handle(Object(Illuminate\\Http\\Request), Object(Closure))
#40 /Users/yapi/Adi/appdev/simonas-app/vendor/laravel/framework/src/Illuminate/Foundation/Http/Middleware/TransformsRequest.php(21): Illuminate\\Pipeline\\Pipeline->Illuminate\\Pipeline\\{closure}(Object(Illuminate\\Http\\Request))
#41 /Users/yapi/Adi/appdev/simonas-app/vendor/laravel/framework/src/Illuminate/Foundation/Http/Middleware/TrimStrings.php(40): Illuminate\\Foundation\\Http\\Middleware\\TransformsRequest->handle(Object(Illuminate\\Http\\Request), Object(Closure))
#42 /Users/yapi/Adi/appdev/simonas-app/vendor/laravel/framework/src/Illuminate/Pipeline/Pipeline.php(183): Illuminate\\Foundation\\Http\\Middleware\\TrimStrings->handle(Object(Illuminate\\Http\\Request), Object(Closure))
#43 /Users/yapi/Adi/appdev/simonas-app/vendor/laravel/framework/src/Illuminate/Foundation/Http/Middleware/ValidatePostSize.php(27): Illuminate\\Pipeline\\Pipeline->Illuminate\\Pipeline\\{closure}(Object(Illuminate\\Http\\Request))
#44 /Users/yapi/Adi/appdev/simonas-app/vendor/laravel/framework/src/Illuminate/Pipeline/Pipeline.php(183): Illuminate\\Foundation\\Http\\Middleware\\ValidatePostSize->handle(Object(Illuminate\\Http\\Request), Object(Closure))
#45 /Users/yapi/Adi/appdev/simonas-app/vendor/laravel/framework/src/Illuminate/Foundation/Http/Middleware/PreventRequestsDuringMaintenance.php(99): Illuminate\\Pipeline\\Pipeline->Illuminate\\Pipeline\\{closure}(Object(Illuminate\\Http\\Request))
#46 /Users/yapi/Adi/appdev/simonas-app/vendor/laravel/framework/src/Illuminate/Pipeline/Pipeline.php(183): Illuminate\\Foundation\\Http\\Middleware\\PreventRequestsDuringMaintenance->handle(Object(Illuminate\\Http\\Request), Object(Closure))
#47 /Users/yapi/Adi/appdev/simonas-app/vendor/laravel/framework/src/Illuminate/Http/Middleware/HandleCors.php(49): Illuminate\\Pipeline\\Pipeline->Illuminate\\Pipeline\\{closure}(Object(Illuminate\\Http\\Request))
#48 /Users/yapi/Adi/appdev/simonas-app/vendor/laravel/framework/src/Illuminate/Pipeline/Pipeline.php(183): Illuminate\\Http\\Middleware\\HandleCors->handle(Object(Illuminate\\Http\\Request), Object(Closure))
#49 /Users/yapi/Adi/appdev/simonas-app/vendor/laravel/framework/src/Illuminate/Http/Middleware/TrustProxies.php(39): Illuminate\\Pipeline\\Pipeline->Illuminate\\Pipeline\\{closure}(Object(Illuminate\\Http\\Request))
#50 /Users/yapi/Adi/appdev/simonas-app/vendor/laravel/framework/src/Illuminate/Pipeline/Pipeline.php(183): Illuminate\\Http\\Middleware\\TrustProxies->handle(Object(Illuminate\\Http\\Request), Object(Closure))
#51 /Users/yapi/Adi/appdev/simonas-app/vendor/laravel/framework/src/Illuminate/Pipeline/Pipeline.php(119): Illuminate\\Pipeline\\Pipeline->Illuminate\\Pipeline\\{closure}(Object(Illuminate\\Http\\Request))
#52 /Users/yapi/Adi/appdev/simonas-app/vendor/laravel/framework/src/Illuminate/Foundation/Http/Kernel.php(175): Illuminate\\Pipeline\\Pipeline->then(Object(Closure))
#53 /Users/yapi/Adi/appdev/simonas-app/vendor/laravel/framework/src/Illuminate/Foundation/Http/Kernel.php(144): Illuminate\\Foundation\\Http\\Kernel->sendRequestThroughRouter(Object(Illuminate\\Http\\Request))
#54 /Users/yapi/Adi/appdev/simonas-app/public/index.php(18): Illuminate\\Foundation\\Http\\Kernel->handle(Object(Illuminate\\Http\\Request))
#55 /Users/yapi/Adi/appdev/simonas-app/server.php(21): require_once('/Users/yapi/Adi...')
#56 {main}
"} 
[2026-04-30 03:08:29] local.ERROR: require(/Users/yapi/Adi/appdev/simonas-app/routes/auth.php): Failed to open stream: No such file or directory {"exception":"[object] (ErrorException(code: 0): require(/Users/yapi/Adi/appdev/simonas-app/routes/auth.php): Failed to open stream: No such file or directory at /Users/yapi/Adi/appdev/simonas-app/routes/web.php:20)
[stacktrace]
#0 /Users/yapi/Adi/appdev/simonas-app/vendor/laravel/framework/src/Illuminate/Foundation/Bootstrap/HandleExceptions.php(258): Illuminate\\Foundation\\Bootstrap\\HandleExceptions->handleError(2, 'require(/Users/...', '/Users/yapi/Adi...', 20)
#1 /Users/yapi/Adi/appdev/simonas-app/routes/web.php(20): Illuminate\\Foundation\\Bootstrap\\HandleExceptions->{closure:Illuminate\\Foundation\\Bootstrap\\HandleExceptions::forwardsTo():257}(2, 'require(/Users/...', '/Users/yapi/Adi...', 20)
#2 /Users/yapi/Adi/appdev/simonas-app/routes/web.php(20): require('/Users/yapi/Adi...')
#3 /Users/yapi/Adi/appdev/simonas-app/vendor/laravel/framework/src/Illuminate/Routing/RouteFileRegistrar.php(35): require('/Users/yapi/Adi...')
#4 /Users/yapi/Adi/appdev/simonas-app/vendor/laravel/framework/src/Illuminate/Routing/Router.php(513): Illuminate\\Routing\\RouteFileRegistrar->register('/Users/yapi/Adi...')
#5 /Users/yapi/Adi/appdev/simonas-app/vendor/laravel/framework/src/Illuminate/Routing/Router.php(467): Illuminate\\Routing\\Router->loadRoutes('/Users/yapi/Adi...')
#6 /Users/yapi/Adi/appdev/simonas-app/vendor/laravel/framework/src/Illuminate/Routing/RouteRegistrar.php(207): Illuminate\\Routing\\Router->group(Array, '/Users/yapi/Adi...')
#7 /Users/yapi/Adi/appdev/simonas-app/app/Providers/RouteServiceProvider.php(64): Illuminate\\Routing\\RouteRegistrar->group('/Users/yapi/Adi...')
#8 /Users/yapi/Adi/appdev/simonas-app/app/Providers/RouteServiceProvider.php(48): App\\Providers\\RouteServiceProvider->mapWebRoutes()
#9 /Users/yapi/Adi/appdev/simonas-app/vendor/laravel/framework/src/Illuminate/Container/BoundMethod.php(36): App\\Providers\\RouteServiceProvider->map()
#10 /Users/yapi/Adi/appdev/simonas-app/vendor/laravel/framework/src/Illuminate/Container/Util.php(43): Illuminate\\Container\\BoundMethod::{closure:Illuminate\\Container\\BoundMethod::call():35}()
#11 /Users/yapi/Adi/appdev/simonas-app/vendor/laravel/framework/src/Illuminate/Container/BoundMethod.php(95): Illuminate\\Container\\Util::unwrapIfClosure(Object(Closure))
#12 /Users/yapi/Adi/appdev/simonas-app/vendor/laravel/framework/src/Illuminate/Container/BoundMethod.php(35): Illuminate\\Container\\BoundMethod::callBoundMethod(Object(Illuminate\\Foundation\\Application), Array, Object(Closure))
#13 /Users/yapi/Adi/appdev/simonas-app/vendor/laravel/framework/src/Illuminate/Container/Container.php(696): Illuminate\\Container\\BoundMethod::call(Object(Illuminate\\Foundation\\Application), Array, Array, NULL)
#14 /Users/yapi/Adi/appdev/simonas-app/vendor/laravel/framework/src/Illuminate/Foundation/Support/Providers/RouteServiceProvider.php(168): Illuminate\\Container\\Container->call(Array)
#15 /Users/yapi/Adi/appdev/simonas-app/vendor/laravel/framework/src/Illuminate/Foundation/Support/Providers/RouteServiceProvider.php(59): Illuminate\\Foundation\\Support\\Providers\\RouteServiceProvider->loadRoutes()
#16 /Users/yapi/Adi/appdev/simonas-app/vendor/laravel/framework/src/Illuminate/Container/BoundMethod.php(36): Illuminate\\Foundation\\Support\\Providers\\RouteServiceProvider->{closure:Illuminate\\Foundation\\Support\\Providers\\RouteServiceProvider::register():53}()
#17 /Users/yapi/Adi/appdev/simonas-app/vendor/laravel/framework/src/Illuminate/Container/Util.php(43): Illuminate\\Container\\BoundMethod::{closure:Illuminate\\Container\\BoundMethod::call():35}()
#18 /Users/yapi/Adi/appdev/simonas-app/vendor/laravel/framework/src/Illuminate/Container/BoundMethod.php(83): Illuminate\\Container\\Util::unwrapIfClosure(Object(Closure))
#19 /Users/yapi/Adi/appdev/simonas-app/vendor/laravel/framework/src/Illuminate/Container/BoundMethod.php(35): Illuminate\\Container\\BoundMethod::callBoundMethod(Object(Illuminate\\Foundation\\Application), Object(Closure), Object(Closure))
#20 /Users/yapi/Adi/appdev/simonas-app/vendor/laravel/framework/src/Illuminate/Container/Container.php(696): Illuminate\\Container\\BoundMethod::call(Object(Illuminate\\Foundation\\Application), Object(Closure), Array, NULL)
#21 /Users/yapi/Adi/appdev/simonas-app/vendor/laravel/framework/src/Illuminate/Support/ServiceProvider.php(144): Illuminate\\Container\\Container->call(Object(Closure))
#22 /Users/yapi/Adi/appdev/simonas-app/vendor/laravel/framework/src/Illuminate/Foundation/Application.php(1154): Illuminate\\Support\\ServiceProvider->callBootedCallbacks()
#23 /Users/yapi/Adi/appdev/simonas-app/vendor/laravel/framework/src/Illuminate/Foundation/Application.php(1132): Illuminate\\Foundation\\Application->bootProvider(Object(App\\Providers\\RouteServiceProvider))
#24 [internal function]: Illuminate\\Foundation\\Application->{closure:Illuminate\\Foundation\\Application::boot():1131}(Object(App\\Providers\\RouteServiceProvider), 'App\\\\Providers\\\\R...')
#25 /Users/yapi/Adi/appdev/simonas-app/vendor/laravel/framework/src/Illuminate/Foundation/Application.php(1131): array_walk(Array, Object(Closure))
#26 /Users/yapi/Adi/appdev/simonas-app/vendor/laravel/framework/src/Illuminate/Foundation/Bootstrap/BootProviders.php(17): Illuminate\\Foundation\\Application->boot()
#27 /Users/yapi/Adi/appdev/simonas-app/vendor/laravel/framework/src/Illuminate/Foundation/Application.php(342): Illuminate\\Foundation\\Bootstrap\\BootProviders->bootstrap(Object(Illuminate\\Foundation\\Application))
#28 /Users/yapi/Adi/appdev/simonas-app/vendor/laravel/framework/src/Illuminate/Foundation/Console/Kernel.php(474): Illuminate\\Foundation\\Application->bootstrapWith(Array)
#29 /Users/yapi/Adi/appdev/simonas-app/vendor/laravel/framework/src/Illuminate/Foundation/Console/Kernel.php(196): Illuminate\\Foundation\\Console\\Kernel->bootstrap()
#30 /Users/yapi/Adi/appdev/simonas-app/artisan(35): Illuminate\\Foundation\\Console\\Kernel->handle(Object(Symfony\\Component\\Console\\Input\\ArgvInput), Object(Symfony\\Component\\Console\\Output\\ConsoleOutput))
#31 {main}
"} 
[2026-04-30 03:08:41] local.ERROR: require(/Users/yapi/Adi/appdev/simonas-app/routes/auth.php): Failed to open stream: No such file or directory {"exception":"[object] (ErrorException(code: 0): require(/Users/yapi/Adi/appdev/simonas-app/routes/auth.php): Failed to open stream: No such file or directory at /Users/yapi/Adi/appdev/simonas-app/routes/web.php:20)
[stacktrace]
#0 /Users/yapi/Adi/appdev/simonas-app/vendor/laravel/framework/src/Illuminate/Foundation/Bootstrap/HandleExceptions.php(258): Illuminate\\Foundation\\Bootstrap\\HandleExceptions->handleError(2, 'require(/Users/...', '/Users/yapi/Adi...', 20)
#1 /Users/yapi/Adi/appdev/simonas-app/routes/web.php(20): Illuminate\\Foundation\\Bootstrap\\HandleExceptions->{closure:Illuminate\\Foundation\\Bootstrap\\HandleExceptions::forwardsTo():257}(2, 'require(/Users/...', '/Users/yapi/Adi...', 20)
#2 /Users/yapi/Adi/appdev/simonas-app/routes/web.php(20): require('/Users/yapi/Adi...')
#3 /Users/yapi/Adi/appdev/simonas-app/vendor/laravel/framework/src/Illuminate/Routing/RouteFileRegistrar.php(35): require('/Users/yapi/Adi...')
#4 /Users/yapi/Adi/appdev/simonas-app/vendor/laravel/framework/src/Illuminate/Routing/Router.php(513): Illuminate\\Routing\\RouteFileRegistrar->register('/Users/yapi/Adi...')
#5 /Users/yapi/Adi/appdev/simonas-app/vendor/laravel/framework/src/Illuminate/Routing/Router.php(467): Illuminate\\Routing\\Router->loadRoutes('/Users/yapi/Adi...')
#6 /Users/yapi/Adi/appdev/simonas-app/vendor/laravel/framework/src/Illuminate/Routing/RouteRegistrar.php(207): Illuminate\\Routing\\Router->group(Array, '/Users/yapi/Adi...')
#7 /Users/yapi/Adi/appdev/simonas-app/app/Providers/RouteServiceProvider.php(64): Illuminate\\Routing\\RouteRegistrar->group('/Users/yapi/Adi...')
#8 /Users/yapi/Adi/appdev/simonas-app/app/Providers/RouteServiceProvider.php(48): App\\Providers\\RouteServiceProvider->mapWebRoutes()
#9 /Users/yapi/Adi/appdev/simonas-app/vendor/laravel/framework/src/Illuminate/Container/BoundMethod.php(36): App\\Providers\\RouteServiceProvider->map()
#10 /Users/yapi/Adi/appdev/simonas-app/vendor/laravel/framework/src/Illuminate/Container/Util.php(43): Illuminate\\Container\\BoundMethod::{closure:Illuminate\\Container\\BoundMethod::call():35}()
#11 /Users/yapi/Adi/appdev/simonas-app/vendor/laravel/framework/src/Illuminate/Container/BoundMethod.php(95): Illuminate\\Container\\Util::unwrapIfClosure(Object(Closure))
#12 /Users/yapi/Adi/appdev/simonas-app/vendor/laravel/framework/src/Illuminate/Container/BoundMethod.php(35): Illuminate\\Container\\BoundMethod::callBoundMethod(Object(Illuminate\\Foundation\\Application), Array, Object(Closure))
#13 /Users/yapi/Adi/appdev/simonas-app/vendor/laravel/framework/src/Illuminate/Container/Container.php(696): Illuminate\\Container\\BoundMethod::call(Object(Illuminate\\Foundation\\Application), Array, Array, NULL)
#14 /Users/yapi/Adi/appdev/simonas-app/vendor/laravel/framework/src/Illuminate/Foundation/Support/Providers/RouteServiceProvider.php(168): Illuminate\\Container\\Container->call(Array)
#15 /Users/yapi/Adi/appdev/simonas-app/vendor/laravel/framework/src/Illuminate/Foundation/Support/Providers/RouteServiceProvider.php(59): Illuminate\\Foundation\\Support\\Providers\\RouteServiceProvider->loadRoutes()
#16 /Users/yapi/Adi/appdev/simonas-app/vendor/laravel/framework/src/Illuminate/Container/BoundMethod.php(36): Illuminate\\Foundation\\Support\\Providers\\RouteServiceProvider->{closure:Illuminate\\Foundation\\Support\\Providers\\RouteServiceProvider::register():53}()
#17 /Users/yapi/Adi/appdev/simonas-app/vendor/laravel/framework/src/Illuminate/Container/Util.php(43): Illuminate\\Container\\BoundMethod::{closure:Illuminate\\Container\\BoundMethod::call():35}()
#18 /Users/yapi/Adi/appdev/simonas-app/vendor/laravel/framework/src/Illuminate/Container/BoundMethod.php(83): Illuminate\\Container\\Util::unwrapIfClosure(Object(Closure))
#19 /Users/yapi/Adi/appdev/simonas-app/vendor/laravel/framework/src/Illuminate/Container/BoundMethod.php(35): Illuminate\\Container\\BoundMethod::callBoundMethod(Object(Illuminate\\Foundation\\Application), Object(Closure), Object(Closure))
#20 /Users/yapi/Adi/appdev/simonas-app/vendor/laravel/framework/src/Illuminate/Container/Container.php(696): Illuminate\\Container\\BoundMethod::call(Object(Illuminate\\Foundation\\Application), Object(Closure), Array, NULL)
#21 /Users/yapi/Adi/appdev/simonas-app/vendor/laravel/framework/src/Illuminate/Support/ServiceProvider.php(144): Illuminate\\Container\\Container->call(Object(Closure))
#22 /Users/yapi/Adi/appdev/simonas-app/vendor/laravel/framework/src/Illuminate/Foundation/Application.php(1154): Illuminate\\Support\\ServiceProvider->callBootedCallbacks()
#23 /Users/yapi/Adi/appdev/simonas-app/vendor/laravel/framework/src/Illuminate/Foundation/Application.php(1132): Illuminate\\Foundation\\Application->bootProvider(Object(App\\Providers\\RouteServiceProvider))
#24 [internal function]: Illuminate\\Foundation\\Application->{closure:Illuminate\\Foundation\\Application::boot():1131}(Object(App\\Providers\\RouteServiceProvider), 'App\\\\Providers\\\\R...')
#25 /Users/yapi/Adi/appdev/simonas-app/vendor/laravel/framework/src/Illuminate/Foundation/Application.php(1131): array_walk(Array, Object(Closure))
#26 /Users/yapi/Adi/appdev/simonas-app/vendor/laravel/framework/src/Illuminate/Foundation/Bootstrap/BootProviders.php(17): Illuminate\\Foundation\\Application->boot()
#27 /Users/yapi/Adi/appdev/simonas-app/vendor/laravel/framework/src/Illuminate/Foundation/Application.php(342): Illuminate\\Foundation\\Bootstrap\\BootProviders->bootstrap(Object(Illuminate\\Foundation\\Application))
#28 /Users/yapi/Adi/appdev/simonas-app/vendor/laravel/framework/src/Illuminate/Foundation/Console/Kernel.php(474): Illuminate\\Foundation\\Application->bootstrapWith(Array)
#29 /Users/yapi/Adi/appdev/simonas-app/vendor/laravel/framework/src/Illuminate/Foundation/Console/Kernel.php(196): Illuminate\\Foundation\\Console\\Kernel->bootstrap()
#30 /Users/yapi/Adi/appdev/simonas-app/artisan(35): Illuminate\\Foundation\\Console\\Kernel->handle(Object(Symfony\\Component\\Console\\Input\\ArgvInput), Object(Symfony\\Component\\Console\\Output\\ConsoleOutput))
#31 {main}
"} 
[2026-04-30 03:38:49] local.ERROR: Method App\Http\Controllers\Auth\ForgotPasswordController::showLinkRequestForm does not exist. {"exception":"[object] (BadMethodCallException(code: 0): Method App\\Http\\Controllers\\Auth\\ForgotPasswordController::showLinkRequestForm does not exist. at /Users/yapi/Adi/appdev/simonas-app/vendor/laravel/framework/src/Illuminate/Routing/Controller.php:68)
[stacktrace]
#0 /Users/yapi/Adi/appdev/simonas-app/vendor/laravel/framework/src/Illuminate/Routing/Controller.php(54): Illuminate\\Routing\\Controller->__call('showLinkRequest...', Array)
#1 /Users/yapi/Adi/appdev/simonas-app/vendor/laravel/framework/src/Illuminate/Routing/ControllerDispatcher.php(44): Illuminate\\Routing\\Controller->callAction('showLinkRequest...', Array)
#2 /Users/yapi/Adi/appdev/simonas-app/vendor/laravel/framework/src/Illuminate/Routing/Route.php(266): Illuminate\\Routing\\ControllerDispatcher->dispatch(Object(Illuminate\\Routing\\Route), Object(App\\Http\\Controllers\\Auth\\ForgotPasswordController), 'showLinkRequest...')
#3 /Users/yapi/Adi/appdev/simonas-app/vendor/laravel/framework/src/Illuminate/Routing/Route.php(212): Illuminate\\Routing\\Route->runController()
#4 /Users/yapi/Adi/appdev/simonas-app/vendor/laravel/framework/src/Illuminate/Routing/Router.php(808): Illuminate\\Routing\\Route->run()
#5 /Users/yapi/Adi/appdev/simonas-app/vendor/laravel/framework/src/Illuminate/Pipeline/Pipeline.php(170): Illuminate\\Routing\\Router->{closure:Illuminate\\Routing\\Router::runRouteWithinStack():807}(Object(Illuminate\\Http\\Request))
#6 /Users/yapi/Adi/appdev/simonas-app/vendor/inertiajs/inertia-laravel/src/Middleware.php(138): Illuminate\\Pipeline\\Pipeline->{closure:Illuminate\\Pipeline\\Pipeline::prepareDestination():168}(Object(Illuminate\\Http\\Request))
#7 /Users/yapi/Adi/appdev/simonas-app/vendor/laravel/framework/src/Illuminate/Pipeline/Pipeline.php(209): Inertia\\Middleware->handle(Object(Illuminate\\Http\\Request), Object(Closure))
#8 /Users/yapi/Adi/appdev/simonas-app/vendor/laravel/framework/src/Illuminate/Routing/Middleware/SubstituteBindings.php(51): Illuminate\\Pipeline\\Pipeline->{closure:{closure:Illuminate\\Pipeline\\Pipeline::carry():184}:185}(Object(Illuminate\\Http\\Request))
#9 /Users/yapi/Adi/appdev/simonas-app/vendor/laravel/framework/src/Illuminate/Pipeline/Pipeline.php(209): Illuminate\\Routing\\Middleware\\SubstituteBindings->handle(Object(Illuminate\\Http\\Request), Object(Closure))
#10 /Users/yapi/Adi/appdev/simonas-app/vendor/laravel/framework/src/Illuminate/Foundation/Http/Middleware/VerifyCsrfToken.php(88): Illuminate\\Pipeline\\Pipeline->{closure:{closure:Illuminate\\Pipeline\\Pipeline::carry():184}:185}(Object(Illuminate\\Http\\Request))
#11 /Users/yapi/Adi/appdev/simonas-app/vendor/laravel/framework/src/Illuminate/Pipeline/Pipeline.php(209): Illuminate\\Foundation\\Http\\Middleware\\VerifyCsrfToken->handle(Object(Illuminate\\Http\\Request), Object(Closure))
#12 /Users/yapi/Adi/appdev/simonas-app/vendor/laravel/framework/src/Illuminate/View/Middleware/ShareErrorsFromSession.php(49): Illuminate\\Pipeline\\Pipeline->{closure:{closure:Illuminate\\Pipeline\\Pipeline::carry():184}:185}(Object(Illuminate\\Http\\Request))
#13 /Users/yapi/Adi/appdev/simonas-app/vendor/laravel/framework/src/Illuminate/Pipeline/Pipeline.php(209): Illuminate\\View\\Middleware\\ShareErrorsFromSession->handle(Object(Illuminate\\Http\\Request), Object(Closure))
#14 /Users/yapi/Adi/appdev/simonas-app/vendor/laravel/framework/src/Illuminate/Session/Middleware/StartSession.php(121): Illuminate\\Pipeline\\Pipeline->{closure:{closure:Illuminate\\Pipeline\\Pipeline::carry():184}:185}(Object(Illuminate\\Http\\Request))
#15 /Users/yapi/Adi/appdev/simonas-app/vendor/laravel/framework/src/Illuminate/Session/Middleware/StartSession.php(64): Illuminate\\Session\\Middleware\\StartSession->handleStatefulRequest(Object(Illuminate\\Http\\Request), Object(Illuminate\\Session\\Store), Object(Closure))
#16 /Users/yapi/Adi/appdev/simonas-app/vendor/laravel/framework/src/Illuminate/Pipeline/Pipeline.php(209): Illuminate\\Session\\Middleware\\StartSession->handle(Object(Illuminate\\Http\\Request), Object(Closure))
#17 /Users/yapi/Adi/appdev/simonas-app/vendor/laravel/framework/src/Illuminate/Cookie/Middleware/AddQueuedCookiesToResponse.php(37): Illuminate\\Pipeline\\Pipeline->{closure:{closure:Illuminate\\Pipeline\\Pipeline::carry():184}:185}(Object(Illuminate\\Http\\Request))
#18 /Users/yapi/Adi/appdev/simonas-app/vendor/laravel/framework/src/Illuminate/Pipeline/Pipeline.php(209): Illuminate\\Cookie\\Middleware\\AddQueuedCookiesToResponse->handle(Object(Illuminate\\Http\\Request), Object(Closure))
#19 /Users/yapi/Adi/appdev/simonas-app/vendor/laravel/framework/src/Illuminate/Cookie/Middleware/EncryptCookies.php(75): Illuminate\\Pipeline\\Pipeline->{closure:{closure:Illuminate\\Pipeline\\Pipeline::carry():184}:185}(Object(Illuminate\\Http\\Request))
#20 /Users/yapi/Adi/appdev/simonas-app/vendor/laravel/framework/src/Illuminate/Pipeline/Pipeline.php(209): Illuminate\\Cookie\\Middleware\\EncryptCookies->handle(Object(Illuminate\\Http\\Request), Object(Closure))
#21 /Users/yapi/Adi/appdev/simonas-app/vendor/laravel/framework/src/Illuminate/Pipeline/Pipeline.php(127): Illuminate\\Pipeline\\Pipeline->{closure:{closure:Illuminate\\Pipeline\\Pipeline::carry():184}:185}(Object(Illuminate\\Http\\Request))
#22 /Users/yapi/Adi/appdev/simonas-app/vendor/laravel/framework/src/Illuminate/Routing/Router.php(807): Illuminate\\Pipeline\\Pipeline->then(Object(Closure))
#23 /Users/yapi/Adi/appdev/simonas-app/vendor/laravel/framework/src/Illuminate/Routing/Router.php(786): Illuminate\\Routing\\Router->runRouteWithinStack(Object(Illuminate\\Routing\\Route), Object(Illuminate\\Http\\Request))
#24 /Users/yapi/Adi/appdev/simonas-app/vendor/laravel/framework/src/Illuminate/Routing/Router.php(750): Illuminate\\Routing\\Router->runRoute(Object(Illuminate\\Http\\Request), Object(Illuminate\\Routing\\Route))
#25 /Users/yapi/Adi/appdev/simonas-app/vendor/laravel/framework/src/Illuminate/Routing/Router.php(739): Illuminate\\Routing\\Router->dispatchToRoute(Object(Illuminate\\Http\\Request))
#26 /Users/yapi/Adi/appdev/simonas-app/vendor/laravel/framework/src/Illuminate/Foundation/Http/Kernel.php(201): Illuminate\\Routing\\Router->dispatch(Object(Illuminate\\Http\\Request))
#27 /Users/yapi/Adi/appdev/simonas-app/vendor/laravel/framework/src/Illuminate/Pipeline/Pipeline.php(170): Illuminate\\Foundation\\Http\\Kernel->{closure:Illuminate\\Foundation\\Http\\Kernel::dispatchToRouter():198}(Object(Illuminate\\Http\\Request))
#28 /Users/yapi/Adi/appdev/simonas-app/vendor/inertiajs/inertia-laravel/src/Middleware/EnsureGetOnRedirect.php(19): Illuminate\\Pipeline\\Pipeline->{closure:Illuminate\\Pipeline\\Pipeline::prepareDestination():168}(Object(Illuminate\\Http\\Request))
#29 /Users/yapi/Adi/appdev/simonas-app/vendor/laravel/framework/src/Illuminate/Pipeline/Pipeline.php(209): Inertia\\Middleware\\EnsureGetOnRedirect->handle(Object(Illuminate\\Http\\Request), Object(Closure))
#30 /Users/yapi/Adi/appdev/simonas-app/vendor/laravel/framework/src/Illuminate/Foundation/Http/Middleware/TransformsRequest.php(21): Illuminate\\Pipeline\\Pipeline->{closure:{closure:Illuminate\\Pipeline\\Pipeline::carry():184}:185}(Object(Illuminate\\Http\\Request))
#31 /Users/yapi/Adi/appdev/simonas-app/vendor/laravel/framework/src/Illuminate/Foundation/Http/Middleware/ConvertEmptyStringsToNull.php(31): Illuminate\\Foundation\\Http\\Middleware\\TransformsRequest->handle(Object(Illuminate\\Http\\Request), Object(Closure))
#32 /Users/yapi/Adi/appdev/simonas-app/vendor/laravel/framework/src/Illuminate/Pipeline/Pipeline.php(209): Illuminate\\Foundation\\Http\\Middleware\\ConvertEmptyStringsToNull->handle(Object(Illuminate\\Http\\Request), Object(Closure))
#33 /Users/yapi/Adi/appdev/simonas-app/vendor/laravel/framework/src/Illuminate/Foundation/Http/Middleware/TransformsRequest.php(21): Illuminate\\Pipeline\\Pipeline->{closure:{closure:Illuminate\\Pipeline\\Pipeline::carry():184}:185}(Object(Illuminate\\Http\\Request))
#34 /Users/yapi/Adi/appdev/simonas-app/vendor/laravel/framework/src/Illuminate/Foundation/Http/Middleware/TrimStrings.php(51): Illuminate\\Foundation\\Http\\Middleware\\TransformsRequest->handle(Object(Illuminate\\Http\\Request), Object(Closure))
#35 /Users/yapi/Adi/appdev/simonas-app/vendor/laravel/framework/src/Illuminate/Pipeline/Pipeline.php(209): Illuminate\\Foundation\\Http\\Middleware\\TrimStrings->handle(Object(Illuminate\\Http\\Request), Object(Closure))
#36 /Users/yapi/Adi/appdev/simonas-app/vendor/laravel/framework/src/Illuminate/Http/Middleware/ValidatePostSize.php(27): Illuminate\\Pipeline\\Pipeline->{closure:{closure:Illuminate\\Pipeline\\Pipeline::carry():184}:185}(Object(Illuminate\\Http\\Request))
#37 /Users/yapi/Adi/appdev/simonas-app/vendor/laravel/framework/src/Illuminate/Pipeline/Pipeline.php(209): Illuminate\\Http\\Middleware\\ValidatePostSize->handle(Object(Illuminate\\Http\\Request), Object(Closure))
#38 /Users/yapi/Adi/appdev/simonas-app/vendor/laravel/framework/src/Illuminate/Foundation/Http/Middleware/PreventRequestsDuringMaintenance.php(110): Illuminate\\Pipeline\\Pipeline->{closure:{closure:Illuminate\\Pipeline\\Pipeline::carry():184}:185}(Object(Illuminate\\Http\\Request))
#39 /Users/yapi/Adi/appdev/simonas-app/vendor/laravel/framework/src/Illuminate/Pipeline/Pipeline.php(209): Illuminate\\Foundation\\Http\\Middleware\\PreventRequestsDuringMaintenance->handle(Object(Illuminate\\Http\\Request), Object(Closure))
#40 /Users/yapi/Adi/appdev/simonas-app/vendor/laravel/framework/src/Illuminate/Http/Middleware/HandleCors.php(49): Illuminate\\Pipeline\\Pipeline->{closure:{closure:Illuminate\\Pipeline\\Pipeline::carry():184}:185}(Object(Illuminate\\Http\\Request))
#41 /Users/yapi/Adi/appdev/simonas-app/vendor/laravel/framework/src/Illuminate/Pipeline/Pipeline.php(209): Illuminate\\Http\\Middleware\\HandleCors->handle(Object(Illuminate\\Http\\Request), Object(Closure))
#42 /Users/yapi/Adi/appdev/simonas-app/vendor/laravel/framework/src/Illuminate/Http/Middleware/TrustProxies.php(58): Illuminate\\Pipeline\\Pipeline->{closure:{closure:Illuminate\\Pipeline\\Pipeline::carry():184}:185}(Object(Illuminate\\Http\\Request))
#43 /Users/yapi/Adi/appdev/simonas-app/vendor/laravel/framework/src/Illuminate/Pipeline/Pipeline.php(209): Illuminate\\Http\\Middleware\\TrustProxies->handle(Object(Illuminate\\Http\\Request), Object(Closure))
#44 /Users/yapi/Adi/appdev/simonas-app/vendor/laravel/framework/src/Illuminate/Pipeline/Pipeline.php(127): Illuminate\\Pipeline\\Pipeline->{closure:{closure:Illuminate\\Pipeline\\Pipeline::carry():184}:185}(Object(Illuminate\\Http\\Request))
#45 /Users/yapi/Adi/appdev/simonas-app/vendor/laravel/framework/src/Illuminate/Foundation/Http/Kernel.php(176): Illuminate\\Pipeline\\Pipeline->then(Object(Closure))
#46 /Users/yapi/Adi/appdev/simonas-app/vendor/laravel/framework/src/Illuminate/Foundation/Http/Kernel.php(145): Illuminate\\Foundation\\Http\\Kernel->sendRequestThroughRouter(Object(Illuminate\\Http\\Request))
#47 /Users/yapi/Adi/appdev/simonas-app/public/index.php(18): Illuminate\\Foundation\\Http\\Kernel->handle(Object(Illuminate\\Http\\Request))
#48 /Users/yapi/Adi/appdev/simonas-app/server.php(21): require_once('/Users/yapi/Adi...')
#49 {main}
"} 
[2026-05-01 14:14:39] local.ERROR: SQLSTATE[HY000]: General error: 1824 Failed to open the referenced table 'alumni_posts' (Connection: mysql, SQL: alter table `alumni_comments` add constraint `alumni_comments_alumni_post_id_foreign` foreign key (`alumni_post_id`) references `alumni_posts` (`id`) on delete cascade) {"exception":"[object] (Illuminate\\Database\\QueryException(code: HY000): SQLSTATE[HY000]: General error: 1824 Failed to open the referenced table 'alumni_posts' (Connection: mysql, SQL: alter table `alumni_comments` add constraint `alumni_comments_alumni_post_id_foreign` foreign key (`alumni_post_id`) references `alumni_posts` (`id`) on delete cascade) at /Users/yapi/Adi/appdev/simonas-app/vendor/laravel/framework/src/Illuminate/Database/Connection.php:825)
[stacktrace]
#0 /Users/yapi/Adi/appdev/simonas-app/vendor/laravel/framework/src/Illuminate/Database/Connection.php(779): Illuminate\\Database\\Connection->runQueryCallback('alter table `al...', Array, Object(Closure))
#1 /Users/yapi/Adi/appdev/simonas-app/vendor/laravel/framework/src/Illuminate/Database/Connection.php(560): Illuminate\\Database\\Connection->run('alter table `al...', Array, Object(Closure))
#2 /Users/yapi/Adi/appdev/simonas-app/vendor/laravel/framework/src/Illuminate/Database/Schema/Blueprint.php(118): Illuminate\\Database\\Connection->statement('alter table `al...')
#3 /Users/yapi/Adi/appdev/simonas-app/vendor/laravel/framework/src/Illuminate/Database/Schema/Builder.php(564): Illuminate\\Database\\Schema\\Blueprint->build(Object(Illuminate\\Database\\MySqlConnection), Object(Illuminate\\Database\\Schema\\Grammars\\MySqlGrammar))
#4 /Users/yapi/Adi/appdev/simonas-app/vendor/laravel/framework/src/Illuminate/Database/Schema/Builder.php(418): Illuminate\\Database\\Schema\\Builder->build(Object(Illuminate\\Database\\Schema\\Blueprint))
#5 /Users/yapi/Adi/appdev/simonas-app/vendor/laravel/framework/src/Illuminate/Support/Facades/Facade.php(361): Illuminate\\Database\\Schema\\Builder->create('alumni_comments', Object(Closure))
#6 /Users/yapi/Adi/appdev/simonas-app/database/migrations/2026_05_01_141320_create_alumni_comments_table.php(9): Illuminate\\Support\\Facades\\Facade::__callStatic('create', Array)
#7 /Users/yapi/Adi/appdev/simonas-app/vendor/laravel/framework/src/Illuminate/Database/Migrations/Migrator.php(507): Illuminate\\Database\\Migrations\\Migration@anonymous->up()
#8 /Users/yapi/Adi/appdev/simonas-app/vendor/laravel/framework/src/Illuminate/Database/Migrations/Migrator.php(432): Illuminate\\Database\\Migrations\\Migrator->runMethod(Object(Illuminate\\Database\\MySqlConnection), Object(Illuminate\\Database\\Migrations\\Migration@anonymous), 'up')
#9 /Users/yapi/Adi/appdev/simonas-app/vendor/laravel/framework/src/Illuminate/Database/Migrations/Migrator.php(441): Illuminate\\Database\\Migrations\\Migrator->{closure:Illuminate\\Database\\Migrations\\Migrator::runMigration():428}()
#10 /Users/yapi/Adi/appdev/simonas-app/vendor/laravel/framework/src/Illuminate/Database/Migrations/Migrator.php(244): Illuminate\\Database\\Migrations\\Migrator->runMigration(Object(Illuminate\\Database\\Migrations\\Migration@anonymous), 'up')
#11 /Users/yapi/Adi/appdev/simonas-app/vendor/laravel/framework/src/Illuminate/Console/View/Components/Task.php(40): Illuminate\\Database\\Migrations\\Migrator->{closure:Illuminate\\Database\\Migrations\\Migrator::runUp():244}()
#12 /Users/yapi/Adi/appdev/simonas-app/vendor/laravel/framework/src/Illuminate/Database/Migrations/Migrator.php(798): Illuminate\\Console\\View\\Components\\Task->render('2026_05_01_1413...', Object(Closure))
#13 /Users/yapi/Adi/appdev/simonas-app/vendor/laravel/framework/src/Illuminate/Database/Migrations/Migrator.php(244): Illuminate\\Database\\Migrations\\Migrator->write('Illuminate\\\\Cons...', '2026_05_01_1413...', Object(Closure))
#14 /Users/yapi/Adi/appdev/simonas-app/vendor/laravel/framework/src/Illuminate/Database/Migrations/Migrator.php(211): Illuminate\\Database\\Migrations\\Migrator->runUp('/Users/yapi/Adi...', 8, false)
#15 /Users/yapi/Adi/appdev/simonas-app/vendor/laravel/framework/src/Illuminate/Database/Migrations/Migrator.php(138): Illuminate\\Database\\Migrations\\Migrator->runPending(Array, Array)
#16 /Users/yapi/Adi/appdev/simonas-app/vendor/laravel/framework/src/Illuminate/Database/Console/Migrations/MigrateCommand.php(117): Illuminate\\Database\\Migrations\\Migrator->run(Array, Array)
#17 /Users/yapi/Adi/appdev/simonas-app/vendor/laravel/framework/src/Illuminate/Database/Migrations/Migrator.php(658): Illuminate\\Database\\Console\\Migrations\\MigrateCommand->{closure:Illuminate\\Database\\Console\\Migrations\\MigrateCommand::runMigrations():110}()
#18 /Users/yapi/Adi/appdev/simonas-app/vendor/laravel/framework/src/Illuminate/Database/Console/Migrations/MigrateCommand.php(110): Illuminate\\Database\\Migrations\\Migrator->usingConnection(NULL, Object(Closure))
#19 /Users/yapi/Adi/appdev/simonas-app/vendor/laravel/framework/src/Illuminate/Database/Console/Migrations/MigrateCommand.php(89): Illuminate\\Database\\Console\\Migrations\\MigrateCommand->runMigrations()
#20 /Users/yapi/Adi/appdev/simonas-app/vendor/laravel/framework/src/Illuminate/Container/BoundMethod.php(36): Illuminate\\Database\\Console\\Migrations\\MigrateCommand->handle()
#21 /Users/yapi/Adi/appdev/simonas-app/vendor/laravel/framework/src/Illuminate/Container/Util.php(43): Illuminate\\Container\\BoundMethod::{closure:Illuminate\\Container\\BoundMethod::call():35}()
#22 /Users/yapi/Adi/appdev/simonas-app/vendor/laravel/framework/src/Illuminate/Container/BoundMethod.php(95): Illuminate\\Container\\Util::unwrapIfClosure(Object(Closure))
#23 /Users/yapi/Adi/appdev/simonas-app/vendor/laravel/framework/src/Illuminate/Container/BoundMethod.php(35): Illuminate\\Container\\BoundMethod::callBoundMethod(Object(Illuminate\\Foundation\\Application), Array, Object(Closure))
#24 /Users/yapi/Adi/appdev/simonas-app/vendor/laravel/framework/src/Illuminate/Container/Container.php(696): Illuminate\\Container\\BoundMethod::call(Object(Illuminate\\Foundation\\Application), Array, Array, NULL)
#25 /Users/yapi/Adi/appdev/simonas-app/vendor/laravel/framework/src/Illuminate/Console/Command.php(213): Illuminate\\Container\\Container->call(Array)
#26 /Users/yapi/Adi/appdev/simonas-app/vendor/symfony/console/Command/Command.php(341): Illuminate\\Console\\Command->execute(Object(Symfony\\Component\\Console\\Input\\ArgvInput), Object(Illuminate\\Console\\OutputStyle))
#27 /Users/yapi/Adi/appdev/simonas-app/vendor/laravel/framework/src/Illuminate/Console/Command.php(182): Symfony\\Component\\Console\\Command\\Command->run(Object(Symfony\\Component\\Console\\Input\\ArgvInput), Object(Illuminate\\Console\\OutputStyle))
#28 /Users/yapi/Adi/appdev/simonas-app/vendor/symfony/console/Application.php(1117): Illuminate\\Console\\Command->run(Object(Symfony\\Component\\Console\\Input\\ArgvInput), Object(Symfony\\Component\\Console\\Output\\ConsoleOutput))
#29 /Users/yapi/Adi/appdev/simonas-app/vendor/symfony/console/Application.php(356): Symfony\\Component\\Console\\Application->doRunCommand(Object(Illuminate\\Database\\Console\\Migrations\\MigrateCommand), Object(Symfony\\Component\\Console\\Input\\ArgvInput), Object(Symfony\\Component\\Console\\Output\\ConsoleOutput))
#30 /Users/yapi/Adi/appdev/simonas-app/vendor/symfony/console/Application.php(195): Symfony\\Component\\Console\\Application->doRun(Object(Symfony\\Component\\Console\\Input\\ArgvInput), Object(Symfony\\Component\\Console\\Output\\ConsoleOutput))
#31 /Users/yapi/Adi/appdev/simonas-app/vendor/laravel/framework/src/Illuminate/Foundation/Console/Kernel.php(198): Symfony\\Component\\Console\\Application->run(Object(Symfony\\Component\\Console\\Input\\ArgvInput), Object(Symfony\\Component\\Console\\Output\\ConsoleOutput))
#32 /Users/yapi/Adi/appdev/simonas-app/artisan(35): Illuminate\\Foundation\\Console\\Kernel->handle(Object(Symfony\\Component\\Console\\Input\\ArgvInput), Object(Symfony\\Component\\Console\\Output\\ConsoleOutput))
#33 {main}

[previous exception] [object] (PDOException(code: HY000): SQLSTATE[HY000]: General error: 1824 Failed to open the referenced table 'alumni_posts' at /Users/yapi/Adi/appdev/simonas-app/vendor/laravel/framework/src/Illuminate/Database/Connection.php:571)
[stacktrace]
#0 /Users/yapi/Adi/appdev/simonas-app/vendor/laravel/framework/src/Illuminate/Database/Connection.php(571): PDOStatement->execute()
#1 /Users/yapi/Adi/appdev/simonas-app/vendor/laravel/framework/src/Illuminate/Database/Connection.php(812): Illuminate\\Database\\Connection->{closure:Illuminate\\Database\\Connection::statement():560}('alter table `al...', Array)
#2 /Users/yapi/Adi/appdev/simonas-app/vendor/laravel/framework/src/Illuminate/Database/Connection.php(779): Illuminate\\Database\\Connection->runQueryCallback('alter table `al...', Array, Object(Closure))
#3 /Users/yapi/Adi/appdev/simonas-app/vendor/laravel/framework/src/Illuminate/Database/Connection.php(560): Illuminate\\Database\\Connection->run('alter table `al...', Array, Object(Closure))
#4 /Users/yapi/Adi/appdev/simonas-app/vendor/laravel/framework/src/Illuminate/Database/Schema/Blueprint.php(118): Illuminate\\Database\\Connection->statement('alter table `al...')
#5 /Users/yapi/Adi/appdev/simonas-app/vendor/laravel/framework/src/Illuminate/Database/Schema/Builder.php(564): Illuminate\\Database\\Schema\\Blueprint->build(Object(Illuminate\\Database\\MySqlConnection), Object(Illuminate\\Database\\Schema\\Grammars\\MySqlGrammar))
#6 /Users/yapi/Adi/appdev/simonas-app/vendor/laravel/framework/src/Illuminate/Database/Schema/Builder.php(418): Illuminate\\Database\\Schema\\Builder->build(Object(Illuminate\\Database\\Schema\\Blueprint))
#7 /Users/yapi/Adi/appdev/simonas-app/vendor/laravel/framework/src/Illuminate/Support/Facades/Facade.php(361): Illuminate\\Database\\Schema\\Builder->create('alumni_comments', Object(Closure))
#8 /Users/yapi/Adi/appdev/simonas-app/database/migrations/2026_05_01_141320_create_alumni_comments_table.php(9): Illuminate\\Support\\Facades\\Facade::__callStatic('create', Array)
#9 /Users/yapi/Adi/appdev/simonas-app/vendor/laravel/framework/src/Illuminate/Database/Migrations/Migrator.php(507): Illuminate\\Database\\Migrations\\Migration@anonymous->up()
#10 /Users/yapi/Adi/appdev/simonas-app/vendor/laravel/framework/src/Illuminate/Database/Migrations/Migrator.php(432): Illuminate\\Database\\Migrations\\Migrator->runMethod(Object(Illuminate\\Database\\MySqlConnection), Object(Illuminate\\Database\\Migrations\\Migration@anonymous), 'up')
#11 /Users/yapi/Adi/appdev/simonas-app/vendor/laravel/framework/src/Illuminate/Database/Migrations/Migrator.php(441): Illuminate\\Database\\Migrations\\Migrator->{closure:Illuminate\\Database\\Migrations\\Migrator::runMigration():428}()
#12 /Users/yapi/Adi/appdev/simonas-app/vendor/laravel/framework/src/Illuminate/Database/Migrations/Migrator.php(244): Illuminate\\Database\\Migrations\\Migrator->runMigration(Object(Illuminate\\Database\\Migrations\\Migration@anonymous), 'up')
#13 /Users/yapi/Adi/appdev/simonas-app/vendor/laravel/framework/src/Illuminate/Console/View/Components/Task.php(40): Illuminate\\Database\\Migrations\\Migrator->{closure:Illuminate\\Database\\Migrations\\Migrator::runUp():244}()
#14 /Users/yapi/Adi/appdev/simonas-app/vendor/laravel/framework/src/Illuminate/Database/Migrations/Migrator.php(798): Illuminate\\Console\\View\\Components\\Task->render('2026_05_01_1413...', Object(Closure))
#15 /Users/yapi/Adi/appdev/simonas-app/vendor/laravel/framework/src/Illuminate/Database/Migrations/Migrator.php(244): Illuminate\\Database\\Migrations\\Migrator->write('Illuminate\\\\Cons...', '2026_05_01_1413...', Object(Closure))
#16 /Users/yapi/Adi/appdev/simonas-app/vendor/laravel/framework/src/Illuminate/Database/Migrations/Migrator.php(211): Illuminate\\Database\\Migrations\\Migrator->runUp('/Users/yapi/Adi...', 8, false)
#17 /Users/yapi/Adi/appdev/simonas-app/vendor/laravel/framework/src/Illuminate/Database/Migrations/Migrator.php(138): Illuminate\\Database\\Migrations\\Migrator->runPending(Array, Array)
#18 /Users/yapi/Adi/appdev/simonas-app/vendor/laravel/framework/src/Illuminate/Database/Console/Migrations/MigrateCommand.php(117): Illuminate\\Database\\Migrations\\Migrator->run(Array, Array)
#19 /Users/yapi/Adi/appdev/simonas-app/vendor/laravel/framework/src/Illuminate/Database/Migrations/Migrator.php(658): Illuminate\\Database\\Console\\Migrations\\MigrateCommand->{closure:Illuminate\\Database\\Console\\Migrations\\MigrateCommand::runMigrations():110}()
#20 /Users/yapi/Adi/appdev/simonas-app/vendor/laravel/framework/src/Illuminate/Database/Console/Migrations/MigrateCommand.php(110): Illuminate\\Database\\Migrations\\Migrator->usingConnection(NULL, Object(Closure))
#21 /Users/yapi/Adi/appdev/simonas-app/vendor/laravel/framework/src/Illuminate/Database/Console/Migrations/MigrateCommand.php(89): Illuminate\\Database\\Console\\Migrations\\MigrateCommand->runMigrations()
#22 /Users/yapi/Adi/appdev/simonas-app/vendor/laravel/framework/src/Illuminate/Container/BoundMethod.php(36): Illuminate\\Database\\Console\\Migrations\\MigrateCommand->handle()
#23 /Users/yapi/Adi/appdev/simonas-app/vendor/laravel/framework/src/Illuminate/Container/Util.php(43): Illuminate\\Container\\BoundMethod::{closure:Illuminate\\Container\\BoundMethod::call():35}()
#24 /Users/yapi/Adi/appdev/simonas-app/vendor/laravel/framework/src/Illuminate/Container/BoundMethod.php(95): Illuminate\\Container\\Util::unwrapIfClosure(Object(Closure))
#25 /Users/yapi/Adi/appdev/simonas-app/vendor/laravel/framework/src/Illuminate/Container/BoundMethod.php(35): Illuminate\\Container\\BoundMethod::callBoundMethod(Object(Illuminate\\Foundation\\Application), Array, Object(Closure))
#26 /Users/yapi/Adi/appdev/simonas-app/vendor/laravel/framework/src/Illuminate/Container/Container.php(696): Illuminate\\Container\\BoundMethod::call(Object(Illuminate\\Foundation\\Application), Array, Array, NULL)
#27 /Users/yapi/Adi/appdev/simonas-app/vendor/laravel/framework/src/Illuminate/Console/Command.php(213): Illuminate\\Container\\Container->call(Array)
#28 /Users/yapi/Adi/appdev/simonas-app/vendor/symfony/console/Command/Command.php(341): Illuminate\\Console\\Command->execute(Object(Symfony\\Component\\Console\\Input\\ArgvInput), Object(Illuminate\\Console\\OutputStyle))
#29 /Users/yapi/Adi/appdev/simonas-app/vendor/laravel/framework/src/Illuminate/Console/Command.php(182): Symfony\\Component\\Console\\Command\\Command->run(Object(Symfony\\Component\\Console\\Input\\ArgvInput), Object(Illuminate\\Console\\OutputStyle))
#30 /Users/yapi/Adi/appdev/simonas-app/vendor/symfony/console/Application.php(1117): Illuminate\\Console\\Command->run(Object(Symfony\\Component\\Console\\Input\\ArgvInput), Object(Symfony\\Component\\Console\\Output\\ConsoleOutput))
#31 /Users/yapi/Adi/appdev/simonas-app/vendor/symfony/console/Application.php(356): Symfony\\Component\\Console\\Application->doRunCommand(Object(Illuminate\\Database\\Console\\Migrations\\MigrateCommand), Object(Symfony\\Component\\Console\\Input\\ArgvInput), Object(Symfony\\Component\\Console\\Output\\ConsoleOutput))
#32 /Users/yapi/Adi/appdev/simonas-app/vendor/symfony/console/Application.php(195): Symfony\\Component\\Console\\Application->doRun(Object(Symfony\\Component\\Console\\Input\\ArgvInput), Object(Symfony\\Component\\Console\\Output\\ConsoleOutput))
#33 /Users/yapi/Adi/appdev/simonas-app/vendor/laravel/framework/src/Illuminate/Foundation/Console/Kernel.php(198): Symfony\\Component\\Console\\Application->run(Object(Symfony\\Component\\Console\\Input\\ArgvInput), Object(Symfony\\Component\\Console\\Output\\ConsoleOutput))
#34 /Users/yapi/Adi/appdev/simonas-app/artisan(35): Illuminate\\Foundation\\Console\\Kernel->handle(Object(Symfony\\Component\\Console\\Input\\ArgvInput), Object(Symfony\\Component\\Console\\Output\\ConsoleOutput))
#35 {main}
"} 
[2026-05-01 14:14:54] local.ERROR: SQLSTATE[42S01]: Base table or view already exists: 1050 Table 'alumni_comments' already exists (Connection: mysql, SQL: create table `alumni_comments` (`id` bigint unsigned not null auto_increment primary key, `alumni_post_id` bigint unsigned not null, `user_id` bigint unsigned not null, `content` text not null, `created_at` timestamp null, `updated_at` timestamp null) default character set utf8mb4 collate 'utf8mb4_unicode_ci') {"exception":"[object] (Illuminate\\Database\\QueryException(code: 42S01): SQLSTATE[42S01]: Base table or view already exists: 1050 Table 'alumni_comments' already exists (Connection: mysql, SQL: create table `alumni_comments` (`id` bigint unsigned not null auto_increment primary key, `alumni_post_id` bigint unsigned not null, `user_id` bigint unsigned not null, `content` text not null, `created_at` timestamp null, `updated_at` timestamp null) default character set utf8mb4 collate 'utf8mb4_unicode_ci') at /Users/yapi/Adi/appdev/simonas-app/vendor/laravel/framework/src/Illuminate/Database/Connection.php:825)
[stacktrace]
#0 /Users/yapi/Adi/appdev/simonas-app/vendor/laravel/framework/src/Illuminate/Database/Connection.php(779): Illuminate\\Database\\Connection->runQueryCallback('create table `a...', Array, Object(Closure))
#1 /Users/yapi/Adi/appdev/simonas-app/vendor/laravel/framework/src/Illuminate/Database/Connection.php(560): Illuminate\\Database\\Connection->run('create table `a...', Array, Object(Closure))
#2 /Users/yapi/Adi/appdev/simonas-app/vendor/laravel/framework/src/Illuminate/Database/Schema/Blueprint.php(118): Illuminate\\Database\\Connection->statement('create table `a...')
#3 /Users/yapi/Adi/appdev/simonas-app/vendor/laravel/framework/src/Illuminate/Database/Schema/Builder.php(564): Illuminate\\Database\\Schema\\Blueprint->build(Object(Illuminate\\Database\\MySqlConnection), Object(Illuminate\\Database\\Schema\\Grammars\\MySqlGrammar))
#4 /Users/yapi/Adi/appdev/simonas-app/vendor/laravel/framework/src/Illuminate/Database/Schema/Builder.php(418): Illuminate\\Database\\Schema\\Builder->build(Object(Illuminate\\Database\\Schema\\Blueprint))
#5 /Users/yapi/Adi/appdev/simonas-app/vendor/laravel/framework/src/Illuminate/Support/Facades/Facade.php(361): Illuminate\\Database\\Schema\\Builder->create('alumni_comments', Object(Closure))
#6 /Users/yapi/Adi/appdev/simonas-app/database/migrations/2026_05_01_141321_create_alumni_comments_table.php(9): Illuminate\\Support\\Facades\\Facade::__callStatic('create', Array)
#7 /Users/yapi/Adi/appdev/simonas-app/vendor/laravel/framework/src/Illuminate/Database/Migrations/Migrator.php(507): Illuminate\\Database\\Migrations\\Migration@anonymous->up()
#8 /Users/yapi/Adi/appdev/simonas-app/vendor/laravel/framework/src/Illuminate/Database/Migrations/Migrator.php(432): Illuminate\\Database\\Migrations\\Migrator->runMethod(Object(Illuminate\\Database\\MySqlConnection), Object(Illuminate\\Database\\Migrations\\Migration@anonymous), 'up')
#9 /Users/yapi/Adi/appdev/simonas-app/vendor/laravel/framework/src/Illuminate/Database/Migrations/Migrator.php(441): Illuminate\\Database\\Migrations\\Migrator->{closure:Illuminate\\Database\\Migrations\\Migrator::runMigration():428}()
#10 /Users/yapi/Adi/appdev/simonas-app/vendor/laravel/framework/src/Illuminate/Database/Migrations/Migrator.php(244): Illuminate\\Database\\Migrations\\Migrator->runMigration(Object(Illuminate\\Database\\Migrations\\Migration@anonymous), 'up')
#11 /Users/yapi/Adi/appdev/simonas-app/vendor/laravel/framework/src/Illuminate/Console/View/Components/Task.php(40): Illuminate\\Database\\Migrations\\Migrator->{closure:Illuminate\\Database\\Migrations\\Migrator::runUp():244}()
#12 /Users/yapi/Adi/appdev/simonas-app/vendor/laravel/framework/src/Illuminate/Database/Migrations/Migrator.php(798): Illuminate\\Console\\View\\Components\\Task->render('2026_05_01_1413...', Object(Closure))
#13 /Users/yapi/Adi/appdev/simonas-app/vendor/laravel/framework/src/Illuminate/Database/Migrations/Migrator.php(244): Illuminate\\Database\\Migrations\\Migrator->write('Illuminate\\\\Cons...', '2026_05_01_1413...', Object(Closure))
#14 /Users/yapi/Adi/appdev/simonas-app/vendor/laravel/framework/src/Illuminate/Database/Migrations/Migrator.php(211): Illuminate\\Database\\Migrations\\Migrator->runUp('/Users/yapi/Adi...', 8, false)
#15 /Users/yapi/Adi/appdev/simonas-app/vendor/laravel/framework/src/Illuminate/Database/Migrations/Migrator.php(138): Illuminate\\Database\\Migrations\\Migrator->runPending(Array, Array)
#16 /Users/yapi/Adi/appdev/simonas-app/vendor/laravel/framework/src/Illuminate/Database/Console/Migrations/MigrateCommand.php(117): Illuminate\\Database\\Migrations\\Migrator->run(Array, Array)
#17 /Users/yapi/Adi/appdev/simonas-app/vendor/laravel/framework/src/Illuminate/Database/Migrations/Migrator.php(658): Illuminate\\Database\\Console\\Migrations\\MigrateCommand->{closure:Illuminate\\Database\\Console\\Migrations\\MigrateCommand::runMigrations():110}()
#18 /Users/yapi/Adi/appdev/simonas-app/vendor/laravel/framework/src/Illuminate/Database/Console/Migrations/MigrateCommand.php(110): Illuminate\\Database\\Migrations\\Migrator->usingConnection(NULL, Object(Closure))
#19 /Users/yapi/Adi/appdev/simonas-app/vendor/laravel/framework/src/Illuminate/Database/Console/Migrations/MigrateCommand.php(89): Illuminate\\Database\\Console\\Migrations\\MigrateCommand->runMigrations()
#20 /Users/yapi/Adi/appdev/simonas-app/vendor/laravel/framework/src/Illuminate/Container/BoundMethod.php(36): Illuminate\\Database\\Console\\Migrations\\MigrateCommand->handle()
#21 /Users/yapi/Adi/appdev/simonas-app/vendor/laravel/framework/src/Illuminate/Container/Util.php(43): Illuminate\\Container\\BoundMethod::{closure:Illuminate\\Container\\BoundMethod::call():35}()
#22 /Users/yapi/Adi/appdev/simonas-app/vendor/laravel/framework/src/Illuminate/Container/BoundMethod.php(95): Illuminate\\Container\\Util::unwrapIfClosure(Object(Closure))
#23 /Users/yapi/Adi/appdev/simonas-app/vendor/laravel/framework/src/Illuminate/Container/BoundMethod.php(35): Illuminate\\Container\\BoundMethod::callBoundMethod(Object(Illuminate\\Foundation\\Application), Array, Object(Closure))
#24 /Users/yapi/Adi/appdev/simonas-app/vendor/laravel/framework/src/Illuminate/Container/Container.php(696): Illuminate\\Container\\BoundMethod::call(Object(Illuminate\\Foundation\\Application), Array, Array, NULL)
#25 /Users/yapi/Adi/appdev/simonas-app/vendor/laravel/framework/src/Illuminate/Console/Command.php(213): Illuminate\\Container\\Container->call(Array)
#26 /Users/yapi/Adi/appdev/simonas-app/vendor/symfony/console/Command/Command.php(341): Illuminate\\Console\\Command->execute(Object(Symfony\\Component\\Console\\Input\\ArgvInput), Object(Illuminate\\Console\\OutputStyle))
#27 /Users/yapi/Adi/appdev/simonas-app/vendor/laravel/framework/src/Illuminate/Console/Command.php(182): Symfony\\Component\\Console\\Command\\Command->run(Object(Symfony\\Component\\Console\\Input\\ArgvInput), Object(Illuminate\\Console\\OutputStyle))
#28 /Users/yapi/Adi/appdev/simonas-app/vendor/symfony/console/Application.php(1117): Illuminate\\Console\\Command->run(Object(Symfony\\Component\\Console\\Input\\ArgvInput), Object(Symfony\\Component\\Console\\Output\\ConsoleOutput))
#29 /Users/yapi/Adi/appdev/simonas-app/vendor/symfony/console/Application.php(356): Symfony\\Component\\Console\\Application->doRunCommand(Object(Illuminate\\Database\\Console\\Migrations\\MigrateCommand), Object(Symfony\\Component\\Console\\Input\\ArgvInput), Object(Symfony\\Component\\Console\\Output\\ConsoleOutput))
#30 /Users/yapi/Adi/appdev/simonas-app/vendor/symfony/console/Application.php(195): Symfony\\Component\\Console\\Application->doRun(Object(Symfony\\Component\\Console\\Input\\ArgvInput), Object(Symfony\\Component\\Console\\Output\\ConsoleOutput))
#31 /Users/yapi/Adi/appdev/simonas-app/vendor/laravel/framework/src/Illuminate/Foundation/Console/Kernel.php(198): Symfony\\Component\\Console\\Application->run(Object(Symfony\\Component\\Console\\Input\\ArgvInput), Object(Symfony\\Component\\Console\\Output\\ConsoleOutput))
#32 /Users/yapi/Adi/appdev/simonas-app/artisan(35): Illuminate\\Foundation\\Console\\Kernel->handle(Object(Symfony\\Component\\Console\\Input\\ArgvInput), Object(Symfony\\Component\\Console\\Output\\ConsoleOutput))
#33 {main}

[previous exception] [object] (PDOException(code: 42S01): SQLSTATE[42S01]: Base table or view already exists: 1050 Table 'alumni_comments' already exists at /Users/yapi/Adi/appdev/simonas-app/vendor/laravel/framework/src/Illuminate/Database/Connection.php:571)
[stacktrace]
#0 /Users/yapi/Adi/appdev/simonas-app/vendor/laravel/framework/src/Illuminate/Database/Connection.php(571): PDOStatement->execute()
#1 /Users/yapi/Adi/appdev/simonas-app/vendor/laravel/framework/src/Illuminate/Database/Connection.php(812): Illuminate\\Database\\Connection->{closure:Illuminate\\Database\\Connection::statement():560}('create table `a...', Array)
#2 /Users/yapi/Adi/appdev/simonas-app/vendor/laravel/framework/src/Illuminate/Database/Connection.php(779): Illuminate\\Database\\Connection->runQueryCallback('create table `a...', Array, Object(Closure))
#3 /Users/yapi/Adi/appdev/simonas-app/vendor/laravel/framework/src/Illuminate/Database/Connection.php(560): Illuminate\\Database\\Connection->run('create table `a...', Array, Object(Closure))
#4 /Users/yapi/Adi/appdev/simonas-app/vendor/laravel/framework/src/Illuminate/Database/Schema/Blueprint.php(118): Illuminate\\Database\\Connection->statement('create table `a...')
#5 /Users/yapi/Adi/appdev/simonas-app/vendor/laravel/framework/src/Illuminate/Database/Schema/Builder.php(564): Illuminate\\Database\\Schema\\Blueprint->build(Object(Illuminate\\Database\\MySqlConnection), Object(Illuminate\\Database\\Schema\\Grammars\\MySqlGrammar))
#6 /Users/yapi/Adi/appdev/simonas-app/vendor/laravel/framework/src/Illuminate/Database/Schema/Builder.php(418): Illuminate\\Database\\Schema\\Builder->build(Object(Illuminate\\Database\\Schema\\Blueprint))
#7 /Users/yapi/Adi/appdev/simonas-app/vendor/laravel/framework/src/Illuminate/Support/Facades/Facade.php(361): Illuminate\\Database\\Schema\\Builder->create('alumni_comments', Object(Closure))
#8 /Users/yapi/Adi/appdev/simonas-app/database/migrations/2026_05_01_141321_create_alumni_comments_table.php(9): Illuminate\\Support\\Facades\\Facade::__callStatic('create', Array)
#9 /Users/yapi/Adi/appdev/simonas-app/vendor/laravel/framework/src/Illuminate/Database/Migrations/Migrator.php(507): Illuminate\\Database\\Migrations\\Migration@anonymous->up()
#10 /Users/yapi/Adi/appdev/simonas-app/vendor/laravel/framework/src/Illuminate/Database/Migrations/Migrator.php(432): Illuminate\\Database\\Migrations\\Migrator->runMethod(Object(Illuminate\\Database\\MySqlConnection), Object(Illuminate\\Database\\Migrations\\Migration@anonymous), 'up')
#11 /Users/yapi/Adi/appdev/simonas-app/vendor/laravel/framework/src/Illuminate/Database/Migrations/Migrator.php(441): Illuminate\\Database\\Migrations\\Migrator->{closure:Illuminate\\Database\\Migrations\\Migrator::runMigration():428}()
#12 /Users/yapi/Adi/appdev/simonas-app/vendor/laravel/framework/src/Illuminate/Database/Migrations/Migrator.php(244): Illuminate\\Database\\Migrations\\Migrator->runMigration(Object(Illuminate\\Database\\Migrations\\Migration@anonymous), 'up')
#13 /Users/yapi/Adi/appdev/simonas-app/vendor/laravel/framework/src/Illuminate/Console/View/Components/Task.php(40): Illuminate\\Database\\Migrations\\Migrator->{closure:Illuminate\\Database\\Migrations\\Migrator::runUp():244}()
#14 /Users/yapi/Adi/appdev/simonas-app/vendor/laravel/framework/src/Illuminate/Database/Migrations/Migrator.php(798): Illuminate\\Console\\View\\Components\\Task->render('2026_05_01_1413...', Object(Closure))
#15 /Users/yapi/Adi/appdev/simonas-app/vendor/laravel/framework/src/Illuminate/Database/Migrations/Migrator.php(244): Illuminate\\Database\\Migrations\\Migrator->write('Illuminate\\\\Cons...', '2026_05_01_1413...', Object(Closure))
#16 /Users/yapi/Adi/appdev/simonas-app/vendor/laravel/framework/src/Illuminate/Database/Migrations/Migrator.php(211): Illuminate\\Database\\Migrations\\Migrator->runUp('/Users/yapi/Adi...', 8, false)
#17 /Users/yapi/Adi/appdev/simonas-app/vendor/laravel/framework/src/Illuminate/Database/Migrations/Migrator.php(138): Illuminate\\Database\\Migrations\\Migrator->runPending(Array, Array)
#18 /Users/yapi/Adi/appdev/simonas-app/vendor/laravel/framework/src/Illuminate/Database/Console/Migrations/MigrateCommand.php(117): Illuminate\\Database\\Migrations\\Migrator->run(Array, Array)
#19 /Users/yapi/Adi/appdev/simonas-app/vendor/laravel/framework/src/Illuminate/Database/Migrations/Migrator.php(658): Illuminate\\Database\\Console\\Migrations\\MigrateCommand->{closure:Illuminate\\Database\\Console\\Migrations\\MigrateCommand::runMigrations():110}()
#20 /Users/yapi/Adi/appdev/simonas-app/vendor/laravel/framework/src/Illuminate/Database/Console/Migrations/MigrateCommand.php(110): Illuminate\\Database\\Migrations\\Migrator->usingConnection(NULL, Object(Closure))
#21 /Users/yapi/Adi/appdev/simonas-app/vendor/laravel/framework/src/Illuminate/Database/Console/Migrations/MigrateCommand.php(89): Illuminate\\Database\\Console\\Migrations\\MigrateCommand->runMigrations()
#22 /Users/yapi/Adi/appdev/simonas-app/vendor/laravel/framework/src/Illuminate/Container/BoundMethod.php(36): Illuminate\\Database\\Console\\Migrations\\MigrateCommand->handle()
#23 /Users/yapi/Adi/appdev/simonas-app/vendor/laravel/framework/src/Illuminate/Container/Util.php(43): Illuminate\\Container\\BoundMethod::{closure:Illuminate\\Container\\BoundMethod::call():35}()
#24 /Users/yapi/Adi/appdev/simonas-app/vendor/laravel/framework/src/Illuminate/Container/BoundMethod.php(95): Illuminate\\Container\\Util::unwrapIfClosure(Object(Closure))
#25 /Users/yapi/Adi/appdev/simonas-app/vendor/laravel/framework/src/Illuminate/Container/BoundMethod.php(35): Illuminate\\Container\\BoundMethod::callBoundMethod(Object(Illuminate\\Foundation\\Application), Array, Object(Closure))
#26 /Users/yapi/Adi/appdev/simonas-app/vendor/laravel/framework/src/Illuminate/Container/Container.php(696): Illuminate\\Container\\BoundMethod::call(Object(Illuminate\\Foundation\\Application), Array, Array, NULL)
#27 /Users/yapi/Adi/appdev/simonas-app/vendor/laravel/framework/src/Illuminate/Console/Command.php(213): Illuminate\\Container\\Container->call(Array)
#28 /Users/yapi/Adi/appdev/simonas-app/vendor/symfony/console/Command/Command.php(341): Illuminate\\Console\\Command->execute(Object(Symfony\\Component\\Console\\Input\\ArgvInput), Object(Illuminate\\Console\\OutputStyle))
#29 /Users/yapi/Adi/appdev/simonas-app/vendor/laravel/framework/src/Illuminate/Console/Command.php(182): Symfony\\Component\\Console\\Command\\Command->run(Object(Symfony\\Component\\Console\\Input\\ArgvInput), Object(Illuminate\\Console\\OutputStyle))
#30 /Users/yapi/Adi/appdev/simonas-app/vendor/symfony/console/Application.php(1117): Illuminate\\Console\\Command->run(Object(Symfony\\Component\\Console\\Input\\ArgvInput), Object(Symfony\\Component\\Console\\Output\\ConsoleOutput))
#31 /Users/yapi/Adi/appdev/simonas-app/vendor/symfony/console/Application.php(356): Symfony\\Component\\Console\\Application->doRunCommand(Object(Illuminate\\Database\\Console\\Migrations\\MigrateCommand), Object(Symfony\\Component\\Console\\Input\\ArgvInput), Object(Symfony\\Component\\Console\\Output\\ConsoleOutput))
#32 /Users/yapi/Adi/appdev/simonas-app/vendor/symfony/console/Application.php(195): Symfony\\Component\\Console\\Application->doRun(Object(Symfony\\Component\\Console\\Input\\ArgvInput), Object(Symfony\\Component\\Console\\Output\\ConsoleOutput))
#33 /Users/yapi/Adi/appdev/simonas-app/vendor/laravel/framework/src/Illuminate/Foundation/Console/Kernel.php(198): Symfony\\Component\\Console\\Application->run(Object(Symfony\\Component\\Console\\Input\\ArgvInput), Object(Symfony\\Component\\Console\\Output\\ConsoleOutput))
#34 /Users/yapi/Adi/appdev/simonas-app/artisan(35): Illuminate\\Foundation\\Console\\Kernel->handle(Object(Symfony\\Component\\Console\\Input\\ArgvInput), Object(Symfony\\Component\\Console\\Output\\ConsoleOutput))
#35 {main}
"} 
[2026-05-01 14:15:03] local.ERROR: Command "db:statement" is not defined.

Did you mean one of these?
    db
    db:monitor
    db:seed
    db:show
    db:table
    db:wipe {"exception":"[object] (Symfony\\Component\\Console\\Exception\\CommandNotFoundException(code: 0): Command \"db:statement\" is not defined.

Did you mean one of these?
    db
    db:monitor
    db:seed
    db:show
    db:table
    db:wipe at /Users/yapi/Adi/appdev/simonas-app/vendor/symfony/console/Application.php:759)
[stacktrace]
#0 /Users/yapi/Adi/appdev/simonas-app/vendor/symfony/console/Application.php(298): Symfony\\Component\\Console\\Application->find('db:statement')
#1 /Users/yapi/Adi/appdev/simonas-app/vendor/symfony/console/Application.php(195): Symfony\\Component\\Console\\Application->doRun(Object(Symfony\\Component\\Console\\Input\\ArgvInput), Object(Symfony\\Component\\Console\\Output\\ConsoleOutput))
#2 /Users/yapi/Adi/appdev/simonas-app/vendor/laravel/framework/src/Illuminate/Foundation/Console/Kernel.php(198): Symfony\\Component\\Console\\Application->run(Object(Symfony\\Component\\Console\\Input\\ArgvInput), Object(Symfony\\Component\\Console\\Output\\ConsoleOutput))
#3 /Users/yapi/Adi/appdev/simonas-app/artisan(35): Illuminate\\Foundation\\Console\\Kernel->handle(Object(Symfony\\Component\\Console\\Input\\ArgvInput), Object(Symfony\\Component\\Console\\Output\\ConsoleOutput))
#4 {main}
"} 
[2026-05-01 14:15:18] local.ERROR: SQLSTATE[42S01]: Base table or view already exists: 1050 Table 'alumni_comments' already exists (Connection: mysql, SQL: create table `alumni_comments` (`id` bigint unsigned not null auto_increment primary key, `alumni_post_id` bigint unsigned not null, `user_id` bigint unsigned not null, `content` text not null, `created_at` timestamp null, `updated_at` timestamp null) default character set utf8mb4 collate 'utf8mb4_unicode_ci') {"exception":"[object] (Illuminate\\Database\\QueryException(code: 42S01): SQLSTATE[42S01]: Base table or view already exists: 1050 Table 'alumni_comments' already exists (Connection: mysql, SQL: create table `alumni_comments` (`id` bigint unsigned not null auto_increment primary key, `alumni_post_id` bigint unsigned not null, `user_id` bigint unsigned not null, `content` text not null, `created_at` timestamp null, `updated_at` timestamp null) default character set utf8mb4 collate 'utf8mb4_unicode_ci') at /Users/yapi/Adi/appdev/simonas-app/vendor/laravel/framework/src/Illuminate/Database/Connection.php:825)
[stacktrace]
#0 /Users/yapi/Adi/appdev/simonas-app/vendor/laravel/framework/src/Illuminate/Database/Connection.php(779): Illuminate\\Database\\Connection->runQueryCallback('create table `a...', Array, Object(Closure))
#1 /Users/yapi/Adi/appdev/simonas-app/vendor/laravel/framework/src/Illuminate/Database/Connection.php(560): Illuminate\\Database\\Connection->run('create table `a...', Array, Object(Closure))
#2 /Users/yapi/Adi/appdev/simonas-app/vendor/laravel/framework/src/Illuminate/Database/Schema/Blueprint.php(118): Illuminate\\Database\\Connection->statement('create table `a...')
#3 /Users/yapi/Adi/appdev/simonas-app/vendor/laravel/framework/src/Illuminate/Database/Schema/Builder.php(564): Illuminate\\Database\\Schema\\Blueprint->build(Object(Illuminate\\Database\\MySqlConnection), Object(Illuminate\\Database\\Schema\\Grammars\\MySqlGrammar))
#4 /Users/yapi/Adi/appdev/simonas-app/vendor/laravel/framework/src/Illuminate/Database/Schema/Builder.php(418): Illuminate\\Database\\Schema\\Builder->build(Object(Illuminate\\Database\\Schema\\Blueprint))
#5 /Users/yapi/Adi/appdev/simonas-app/vendor/laravel/framework/src/Illuminate/Support/Facades/Facade.php(361): Illuminate\\Database\\Schema\\Builder->create('alumni_comments', Object(Closure))
#6 /Users/yapi/Adi/appdev/simonas-app/database/migrations/2026_05_01_141321_create_alumni_comments_table.php(9): Illuminate\\Support\\Facades\\Facade::__callStatic('create', Array)
#7 /Users/yapi/Adi/appdev/simonas-app/vendor/laravel/framework/src/Illuminate/Database/Migrations/Migrator.php(507): Illuminate\\Database\\Migrations\\Migration@anonymous->up()
#8 /Users/yapi/Adi/appdev/simonas-app/vendor/laravel/framework/src/Illuminate/Database/Migrations/Migrator.php(432): Illuminate\\Database\\Migrations\\Migrator->runMethod(Object(Illuminate\\Database\\MySqlConnection), Object(Illuminate\\Database\\Migrations\\Migration@anonymous), 'up')
#9 /Users/yapi/Adi/appdev/simonas-app/vendor/laravel/framework/src/Illuminate/Database/Migrations/Migrator.php(441): Illuminate\\Database\\Migrations\\Migrator->{closure:Illuminate\\Database\\Migrations\\Migrator::runMigration():428}()
#10 /Users/yapi/Adi/appdev/simonas-app/vendor/laravel/framework/src/Illuminate/Database/Migrations/Migrator.php(244): Illuminate\\Database\\Migrations\\Migrator->runMigration(Object(Illuminate\\Database\\Migrations\\Migration@anonymous), 'up')
#11 /Users/yapi/Adi/appdev/simonas-app/vendor/laravel/framework/src/Illuminate/Console/View/Components/Task.php(40): Illuminate\\Database\\Migrations\\Migrator->{closure:Illuminate\\Database\\Migrations\\Migrator::runUp():244}()
#12 /Users/yapi/Adi/appdev/simonas-app/vendor/laravel/framework/src/Illuminate/Database/Migrations/Migrator.php(798): Illuminate\\Console\\View\\Components\\Task->render('2026_05_01_1413...', Object(Closure))
#13 /Users/yapi/Adi/appdev/simonas-app/vendor/laravel/framework/src/Illuminate/Database/Migrations/Migrator.php(244): Illuminate\\Database\\Migrations\\Migrator->write('Illuminate\\\\Cons...', '2026_05_01_1413...', Object(Closure))
#14 /Users/yapi/Adi/appdev/simonas-app/vendor/laravel/framework/src/Illuminate/Database/Migrations/Migrator.php(211): Illuminate\\Database\\Migrations\\Migrator->runUp('/Users/yapi/Adi...', 9, false)
#15 /Users/yapi/Adi/appdev/simonas-app/vendor/laravel/framework/src/Illuminate/Database/Migrations/Migrator.php(138): Illuminate\\Database\\Migrations\\Migrator->runPending(Array, Array)
#16 /Users/yapi/Adi/appdev/simonas-app/vendor/laravel/framework/src/Illuminate/Database/Console/Migrations/MigrateCommand.php(117): Illuminate\\Database\\Migrations\\Migrator->run(Array, Array)
#17 /Users/yapi/Adi/appdev/simonas-app/vendor/laravel/framework/src/Illuminate/Database/Migrations/Migrator.php(658): Illuminate\\Database\\Console\\Migrations\\MigrateCommand->{closure:Illuminate\\Database\\Console\\Migrations\\MigrateCommand::runMigrations():110}()
#18 /Users/yapi/Adi/appdev/simonas-app/vendor/laravel/framework/src/Illuminate/Database/Console/Migrations/MigrateCommand.php(110): Illuminate\\Database\\Migrations\\Migrator->usingConnection(NULL, Object(Closure))
#19 /Users/yapi/Adi/appdev/simonas-app/vendor/laravel/framework/src/Illuminate/Database/Console/Migrations/MigrateCommand.php(89): Illuminate\\Database\\Console\\Migrations\\MigrateCommand->runMigrations()
#20 /Users/yapi/Adi/appdev/simonas-app/vendor/laravel/framework/src/Illuminate/Container/BoundMethod.php(36): Illuminate\\Database\\Console\\Migrations\\MigrateCommand->handle()
#21 /Users/yapi/Adi/appdev/simonas-app/vendor/laravel/framework/src/Illuminate/Container/Util.php(43): Illuminate\\Container\\BoundMethod::{closure:Illuminate\\Container\\BoundMethod::call():35}()
#22 /Users/yapi/Adi/appdev/simonas-app/vendor/laravel/framework/src/Illuminate/Container/BoundMethod.php(95): Illuminate\\Container\\Util::unwrapIfClosure(Object(Closure))
#23 /Users/yapi/Adi/appdev/simonas-app/vendor/laravel/framework/src/Illuminate/Container/BoundMethod.php(35): Illuminate\\Container\\BoundMethod::callBoundMethod(Object(Illuminate\\Foundation\\Application), Array, Object(Closure))
#24 /Users/yapi/Adi/appdev/simonas-app/vendor/laravel/framework/src/Illuminate/Container/Container.php(696): Illuminate\\Container\\BoundMethod::call(Object(Illuminate\\Foundation\\Application), Array, Array, NULL)
#25 /Users/yapi/Adi/appdev/simonas-app/vendor/laravel/framework/src/Illuminate/Console/Command.php(213): Illuminate\\Container\\Container->call(Array)
#26 /Users/yapi/Adi/appdev/simonas-app/vendor/symfony/console/Command/Command.php(341): Illuminate\\Console\\Command->execute(Object(Symfony\\Component\\Console\\Input\\ArgvInput), Object(Illuminate\\Console\\OutputStyle))
#27 /Users/yapi/Adi/appdev/simonas-app/vendor/laravel/framework/src/Illuminate/Console/Command.php(182): Symfony\\Component\\Console\\Command\\Command->run(Object(Symfony\\Component\\Console\\Input\\ArgvInput), Object(Illuminate\\Console\\OutputStyle))
#28 /Users/yapi/Adi/appdev/simonas-app/vendor/symfony/console/Application.php(1117): Illuminate\\Console\\Command->run(Object(Symfony\\Component\\Console\\Input\\ArgvInput), Object(Symfony\\Component\\Console\\Output\\ConsoleOutput))
#29 /Users/yapi/Adi/appdev/simonas-app/vendor/symfony/console/Application.php(356): Symfony\\Component\\Console\\Application->doRunCommand(Object(Illuminate\\Database\\Console\\Migrations\\MigrateCommand), Object(Symfony\\Component\\Console\\Input\\ArgvInput), Object(Symfony\\Component\\Console\\Output\\ConsoleOutput))
#30 /Users/yapi/Adi/appdev/simonas-app/vendor/symfony/console/Application.php(195): Symfony\\Component\\Console\\Application->doRun(Object(Symfony\\Component\\Console\\Input\\ArgvInput), Object(Symfony\\Component\\Console\\Output\\ConsoleOutput))
#31 /Users/yapi/Adi/appdev/simonas-app/vendor/laravel/framework/src/Illuminate/Foundation/Console/Kernel.php(198): Symfony\\Component\\Console\\Application->run(Object(Symfony\\Component\\Console\\Input\\ArgvInput), Object(Symfony\\Component\\Console\\Output\\ConsoleOutput))
#32 /Users/yapi/Adi/appdev/simonas-app/artisan(35): Illuminate\\Foundation\\Console\\Kernel->handle(Object(Symfony\\Component\\Console\\Input\\ArgvInput), Object(Symfony\\Component\\Console\\Output\\ConsoleOutput))
#33 {main}

[previous exception] [object] (PDOException(code: 42S01): SQLSTATE[42S01]: Base table or view already exists: 1050 Table 'alumni_comments' already exists at /Users/yapi/Adi/appdev/simonas-app/vendor/laravel/framework/src/Illuminate/Database/Connection.php:571)
[stacktrace]
#0 /Users/yapi/Adi/appdev/simonas-app/vendor/laravel/framework/src/Illuminate/Database/Connection.php(571): PDOStatement->execute()
#1 /Users/yapi/Adi/appdev/simonas-app/vendor/laravel/framework/src/Illuminate/Database/Connection.php(812): Illuminate\\Database\\Connection->{closure:Illuminate\\Database\\Connection::statement():560}('create table `a...', Array)
#2 /Users/yapi/Adi/appdev/simonas-app/vendor/laravel/framework/src/Illuminate/Database/Connection.php(779): Illuminate\\Database\\Connection->runQueryCallback('create table `a...', Array, Object(Closure))
#3 /Users/yapi/Adi/appdev/simonas-app/vendor/laravel/framework/src/Illuminate/Database/Connection.php(560): Illuminate\\Database\\Connection->run('create table `a...', Array, Object(Closure))
#4 /Users/yapi/Adi/appdev/simonas-app/vendor/laravel/framework/src/Illuminate/Database/Schema/Blueprint.php(118): Illuminate\\Database\\Connection->statement('create table `a...')
#5 /Users/yapi/Adi/appdev/simonas-app/vendor/laravel/framework/src/Illuminate/Database/Schema/Builder.php(564): Illuminate\\Database\\Schema\\Blueprint->build(Object(Illuminate\\Database\\MySqlConnection), Object(Illuminate\\Database\\Schema\\Grammars\\MySqlGrammar))
#6 /Users/yapi/Adi/appdev/simonas-app/vendor/laravel/framework/src/Illuminate/Database/Schema/Builder.php(418): Illuminate\\Database\\Schema\\Builder->build(Object(Illuminate\\Database\\Schema\\Blueprint))
#7 /Users/yapi/Adi/appdev/simonas-app/vendor/laravel/framework/src/Illuminate/Support/Facades/Facade.php(361): Illuminate\\Database\\Schema\\Builder->create('alumni_comments', Object(Closure))
#8 /Users/yapi/Adi/appdev/simonas-app/database/migrations/2026_05_01_141321_create_alumni_comments_table.php(9): Illuminate\\Support\\Facades\\Facade::__callStatic('create', Array)
#9 /Users/yapi/Adi/appdev/simonas-app/vendor/laravel/framework/src/Illuminate/Database/Migrations/Migrator.php(507): Illuminate\\Database\\Migrations\\Migration@anonymous->up()
#10 /Users/yapi/Adi/appdev/simonas-app/vendor/laravel/framework/src/Illuminate/Database/Migrations/Migrator.php(432): Illuminate\\Database\\Migrations\\Migrator->runMethod(Object(Illuminate\\Database\\MySqlConnection), Object(Illuminate\\Database\\Migrations\\Migration@anonymous), 'up')
#11 /Users/yapi/Adi/appdev/simonas-app/vendor/laravel/framework/src/Illuminate/Database/Migrations/Migrator.php(441): Illuminate\\Database\\Migrations\\Migrator->{closure:Illuminate\\Database\\Migrations\\Migrator::runMigration():428}()
#12 /Users/yapi/Adi/appdev/simonas-app/vendor/laravel/framework/src/Illuminate/Database/Migrations/Migrator.php(244): Illuminate\\Database\\Migrations\\Migrator->runMigration(Object(Illuminate\\Database\\Migrations\\Migration@anonymous), 'up')
#13 /Users/yapi/Adi/appdev/simonas-app/vendor/laravel/framework/src/Illuminate/Console/View/Components/Task.php(40): Illuminate\\Database\\Migrations\\Migrator->{closure:Illuminate\\Database\\Migrations\\Migrator::runUp():244}()
#14 /Users/yapi/Adi/appdev/simonas-app/vendor/laravel/framework/src/Illuminate/Database/Migrations/Migrator.php(798): Illuminate\\Console\\View\\Components\\Task->render('2026_05_01_1413...', Object(Closure))
#15 /Users/yapi/Adi/appdev/simonas-app/vendor/laravel/framework/src/Illuminate/Database/Migrations/Migrator.php(244): Illuminate\\Database\\Migrations\\Migrator->write('Illuminate\\\\Cons...', '2026_05_01_1413...', Object(Closure))
#16 /Users/yapi/Adi/appdev/simonas-app/vendor/laravel/framework/src/Illuminate/Database/Migrations/Migrator.php(211): Illuminate\\Database\\Migrations\\Migrator->runUp('/Users/yapi/Adi...', 9, false)
#17 /Users/yapi/Adi/appdev/simonas-app/vendor/laravel/framework/src/Illuminate/Database/Migrations/Migrator.php(138): Illuminate\\Database\\Migrations\\Migrator->runPending(Array, Array)
#18 /Users/yapi/Adi/appdev/simonas-app/vendor/laravel/framework/src/Illuminate/Database/Console/Migrations/MigrateCommand.php(117): Illuminate\\Database\\Migrations\\Migrator->run(Array, Array)
#19 /Users/yapi/Adi/appdev/simonas-app/vendor/laravel/framework/src/Illuminate/Database/Migrations/Migrator.php(658): Illuminate\\Database\\Console\\Migrations\\MigrateCommand->{closure:Illuminate\\Database\\Console\\Migrations\\MigrateCommand::runMigrations():110}()
#20 /Users/yapi/Adi/appdev/simonas-app/vendor/laravel/framework/src/Illuminate/Database/Console/Migrations/MigrateCommand.php(110): Illuminate\\Database\\Migrations\\Migrator->usingConnection(NULL, Object(Closure))
#21 /Users/yapi/Adi/appdev/simonas-app/vendor/laravel/framework/src/Illuminate/Database/Console/Migrations/MigrateCommand.php(89): Illuminate\\Database\\Console\\Migrations\\MigrateCommand->runMigrations()
#22 /Users/yapi/Adi/appdev/simonas-app/vendor/laravel/framework/src/Illuminate/Container/BoundMethod.php(36): Illuminate\\Database\\Console\\Migrations\\MigrateCommand->handle()
#23 /Users/yapi/Adi/appdev/simonas-app/vendor/laravel/framework/src/Illuminate/Container/Util.php(43): Illuminate\\Container\\BoundMethod::{closure:Illuminate\\Container\\BoundMethod::call():35}()
#24 /Users/yapi/Adi/appdev/simonas-app/vendor/laravel/framework/src/Illuminate/Container/BoundMethod.php(95): Illuminate\\Container\\Util::unwrapIfClosure(Object(Closure))
#25 /Users/yapi/Adi/appdev/simonas-app/vendor/laravel/framework/src/Illuminate/Container/BoundMethod.php(35): Illuminate\\Container\\BoundMethod::callBoundMethod(Object(Illuminate\\Foundation\\Application), Array, Object(Closure))
#26 /Users/yapi/Adi/appdev/simonas-app/vendor/laravel/framework/src/Illuminate/Container/Container.php(696): Illuminate\\Container\\BoundMethod::call(Object(Illuminate\\Foundation\\Application), Array, Array, NULL)
#27 /Users/yapi/Adi/appdev/simonas-app/vendor/laravel/framework/src/Illuminate/Console/Command.php(213): Illuminate\\Container\\Container->call(Array)
#28 /Users/yapi/Adi/appdev/simonas-app/vendor/symfony/console/Command/Command.php(341): Illuminate\\Console\\Command->execute(Object(Symfony\\Component\\Console\\Input\\ArgvInput), Object(Illuminate\\Console\\OutputStyle))
#29 /Users/yapi/Adi/appdev/simonas-app/vendor/laravel/framework/src/Illuminate/Console/Command.php(182): Symfony\\Component\\Console\\Command\\Command->run(Object(Symfony\\Component\\Console\\Input\\ArgvInput), Object(Illuminate\\Console\\OutputStyle))
#30 /Users/yapi/Adi/appdev/simonas-app/vendor/symfony/console/Application.php(1117): Illuminate\\Console\\Command->run(Object(Symfony\\Component\\Console\\Input\\ArgvInput), Object(Symfony\\Component\\Console\\Output\\ConsoleOutput))
#31 /Users/yapi/Adi/appdev/simonas-app/vendor/symfony/console/Application.php(356): Symfony\\Component\\Console\\Application->doRunCommand(Object(Illuminate\\Database\\Console\\Migrations\\MigrateCommand), Object(Symfony\\Component\\Console\\Input\\ArgvInput), Object(Symfony\\Component\\Console\\Output\\ConsoleOutput))
#32 /Users/yapi/Adi/appdev/simonas-app/vendor/symfony/console/Application.php(195): Symfony\\Component\\Console\\Application->doRun(Object(Symfony\\Component\\Console\\Input\\ArgvInput), Object(Symfony\\Component\\Console\\Output\\ConsoleOutput))
#33 /Users/yapi/Adi/appdev/simonas-app/vendor/laravel/framework/src/Illuminate/Foundation/Console/Kernel.php(198): Symfony\\Component\\Console\\Application->run(Object(Symfony\\Component\\Console\\Input\\ArgvInput), Object(Symfony\\Component\\Console\\Output\\ConsoleOutput))
#34 /Users/yapi/Adi/appdev/simonas-app/artisan(35): Illuminate\\Foundation\\Console\\Kernel->handle(Object(Symfony\\Component\\Console\\Input\\ArgvInput), Object(Symfony\\Component\\Console\\Output\\ConsoleOutput))
#35 {main}
"} 
[2026-05-01 14:32:01] local.ERROR: SQLSTATE[42S02]: Base table or view not found: 1146 Table 'simonas_local.alumni_businesses' doesn't exist (Connection: mysql, SQL: select * from `alumni_businesses` where `alumni_id` = 4 limit 1) {"userId":4,"exception":"[object] (Illuminate\\Database\\QueryException(code: 42S02): SQLSTATE[42S02]: Base table or view not found: 1146 Table 'simonas_local.alumni_businesses' doesn't exist (Connection: mysql, SQL: select * from `alumni_businesses` where `alumni_id` = 4 limit 1) at /Users/yapi/Adi/appdev/simonas-app/vendor/laravel/framework/src/Illuminate/Database/Connection.php:825)
[stacktrace]
#0 /Users/yapi/Adi/appdev/simonas-app/vendor/laravel/framework/src/Illuminate/Database/Connection.php(779): Illuminate\\Database\\Connection->runQueryCallback('select * from `...', Array, Object(Closure))
#1 /Users/yapi/Adi/appdev/simonas-app/vendor/laravel/framework/src/Illuminate/Database/Connection.php(398): Illuminate\\Database\\Connection->run('select * from `...', Array, Object(Closure))
#2 /Users/yapi/Adi/appdev/simonas-app/vendor/laravel/framework/src/Illuminate/Database/Query/Builder.php(3106): Illuminate\\Database\\Connection->select('select * from `...', Array, true)
#3 /Users/yapi/Adi/appdev/simonas-app/vendor/laravel/framework/src/Illuminate/Database/Query/Builder.php(3091): Illuminate\\Database\\Query\\Builder->runSelect()
#4 /Users/yapi/Adi/appdev/simonas-app/vendor/laravel/framework/src/Illuminate/Database/Query/Builder.php(3676): Illuminate\\Database\\Query\\Builder->{closure:Illuminate\\Database\\Query\\Builder::get():3090}()
#5 /Users/yapi/Adi/appdev/simonas-app/vendor/laravel/framework/src/Illuminate/Database/Query/Builder.php(3090): Illuminate\\Database\\Query\\Builder->onceWithColumns(Array, Object(Closure))
#6 /Users/yapi/Adi/appdev/simonas-app/vendor/laravel/framework/src/Illuminate/Database/Eloquent/Builder.php(811): Illuminate\\Database\\Query\\Builder->get(Array)
#7 /Users/yapi/Adi/appdev/simonas-app/vendor/laravel/framework/src/Illuminate/Database/Eloquent/Builder.php(793): Illuminate\\Database\\Eloquent\\Builder->getModels(Array)
#8 /Users/yapi/Adi/appdev/simonas-app/vendor/laravel/framework/src/Illuminate/Database/Concerns/BuildsQueries.php(343): Illuminate\\Database\\Eloquent\\Builder->get(Array)
#9 /Users/yapi/Adi/appdev/simonas-app/app/Http/Controllers/Web/Alumni/AlumniProfileController.php(30): Illuminate\\Database\\Eloquent\\Builder->first()
#10 /Users/yapi/Adi/appdev/simonas-app/vendor/laravel/framework/src/Illuminate/Routing/Controller.php(54): App\\Http\\Controllers\\Web\\Alumni\\AlumniProfileController->index(Object(Illuminate\\Http\\Request))
#11 /Users/yapi/Adi/appdev/simonas-app/vendor/laravel/framework/src/Illuminate/Routing/ControllerDispatcher.php(44): Illuminate\\Routing\\Controller->callAction('index', Array)
#12 /Users/yapi/Adi/appdev/simonas-app/vendor/laravel/framework/src/Illuminate/Routing/Route.php(266): Illuminate\\Routing\\ControllerDispatcher->dispatch(Object(Illuminate\\Routing\\Route), Object(App\\Http\\Controllers\\Web\\Alumni\\AlumniProfileController), 'index')
#13 /Users/yapi/Adi/appdev/simonas-app/vendor/laravel/framework/src/Illuminate/Routing/Route.php(212): Illuminate\\Routing\\Route->runController()
#14 /Users/yapi/Adi/appdev/simonas-app/vendor/laravel/framework/src/Illuminate/Routing/Router.php(808): Illuminate\\Routing\\Route->run()
#15 /Users/yapi/Adi/appdev/simonas-app/vendor/laravel/framework/src/Illuminate/Pipeline/Pipeline.php(170): Illuminate\\Routing\\Router->{closure:Illuminate\\Routing\\Router::runRouteWithinStack():807}(Object(Illuminate\\Http\\Request))
#16 /Users/yapi/Adi/appdev/simonas-app/vendor/laravel/framework/src/Illuminate/Auth/Middleware/Authorize.php(60): Illuminate\\Pipeline\\Pipeline->{closure:Illuminate\\Pipeline\\Pipeline::prepareDestination():168}(Object(Illuminate\\Http\\Request))
#17 /Users/yapi/Adi/appdev/simonas-app/vendor/laravel/framework/src/Illuminate/Pipeline/Pipeline.php(209): Illuminate\\Auth\\Middleware\\Authorize->handle(Object(Illuminate\\Http\\Request), Object(Closure), 'access-alumni')
#18 /Users/yapi/Adi/appdev/simonas-app/vendor/inertiajs/inertia-laravel/src/Middleware.php(138): Illuminate\\Pipeline\\Pipeline->{closure:{closure:Illuminate\\Pipeline\\Pipeline::carry():184}:185}(Object(Illuminate\\Http\\Request))
#19 /Users/yapi/Adi/appdev/simonas-app/vendor/laravel/framework/src/Illuminate/Pipeline/Pipeline.php(209): Inertia\\Middleware->handle(Object(Illuminate\\Http\\Request), Object(Closure))
#20 /Users/yapi/Adi/appdev/simonas-app/vendor/laravel/framework/src/Illuminate/Routing/Middleware/SubstituteBindings.php(51): Illuminate\\Pipeline\\Pipeline->{closure:{closure:Illuminate\\Pipeline\\Pipeline::carry():184}:185}(Object(Illuminate\\Http\\Request))
#21 /Users/yapi/Adi/appdev/simonas-app/vendor/laravel/framework/src/Illuminate/Pipeline/Pipeline.php(209): Illuminate\\Routing\\Middleware\\SubstituteBindings->handle(Object(Illuminate\\Http\\Request), Object(Closure))
#22 /Users/yapi/Adi/appdev/simonas-app/vendor/laravel/framework/src/Illuminate/Auth/Middleware/Authenticate.php(64): Illuminate\\Pipeline\\Pipeline->{closure:{closure:Illuminate\\Pipeline\\Pipeline::carry():184}:185}(Object(Illuminate\\Http\\Request))
#23 /Users/yapi/Adi/appdev/simonas-app/vendor/laravel/framework/src/Illuminate/Pipeline/Pipeline.php(209): Illuminate\\Auth\\Middleware\\Authenticate->handle(Object(Illuminate\\Http\\Request), Object(Closure))
#24 /Users/yapi/Adi/appdev/simonas-app/vendor/laravel/framework/src/Illuminate/Foundation/Http/Middleware/VerifyCsrfToken.php(88): Illuminate\\Pipeline\\Pipeline->{closure:{closure:Illuminate\\Pipeline\\Pipeline::carry():184}:185}(Object(Illuminate\\Http\\Request))
#25 /Users/yapi/Adi/appdev/simonas-app/vendor/laravel/framework/src/Illuminate/Pipeline/Pipeline.php(209): Illuminate\\Foundation\\Http\\Middleware\\VerifyCsrfToken->handle(Object(Illuminate\\Http\\Request), Object(Closure))
#26 /Users/yapi/Adi/appdev/simonas-app/vendor/laravel/framework/src/Illuminate/View/Middleware/ShareErrorsFromSession.php(49): Illuminate\\Pipeline\\Pipeline->{closure:{closure:Illuminate\\Pipeline\\Pipeline::carry():184}:185}(Object(Illuminate\\Http\\Request))
#27 /Users/yapi/Adi/appdev/simonas-app/vendor/laravel/framework/src/Illuminate/Pipeline/Pipeline.php(209): Illuminate\\View\\Middleware\\ShareErrorsFromSession->handle(Object(Illuminate\\Http\\Request), Object(Closure))
#28 /Users/yapi/Adi/appdev/simonas-app/vendor/laravel/framework/src/Illuminate/Session/Middleware/StartSession.php(121): Illuminate\\Pipeline\\Pipeline->{closure:{closure:Illuminate\\Pipeline\\Pipeline::carry():184}:185}(Object(Illuminate\\Http\\Request))
#29 /Users/yapi/Adi/appdev/simonas-app/vendor/laravel/framework/src/Illuminate/Session/Middleware/StartSession.php(64): Illuminate\\Session\\Middleware\\StartSession->handleStatefulRequest(Object(Illuminate\\Http\\Request), Object(Illuminate\\Session\\Store), Object(Closure))
#30 /Users/yapi/Adi/appdev/simonas-app/vendor/laravel/framework/src/Illuminate/Pipeline/Pipeline.php(209): Illuminate\\Session\\Middleware\\StartSession->handle(Object(Illuminate\\Http\\Request), Object(Closure))
#31 /Users/yapi/Adi/appdev/simonas-app/vendor/laravel/framework/src/Illuminate/Cookie/Middleware/AddQueuedCookiesToResponse.php(37): Illuminate\\Pipeline\\Pipeline->{closure:{closure:Illuminate\\Pipeline\\Pipeline::carry():184}:185}(Object(Illuminate\\Http\\Request))
#32 /Users/yapi/Adi/appdev/simonas-app/vendor/laravel/framework/src/Illuminate/Pipeline/Pipeline.php(209): Illuminate\\Cookie\\Middleware\\AddQueuedCookiesToResponse->handle(Object(Illuminate\\Http\\Request), Object(Closure))
#33 /Users/yapi/Adi/appdev/simonas-app/vendor/laravel/framework/src/Illuminate/Cookie/Middleware/EncryptCookies.php(75): Illuminate\\Pipeline\\Pipeline->{closure:{closure:Illuminate\\Pipeline\\Pipeline::carry():184}:185}(Object(Illuminate\\Http\\Request))
#34 /Users/yapi/Adi/appdev/simonas-app/vendor/laravel/framework/src/Illuminate/Pipeline/Pipeline.php(209): Illuminate\\Cookie\\Middleware\\EncryptCookies->handle(Object(Illuminate\\Http\\Request), Object(Closure))
#35 /Users/yapi/Adi/appdev/simonas-app/vendor/laravel/framework/src/Illuminate/Pipeline/Pipeline.php(127): Illuminate\\Pipeline\\Pipeline->{closure:{closure:Illuminate\\Pipeline\\Pipeline::carry():184}:185}(Object(Illuminate\\Http\\Request))
#36 /Users/yapi/Adi/appdev/simonas-app/vendor/laravel/framework/src/Illuminate/Routing/Router.php(807): Illuminate\\Pipeline\\Pipeline->then(Object(Closure))
#37 /Users/yapi/Adi/appdev/simonas-app/vendor/laravel/framework/src/Illuminate/Routing/Router.php(786): Illuminate\\Routing\\Router->runRouteWithinStack(Object(Illuminate\\Routing\\Route), Object(Illuminate\\Http\\Request))
#38 /Users/yapi/Adi/appdev/simonas-app/vendor/laravel/framework/src/Illuminate/Routing/Router.php(750): Illuminate\\Routing\\Router->runRoute(Object(Illuminate\\Http\\Request), Object(Illuminate\\Routing\\Route))
#39 /Users/yapi/Adi/appdev/simonas-app/vendor/laravel/framework/src/Illuminate/Routing/Router.php(739): Illuminate\\Routing\\Router->dispatchToRoute(Object(Illuminate\\Http\\Request))
#40 /Users/yapi/Adi/appdev/simonas-app/vendor/laravel/framework/src/Illuminate/Foundation/Http/Kernel.php(201): Illuminate\\Routing\\Router->dispatch(Object(Illuminate\\Http\\Request))
#41 /Users/yapi/Adi/appdev/simonas-app/vendor/laravel/framework/src/Illuminate/Pipeline/Pipeline.php(170): Illuminate\\Foundation\\Http\\Kernel->{closure:Illuminate\\Foundation\\Http\\Kernel::dispatchToRouter():198}(Object(Illuminate\\Http\\Request))
#42 /Users/yapi/Adi/appdev/simonas-app/vendor/inertiajs/inertia-laravel/src/Middleware/EnsureGetOnRedirect.php(19): Illuminate\\Pipeline\\Pipeline->{closure:Illuminate\\Pipeline\\Pipeline::prepareDestination():168}(Object(Illuminate\\Http\\Request))
#43 /Users/yapi/Adi/appdev/simonas-app/vendor/laravel/framework/src/Illuminate/Pipeline/Pipeline.php(209): Inertia\\Middleware\\EnsureGetOnRedirect->handle(Object(Illuminate\\Http\\Request), Object(Closure))
#44 /Users/yapi/Adi/appdev/simonas-app/app/Http/Middleware/CacheStaticAssets.php(17): Illuminate\\Pipeline\\Pipeline->{closure:{closure:Illuminate\\Pipeline\\Pipeline::carry():184}:185}(Object(Illuminate\\Http\\Request))
#45 /Users/yapi/Adi/appdev/simonas-app/vendor/laravel/framework/src/Illuminate/Pipeline/Pipeline.php(209): App\\Http\\Middleware\\CacheStaticAssets->handle(Object(Illuminate\\Http\\Request), Object(Closure))
#46 /Users/yapi/Adi/appdev/simonas-app/vendor/laravel/framework/src/Illuminate/Foundation/Http/Middleware/TransformsRequest.php(21): Illuminate\\Pipeline\\Pipeline->{closure:{closure:Illuminate\\Pipeline\\Pipeline::carry():184}:185}(Object(Illuminate\\Http\\Request))
#47 /Users/yapi/Adi/appdev/simonas-app/vendor/laravel/framework/src/Illuminate/Foundation/Http/Middleware/ConvertEmptyStringsToNull.php(31): Illuminate\\Foundation\\Http\\Middleware\\TransformsRequest->handle(Object(Illuminate\\Http\\Request), Object(Closure))
#48 /Users/yapi/Adi/appdev/simonas-app/vendor/laravel/framework/src/Illuminate/Pipeline/Pipeline.php(209): Illuminate\\Foundation\\Http\\Middleware\\ConvertEmptyStringsToNull->handle(Object(Illuminate\\Http\\Request), Object(Closure))
#49 /Users/yapi/Adi/appdev/simonas-app/vendor/laravel/framework/src/Illuminate/Foundation/Http/Middleware/TransformsRequest.php(21): Illuminate\\Pipeline\\Pipeline->{closure:{closure:Illuminate\\Pipeline\\Pipeline::carry():184}:185}(Object(Illuminate\\Http\\Request))
#50 /Users/yapi/Adi/appdev/simonas-app/vendor/laravel/framework/src/Illuminate/Foundation/Http/Middleware/TrimStrings.php(51): Illuminate\\Foundation\\Http\\Middleware\\TransformsRequest->handle(Object(Illuminate\\Http\\Request), Object(Closure))
#51 /Users/yapi/Adi/appdev/simonas-app/vendor/laravel/framework/src/Illuminate/Pipeline/Pipeline.php(209): Illuminate\\Foundation\\Http\\Middleware\\TrimStrings->handle(Object(Illuminate\\Http\\Request), Object(Closure))
#52 /Users/yapi/Adi/appdev/simonas-app/vendor/laravel/framework/src/Illuminate/Http/Middleware/ValidatePostSize.php(27): Illuminate\\Pipeline\\Pipeline->{closure:{closure:Illuminate\\Pipeline\\Pipeline::carry():184}:185}(Object(Illuminate\\Http\\Request))
#53 /Users/yapi/Adi/appdev/simonas-app/vendor/laravel/framework/src/Illuminate/Pipeline/Pipeline.php(209): Illuminate\\Http\\Middleware\\ValidatePostSize->handle(Object(Illuminate\\Http\\Request), Object(Closure))
#54 /Users/yapi/Adi/appdev/simonas-app/vendor/laravel/framework/src/Illuminate/Foundation/Http/Middleware/PreventRequestsDuringMaintenance.php(110): Illuminate\\Pipeline\\Pipeline->{closure:{closure:Illuminate\\Pipeline\\Pipeline::carry():184}:185}(Object(Illuminate\\Http\\Request))
#55 /Users/yapi/Adi/appdev/simonas-app/vendor/laravel/framework/src/Illuminate/Pipeline/Pipeline.php(209): Illuminate\\Foundation\\Http\\Middleware\\PreventRequestsDuringMaintenance->handle(Object(Illuminate\\Http\\Request), Object(Closure))
#56 /Users/yapi/Adi/appdev/simonas-app/vendor/laravel/framework/src/Illuminate/Http/Middleware/HandleCors.php(49): Illuminate\\Pipeline\\Pipeline->{closure:{closure:Illuminate\\Pipeline\\Pipeline::carry():184}:185}(Object(Illuminate\\Http\\Request))
#57 /Users/yapi/Adi/appdev/simonas-app/vendor/laravel/framework/src/Illuminate/Pipeline/Pipeline.php(209): Illuminate\\Http\\Middleware\\HandleCors->handle(Object(Illuminate\\Http\\Request), Object(Closure))
#58 /Users/yapi/Adi/appdev/simonas-app/vendor/laravel/framework/src/Illuminate/Http/Middleware/TrustProxies.php(58): Illuminate\\Pipeline\\Pipeline->{closure:{closure:Illuminate\\Pipeline\\Pipeline::carry():184}:185}(Object(Illuminate\\Http\\Request))
#59 /Users/yapi/Adi/appdev/simonas-app/vendor/laravel/framework/src/Illuminate/Pipeline/Pipeline.php(209): Illuminate\\Http\\Middleware\\TrustProxies->handle(Object(Illuminate\\Http\\Request), Object(Closure))
#60 /Users/yapi/Adi/appdev/simonas-app/vendor/laravel/framework/src/Illuminate/Pipeline/Pipeline.php(127): Illuminate\\Pipeline\\Pipeline->{closure:{closure:Illuminate\\Pipeline\\Pipeline::carry():184}:185}(Object(Illuminate\\Http\\Request))
#61 /Users/yapi/Adi/appdev/simonas-app/vendor/laravel/framework/src/Illuminate/Foundation/Http/Kernel.php(176): Illuminate\\Pipeline\\Pipeline->then(Object(Closure))
#62 /Users/yapi/Adi/appdev/simonas-app/vendor/laravel/framework/src/Illuminate/Foundation/Http/Kernel.php(145): Illuminate\\Foundation\\Http\\Kernel->sendRequestThroughRouter(Object(Illuminate\\Http\\Request))
#63 /Users/yapi/Adi/appdev/simonas-app/public/index.php(18): Illuminate\\Foundation\\Http\\Kernel->handle(Object(Illuminate\\Http\\Request))
#64 /Users/yapi/Adi/appdev/simonas-app/server.php(21): require_once('/Users/yapi/Adi...')
#65 {main}

[previous exception] [object] (PDOException(code: 42S02): SQLSTATE[42S02]: Base table or view not found: 1146 Table 'simonas_local.alumni_businesses' doesn't exist at /Users/yapi/Adi/appdev/simonas-app/vendor/laravel/framework/src/Illuminate/Database/Connection.php:407)
[stacktrace]
#0 /Users/yapi/Adi/appdev/simonas-app/vendor/laravel/framework/src/Illuminate/Database/Connection.php(407): PDO->prepare('select * from `...')
#1 /Users/yapi/Adi/appdev/simonas-app/vendor/laravel/framework/src/Illuminate/Database/Connection.php(812): Illuminate\\Database\\Connection->{closure:Illuminate\\Database\\Connection::select():398}('select * from `...', Array)
#2 /Users/yapi/Adi/appdev/simonas-app/vendor/laravel/framework/src/Illuminate/Database/Connection.php(779): Illuminate\\Database\\Connection->runQueryCallback('select * from `...', Array, Object(Closure))
#3 /Users/yapi/Adi/appdev/simonas-app/vendor/laravel/framework/src/Illuminate/Database/Connection.php(398): Illuminate\\Database\\Connection->run('select * from `...', Array, Object(Closure))
#4 /Users/yapi/Adi/appdev/simonas-app/vendor/laravel/framework/src/Illuminate/Database/Query/Builder.php(3106): Illuminate\\Database\\Connection->select('select * from `...', Array, true)
#5 /Users/yapi/Adi/appdev/simonas-app/vendor/laravel/framework/src/Illuminate/Database/Query/Builder.php(3091): Illuminate\\Database\\Query\\Builder->runSelect()
#6 /Users/yapi/Adi/appdev/simonas-app/vendor/laravel/framework/src/Illuminate/Database/Query/Builder.php(3676): Illuminate\\Database\\Query\\Builder->{closure:Illuminate\\Database\\Query\\Builder::get():3090}()
#7 /Users/yapi/Adi/appdev/simonas-app/vendor/laravel/framework/src/Illuminate/Database/Query/Builder.php(3090): Illuminate\\Database\\Query\\Builder->onceWithColumns(Array, Object(Closure))
#8 /Users/yapi/Adi/appdev/simonas-app/vendor/laravel/framework/src/Illuminate/Database/Eloquent/Builder.php(811): Illuminate\\Database\\Query\\Builder->get(Array)
#9 /Users/yapi/Adi/appdev/simonas-app/vendor/laravel/framework/src/Illuminate/Database/Eloquent/Builder.php(793): Illuminate\\Database\\Eloquent\\Builder->getModels(Array)
#10 /Users/yapi/Adi/appdev/simonas-app/vendor/laravel/framework/src/Illuminate/Database/Concerns/BuildsQueries.php(343): Illuminate\\Database\\Eloquent\\Builder->get(Array)
#11 /Users/yapi/Adi/appdev/simonas-app/app/Http/Controllers/Web/Alumni/AlumniProfileController.php(30): Illuminate\\Database\\Eloquent\\Builder->first()
#12 /Users/yapi/Adi/appdev/simonas-app/vendor/laravel/framework/src/Illuminate/Routing/Controller.php(54): App\\Http\\Controllers\\Web\\Alumni\\AlumniProfileController->index(Object(Illuminate\\Http\\Request))
#13 /Users/yapi/Adi/appdev/simonas-app/vendor/laravel/framework/src/Illuminate/Routing/ControllerDispatcher.php(44): Illuminate\\Routing\\Controller->callAction('index', Array)
#14 /Users/yapi/Adi/appdev/simonas-app/vendor/laravel/framework/src/Illuminate/Routing/Route.php(266): Illuminate\\Routing\\ControllerDispatcher->dispatch(Object(Illuminate\\Routing\\Route), Object(App\\Http\\Controllers\\Web\\Alumni\\AlumniProfileController), 'index')
#15 /Users/yapi/Adi/appdev/simonas-app/vendor/laravel/framework/src/Illuminate/Routing/Route.php(212): Illuminate\\Routing\\Route->runController()
#16 /Users/yapi/Adi/appdev/simonas-app/vendor/laravel/framework/src/Illuminate/Routing/Router.php(808): Illuminate\\Routing\\Route->run()
#17 /Users/yapi/Adi/appdev/simonas-app/vendor/laravel/framework/src/Illuminate/Pipeline/Pipeline.php(170): Illuminate\\Routing\\Router->{closure:Illuminate\\Routing\\Router::runRouteWithinStack():807}(Object(Illuminate\\Http\\Request))
#18 /Users/yapi/Adi/appdev/simonas-app/vendor/laravel/framework/src/Illuminate/Auth/Middleware/Authorize.php(60): Illuminate\\Pipeline\\Pipeline->{closure:Illuminate\\Pipeline\\Pipeline::prepareDestination():168}(Object(Illuminate\\Http\\Request))
#19 /Users/yapi/Adi/appdev/simonas-app/vendor/laravel/framework/src/Illuminate/Pipeline/Pipeline.php(209): Illuminate\\Auth\\Middleware\\Authorize->handle(Object(Illuminate\\Http\\Request), Object(Closure), 'access-alumni')
#20 /Users/yapi/Adi/appdev/simonas-app/vendor/inertiajs/inertia-laravel/src/Middleware.php(138): Illuminate\\Pipeline\\Pipeline->{closure:{closure:Illuminate\\Pipeline\\Pipeline::carry():184}:185}(Object(Illuminate\\Http\\Request))
#21 /Users/yapi/Adi/appdev/simonas-app/vendor/laravel/framework/src/Illuminate/Pipeline/Pipeline.php(209): Inertia\\Middleware->handle(Object(Illuminate\\Http\\Request), Object(Closure))
#22 /Users/yapi/Adi/appdev/simonas-app/vendor/laravel/framework/src/Illuminate/Routing/Middleware/SubstituteBindings.php(51): Illuminate\\Pipeline\\Pipeline->{closure:{closure:Illuminate\\Pipeline\\Pipeline::carry():184}:185}(Object(Illuminate\\Http\\Request))
#23 /Users/yapi/Adi/appdev/simonas-app/vendor/laravel/framework/src/Illuminate/Pipeline/Pipeline.php(209): Illuminate\\Routing\\Middleware\\SubstituteBindings->handle(Object(Illuminate\\Http\\Request), Object(Closure))
#24 /Users/yapi/Adi/appdev/simonas-app/vendor/laravel/framework/src/Illuminate/Auth/Middleware/Authenticate.php(64): Illuminate\\Pipeline\\Pipeline->{closure:{closure:Illuminate\\Pipeline\\Pipeline::carry():184}:185}(Object(Illuminate\\Http\\Request))
#25 /Users/yapi/Adi/appdev/simonas-app/vendor/laravel/framework/src/Illuminate/Pipeline/Pipeline.php(209): Illuminate\\Auth\\Middleware\\Authenticate->handle(Object(Illuminate\\Http\\Request), Object(Closure))
#26 /Users/yapi/Adi/appdev/simonas-app/vendor/laravel/framework/src/Illuminate/Foundation/Http/Middleware/VerifyCsrfToken.php(88): Illuminate\\Pipeline\\Pipeline->{closure:{closure:Illuminate\\Pipeline\\Pipeline::carry():184}:185}(Object(Illuminate\\Http\\Request))
#27 /Users/yapi/Adi/appdev/simonas-app/vendor/laravel/framework/src/Illuminate/Pipeline/Pipeline.php(209): Illuminate\\Foundation\\Http\\Middleware\\VerifyCsrfToken->handle(Object(Illuminate\\Http\\Request), Object(Closure))
#28 /Users/yapi/Adi/appdev/simonas-app/vendor/laravel/framework/src/Illuminate/View/Middleware/ShareErrorsFromSession.php(49): Illuminate\\Pipeline\\Pipeline->{closure:{closure:Illuminate\\Pipeline\\Pipeline::carry():184}:185}(Object(Illuminate\\Http\\Request))
#29 /Users/yapi/Adi/appdev/simonas-app/vendor/laravel/framework/src/Illuminate/Pipeline/Pipeline.php(209): Illuminate\\View\\Middleware\\ShareErrorsFromSession->handle(Object(Illuminate\\Http\\Request), Object(Closure))
#30 /Users/yapi/Adi/appdev/simonas-app/vendor/laravel/framework/src/Illuminate/Session/Middleware/StartSession.php(121): Illuminate\\Pipeline\\Pipeline->{closure:{closure:Illuminate\\Pipeline\\Pipeline::carry():184}:185}(Object(Illuminate\\Http\\Request))
#31 /Users/yapi/Adi/appdev/simonas-app/vendor/laravel/framework/src/Illuminate/Session/Middleware/StartSession.php(64): Illuminate\\Session\\Middleware\\StartSession->handleStatefulRequest(Object(Illuminate\\Http\\Request), Object(Illuminate\\Session\\Store), Object(Closure))
#32 /Users/yapi/Adi/appdev/simonas-app/vendor/laravel/framework/src/Illuminate/Pipeline/Pipeline.php(209): Illuminate\\Session\\Middleware\\StartSession->handle(Object(Illuminate\\Http\\Request), Object(Closure))
#33 /Users/yapi/Adi/appdev/simonas-app/vendor/laravel/framework/src/Illuminate/Cookie/Middleware/AddQueuedCookiesToResponse.php(37): Illuminate\\Pipeline\\Pipeline->{closure:{closure:Illuminate\\Pipeline\\Pipeline::carry():184}:185}(Object(Illuminate\\Http\\Request))
#34 /Users/yapi/Adi/appdev/simonas-app/vendor/laravel/framework/src/Illuminate/Pipeline/Pipeline.php(209): Illuminate\\Cookie\\Middleware\\AddQueuedCookiesToResponse->handle(Object(Illuminate\\Http\\Request), Object(Closure))
#35 /Users/yapi/Adi/appdev/simonas-app/vendor/laravel/framework/src/Illuminate/Cookie/Middleware/EncryptCookies.php(75): Illuminate\\Pipeline\\Pipeline->{closure:{closure:Illuminate\\Pipeline\\Pipeline::carry():184}:185}(Object(Illuminate\\Http\\Request))
#36 /Users/yapi/Adi/appdev/simonas-app/vendor/laravel/framework/src/Illuminate/Pipeline/Pipeline.php(209): Illuminate\\Cookie\\Middleware\\EncryptCookies->handle(Object(Illuminate\\Http\\Request), Object(Closure))
#37 /Users/yapi/Adi/appdev/simonas-app/vendor/laravel/framework/src/Illuminate/Pipeline/Pipeline.php(127): Illuminate\\Pipeline\\Pipeline->{closure:{closure:Illuminate\\Pipeline\\Pipeline::carry():184}:185}(Object(Illuminate\\Http\\Request))
#38 /Users/yapi/Adi/appdev/simonas-app/vendor/laravel/framework/src/Illuminate/Routing/Router.php(807): Illuminate\\Pipeline\\Pipeline->then(Object(Closure))
#39 /Users/yapi/Adi/appdev/simonas-app/vendor/laravel/framework/src/Illuminate/Routing/Router.php(786): Illuminate\\Routing\\Router->runRouteWithinStack(Object(Illuminate\\Routing\\Route), Object(Illuminate\\Http\\Request))
#40 /Users/yapi/Adi/appdev/simonas-app/vendor/laravel/framework/src/Illuminate/Routing/Router.php(750): Illuminate\\Routing\\Router->runRoute(Object(Illuminate\\Http\\Request), Object(Illuminate\\Routing\\Route))
#41 /Users/yapi/Adi/appdev/simonas-app/vendor/laravel/framework/src/Illuminate/Routing/Router.php(739): Illuminate\\Routing\\Router->dispatchToRoute(Object(Illuminate\\Http\\Request))
#42 /Users/yapi/Adi/appdev/simonas-app/vendor/laravel/framework/src/Illuminate/Foundation/Http/Kernel.php(201): Illuminate\\Routing\\Router->dispatch(Object(Illuminate\\Http\\Request))
#43 /Users/yapi/Adi/appdev/simonas-app/vendor/laravel/framework/src/Illuminate/Pipeline/Pipeline.php(170): Illuminate\\Foundation\\Http\\Kernel->{closure:Illuminate\\Foundation\\Http\\Kernel::dispatchToRouter():198}(Object(Illuminate\\Http\\Request))
#44 /Users/yapi/Adi/appdev/simonas-app/vendor/inertiajs/inertia-laravel/src/Middleware/EnsureGetOnRedirect.php(19): Illuminate\\Pipeline\\Pipeline->{closure:Illuminate\\Pipeline\\Pipeline::prepareDestination():168}(Object(Illuminate\\Http\\Request))
#45 /Users/yapi/Adi/appdev/simonas-app/vendor/laravel/framework/src/Illuminate/Pipeline/Pipeline.php(209): Inertia\\Middleware\\EnsureGetOnRedirect->handle(Object(Illuminate\\Http\\Request), Object(Closure))
#46 /Users/yapi/Adi/appdev/simonas-app/app/Http/Middleware/CacheStaticAssets.php(17): Illuminate\\Pipeline\\Pipeline->{closure:{closure:Illuminate\\Pipeline\\Pipeline::carry():184}:185}(Object(Illuminate\\Http\\Request))
#47 /Users/yapi/Adi/appdev/simonas-app/vendor/laravel/framework/src/Illuminate/Pipeline/Pipeline.php(209): App\\Http\\Middleware\\CacheStaticAssets->handle(Object(Illuminate\\Http\\Request), Object(Closure))
#48 /Users/yapi/Adi/appdev/simonas-app/vendor/laravel/framework/src/Illuminate/Foundation/Http/Middleware/TransformsRequest.php(21): Illuminate\\Pipeline\\Pipeline->{closure:{closure:Illuminate\\Pipeline\\Pipeline::carry():184}:185}(Object(Illuminate\\Http\\Request))
#49 /Users/yapi/Adi/appdev/simonas-app/vendor/laravel/framework/src/Illuminate/Foundation/Http/Middleware/ConvertEmptyStringsToNull.php(31): Illuminate\\Foundation\\Http\\Middleware\\TransformsRequest->handle(Object(Illuminate\\Http\\Request), Object(Closure))
#50 /Users/yapi/Adi/appdev/simonas-app/vendor/laravel/framework/src/Illuminate/Pipeline/Pipeline.php(209): Illuminate\\Foundation\\Http\\Middleware\\ConvertEmptyStringsToNull->handle(Object(Illuminate\\Http\\Request), Object(Closure))
#51 /Users/yapi/Adi/appdev/simonas-app/vendor/laravel/framework/src/Illuminate/Foundation/Http/Middleware/TransformsRequest.php(21): Illuminate\\Pipeline\\Pipeline->{closure:{closure:Illuminate\\Pipeline\\Pipeline::carry():184}:185}(Object(Illuminate\\Http\\Request))
#52 /Users/yapi/Adi/appdev/simonas-app/vendor/laravel/framework/src/Illuminate/Foundation/Http/Middleware/TrimStrings.php(51): Illuminate\\Foundation\\Http\\Middleware\\TransformsRequest->handle(Object(Illuminate\\Http\\Request), Object(Closure))
#53 /Users/yapi/Adi/appdev/simonas-app/vendor/laravel/framework/src/Illuminate/Pipeline/Pipeline.php(209): Illuminate\\Foundation\\Http\\Middleware\\TrimStrings->handle(Object(Illuminate\\Http\\Request), Object(Closure))
#54 /Users/yapi/Adi/appdev/simonas-app/vendor/laravel/framework/src/Illuminate/Http/Middleware/ValidatePostSize.php(27): Illuminate\\Pipeline\\Pipeline->{closure:{closure:Illuminate\\Pipeline\\Pipeline::carry():184}:185}(Object(Illuminate\\Http\\Request))
#55 /Users/yapi/Adi/appdev/simonas-app/vendor/laravel/framework/src/Illuminate/Pipeline/Pipeline.php(209): Illuminate\\Http\\Middleware\\ValidatePostSize->handle(Object(Illuminate\\Http\\Request), Object(Closure))
#56 /Users/yapi/Adi/appdev/simonas-app/vendor/laravel/framework/src/Illuminate/Foundation/Http/Middleware/PreventRequestsDuringMaintenance.php(110): Illuminate\\Pipeline\\Pipeline->{closure:{closure:Illuminate\\Pipeline\\Pipeline::carry():184}:185}(Object(Illuminate\\Http\\Request))
#57 /Users/yapi/Adi/appdev/simonas-app/vendor/laravel/framework/src/Illuminate/Pipeline/Pipeline.php(209): Illuminate\\Foundation\\Http\\Middleware\\PreventRequestsDuringMaintenance->handle(Object(Illuminate\\Http\\Request), Object(Closure))
#58 /Users/yapi/Adi/appdev/simonas-app/vendor/laravel/framework/src/Illuminate/Http/Middleware/HandleCors.php(49): Illuminate\\Pipeline\\Pipeline->{closure:{closure:Illuminate\\Pipeline\\Pipeline::carry():184}:185}(Object(Illuminate\\Http\\Request))
#59 /Users/yapi/Adi/appdev/simonas-app/vendor/laravel/framework/src/Illuminate/Pipeline/Pipeline.php(209): Illuminate\\Http\\Middleware\\HandleCors->handle(Object(Illuminate\\Http\\Request), Object(Closure))
#60 /Users/yapi/Adi/appdev/simonas-app/vendor/laravel/framework/src/Illuminate/Http/Middleware/TrustProxies.php(58): Illuminate\\Pipeline\\Pipeline->{closure:{closure:Illuminate\\Pipeline\\Pipeline::carry():184}:185}(Object(Illuminate\\Http\\Request))
#61 /Users/yapi/Adi/appdev/simonas-app/vendor/laravel/framework/src/Illuminate/Pipeline/Pipeline.php(209): Illuminate\\Http\\Middleware\\TrustProxies->handle(Object(Illuminate\\Http\\Request), Object(Closure))
#62 /Users/yapi/Adi/appdev/simonas-app/vendor/laravel/framework/src/Illuminate/Pipeline/Pipeline.php(127): Illuminate\\Pipeline\\Pipeline->{closure:{closure:Illuminate\\Pipeline\\Pipeline::carry():184}:185}(Object(Illuminate\\Http\\Request))
#63 /Users/yapi/Adi/appdev/simonas-app/vendor/laravel/framework/src/Illuminate/Foundation/Http/Kernel.php(176): Illuminate\\Pipeline\\Pipeline->then(Object(Closure))
#64 /Users/yapi/Adi/appdev/simonas-app/vendor/laravel/framework/src/Illuminate/Foundation/Http/Kernel.php(145): Illuminate\\Foundation\\Http\\Kernel->sendRequestThroughRouter(Object(Illuminate\\Http\\Request))
#65 /Users/yapi/Adi/appdev/simonas-app/public/index.php(18): Illuminate\\Foundation\\Http\\Kernel->handle(Object(Illuminate\\Http\\Request))
#66 /Users/yapi/Adi/appdev/simonas-app/server.php(21): require_once('/Users/yapi/Adi...')
#67 {main}
"} 
[2026-05-01 14:32:23] local.ERROR: SQLSTATE[42S02]: Base table or view not found: 1146 Table 'simonas_local.alumni_businesses' doesn't exist (Connection: mysql, SQL: select count(*) as aggregate from `alumni_businesses` where `is_active` = 1) {"userId":4,"exception":"[object] (Illuminate\\Database\\QueryException(code: 42S02): SQLSTATE[42S02]: Base table or view not found: 1146 Table 'simonas_local.alumni_businesses' doesn't exist (Connection: mysql, SQL: select count(*) as aggregate from `alumni_businesses` where `is_active` = 1) at /Users/yapi/Adi/appdev/simonas-app/vendor/laravel/framework/src/Illuminate/Database/Connection.php:825)
[stacktrace]
#0 /Users/yapi/Adi/appdev/simonas-app/vendor/laravel/framework/src/Illuminate/Database/Connection.php(779): Illuminate\\Database\\Connection->runQueryCallback('select count(*)...', Array, Object(Closure))
#1 /Users/yapi/Adi/appdev/simonas-app/vendor/laravel/framework/src/Illuminate/Database/Connection.php(398): Illuminate\\Database\\Connection->run('select count(*)...', Array, Object(Closure))
#2 /Users/yapi/Adi/appdev/simonas-app/vendor/laravel/framework/src/Illuminate/Database/Query/Builder.php(3106): Illuminate\\Database\\Connection->select('select count(*)...', Array, true)
#3 /Users/yapi/Adi/appdev/simonas-app/vendor/laravel/framework/src/Illuminate/Database/Query/Builder.php(3091): Illuminate\\Database\\Query\\Builder->runSelect()
#4 /Users/yapi/Adi/appdev/simonas-app/vendor/laravel/framework/src/Illuminate/Database/Query/Builder.php(3676): Illuminate\\Database\\Query\\Builder->{closure:Illuminate\\Database\\Query\\Builder::get():3090}()
#5 /Users/yapi/Adi/appdev/simonas-app/vendor/laravel/framework/src/Illuminate/Database/Query/Builder.php(3090): Illuminate\\Database\\Query\\Builder->onceWithColumns(Array, Object(Closure))
#6 /Users/yapi/Adi/appdev/simonas-app/vendor/laravel/framework/src/Illuminate/Database/Query/Builder.php(3285): Illuminate\\Database\\Query\\Builder->get()
#7 /Users/yapi/Adi/appdev/simonas-app/vendor/laravel/framework/src/Illuminate/Database/Query/Builder.php(3244): Illuminate\\Database\\Query\\Builder->runPaginationCountQuery(Array)
#8 /Users/yapi/Adi/appdev/simonas-app/vendor/laravel/framework/src/Illuminate/Database/Eloquent/Builder.php(1029): Illuminate\\Database\\Query\\Builder->getCountForPagination()
#9 /Users/yapi/Adi/appdev/simonas-app/app/Http/Controllers/Web/Alumni/AlumniBusinessController.php(23): Illuminate\\Database\\Eloquent\\Builder->paginate(12)
#10 /Users/yapi/Adi/appdev/simonas-app/vendor/laravel/framework/src/Illuminate/Routing/Controller.php(54): App\\Http\\Controllers\\Web\\Alumni\\AlumniBusinessController->index(Object(Illuminate\\Http\\Request))
#11 /Users/yapi/Adi/appdev/simonas-app/vendor/laravel/framework/src/Illuminate/Routing/ControllerDispatcher.php(44): Illuminate\\Routing\\Controller->callAction('index', Array)
#12 /Users/yapi/Adi/appdev/simonas-app/vendor/laravel/framework/src/Illuminate/Routing/Route.php(266): Illuminate\\Routing\\ControllerDispatcher->dispatch(Object(Illuminate\\Routing\\Route), Object(App\\Http\\Controllers\\Web\\Alumni\\AlumniBusinessController), 'index')
#13 /Users/yapi/Adi/appdev/simonas-app/vendor/laravel/framework/src/Illuminate/Routing/Route.php(212): Illuminate\\Routing\\Route->runController()
#14 /Users/yapi/Adi/appdev/simonas-app/vendor/laravel/framework/src/Illuminate/Routing/Router.php(808): Illuminate\\Routing\\Route->run()
#15 /Users/yapi/Adi/appdev/simonas-app/vendor/laravel/framework/src/Illuminate/Pipeline/Pipeline.php(170): Illuminate\\Routing\\Router->{closure:Illuminate\\Routing\\Router::runRouteWithinStack():807}(Object(Illuminate\\Http\\Request))
#16 /Users/yapi/Adi/appdev/simonas-app/vendor/laravel/framework/src/Illuminate/Auth/Middleware/Authorize.php(60): Illuminate\\Pipeline\\Pipeline->{closure:Illuminate\\Pipeline\\Pipeline::prepareDestination():168}(Object(Illuminate\\Http\\Request))
#17 /Users/yapi/Adi/appdev/simonas-app/vendor/laravel/framework/src/Illuminate/Pipeline/Pipeline.php(209): Illuminate\\Auth\\Middleware\\Authorize->handle(Object(Illuminate\\Http\\Request), Object(Closure), 'access-alumni')
#18 /Users/yapi/Adi/appdev/simonas-app/vendor/inertiajs/inertia-laravel/src/Middleware.php(138): Illuminate\\Pipeline\\Pipeline->{closure:{closure:Illuminate\\Pipeline\\Pipeline::carry():184}:185}(Object(Illuminate\\Http\\Request))
#19 /Users/yapi/Adi/appdev/simonas-app/vendor/laravel/framework/src/Illuminate/Pipeline/Pipeline.php(209): Inertia\\Middleware->handle(Object(Illuminate\\Http\\Request), Object(Closure))
#20 /Users/yapi/Adi/appdev/simonas-app/vendor/laravel/framework/src/Illuminate/Routing/Middleware/SubstituteBindings.php(51): Illuminate\\Pipeline\\Pipeline->{closure:{closure:Illuminate\\Pipeline\\Pipeline::carry():184}:185}(Object(Illuminate\\Http\\Request))
#21 /Users/yapi/Adi/appdev/simonas-app/vendor/laravel/framework/src/Illuminate/Pipeline/Pipeline.php(209): Illuminate\\Routing\\Middleware\\SubstituteBindings->handle(Object(Illuminate\\Http\\Request), Object(Closure))
#22 /Users/yapi/Adi/appdev/simonas-app/vendor/laravel/framework/src/Illuminate/Auth/Middleware/Authenticate.php(64): Illuminate\\Pipeline\\Pipeline->{closure:{closure:Illuminate\\Pipeline\\Pipeline::carry():184}:185}(Object(Illuminate\\Http\\Request))
#23 /Users/yapi/Adi/appdev/simonas-app/vendor/laravel/framework/src/Illuminate/Pipeline/Pipeline.php(209): Illuminate\\Auth\\Middleware\\Authenticate->handle(Object(Illuminate\\Http\\Request), Object(Closure))
#24 /Users/yapi/Adi/appdev/simonas-app/vendor/laravel/framework/src/Illuminate/Foundation/Http/Middleware/VerifyCsrfToken.php(88): Illuminate\\Pipeline\\Pipeline->{closure:{closure:Illuminate\\Pipeline\\Pipeline::carry():184}:185}(Object(Illuminate\\Http\\Request))
#25 /Users/yapi/Adi/appdev/simonas-app/vendor/laravel/framework/src/Illuminate/Pipeline/Pipeline.php(209): Illuminate\\Foundation\\Http\\Middleware\\VerifyCsrfToken->handle(Object(Illuminate\\Http\\Request), Object(Closure))
#26 /Users/yapi/Adi/appdev/simonas-app/vendor/laravel/framework/src/Illuminate/View/Middleware/ShareErrorsFromSession.php(49): Illuminate\\Pipeline\\Pipeline->{closure:{closure:Illuminate\\Pipeline\\Pipeline::carry():184}:185}(Object(Illuminate\\Http\\Request))
#27 /Users/yapi/Adi/appdev/simonas-app/vendor/laravel/framework/src/Illuminate/Pipeline/Pipeline.php(209): Illuminate\\View\\Middleware\\ShareErrorsFromSession->handle(Object(Illuminate\\Http\\Request), Object(Closure))
#28 /Users/yapi/Adi/appdev/simonas-app/vendor/laravel/framework/src/Illuminate/Session/Middleware/StartSession.php(121): Illuminate\\Pipeline\\Pipeline->{closure:{closure:Illuminate\\Pipeline\\Pipeline::carry():184}:185}(Object(Illuminate\\Http\\Request))
#29 /Users/yapi/Adi/appdev/simonas-app/vendor/laravel/framework/src/Illuminate/Session/Middleware/StartSession.php(64): Illuminate\\Session\\Middleware\\StartSession->handleStatefulRequest(Object(Illuminate\\Http\\Request), Object(Illuminate\\Session\\Store), Object(Closure))
#30 /Users/yapi/Adi/appdev/simonas-app/vendor/laravel/framework/src/Illuminate/Pipeline/Pipeline.php(209): Illuminate\\Session\\Middleware\\StartSession->handle(Object(Illuminate\\Http\\Request), Object(Closure))
#31 /Users/yapi/Adi/appdev/simonas-app/vendor/laravel/framework/src/Illuminate/Cookie/Middleware/AddQueuedCookiesToResponse.php(37): Illuminate\\Pipeline\\Pipeline->{closure:{closure:Illuminate\\Pipeline\\Pipeline::carry():184}:185}(Object(Illuminate\\Http\\Request))
#32 /Users/yapi/Adi/appdev/simonas-app/vendor/laravel/framework/src/Illuminate/Pipeline/Pipeline.php(209): Illuminate\\Cookie\\Middleware\\AddQueuedCookiesToResponse->handle(Object(Illuminate\\Http\\Request), Object(Closure))
#33 /Users/yapi/Adi/appdev/simonas-app/vendor/laravel/framework/src/Illuminate/Cookie/Middleware/EncryptCookies.php(75): Illuminate\\Pipeline\\Pipeline->{closure:{closure:Illuminate\\Pipeline\\Pipeline::carry():184}:185}(Object(Illuminate\\Http\\Request))
#34 /Users/yapi/Adi/appdev/simonas-app/vendor/laravel/framework/src/Illuminate/Pipeline/Pipeline.php(209): Illuminate\\Cookie\\Middleware\\EncryptCookies->handle(Object(Illuminate\\Http\\Request), Object(Closure))
#35 /Users/yapi/Adi/appdev/simonas-app/vendor/laravel/framework/src/Illuminate/Pipeline/Pipeline.php(127): Illuminate\\Pipeline\\Pipeline->{closure:{closure:Illuminate\\Pipeline\\Pipeline::carry():184}:185}(Object(Illuminate\\Http\\Request))
#36 /Users/yapi/Adi/appdev/simonas-app/vendor/laravel/framework/src/Illuminate/Routing/Router.php(807): Illuminate\\Pipeline\\Pipeline->then(Object(Closure))
#37 /Users/yapi/Adi/appdev/simonas-app/vendor/laravel/framework/src/Illuminate/Routing/Router.php(786): Illuminate\\Routing\\Router->runRouteWithinStack(Object(Illuminate\\Routing\\Route), Object(Illuminate\\Http\\Request))
#38 /Users/yapi/Adi/appdev/simonas-app/vendor/laravel/framework/src/Illuminate/Routing/Router.php(750): Illuminate\\Routing\\Router->runRoute(Object(Illuminate\\Http\\Request), Object(Illuminate\\Routing\\Route))
#39 /Users/yapi/Adi/appdev/simonas-app/vendor/laravel/framework/src/Illuminate/Routing/Router.php(739): Illuminate\\Routing\\Router->dispatchToRoute(Object(Illuminate\\Http\\Request))
#40 /Users/yapi/Adi/appdev/simonas-app/vendor/laravel/framework/src/Illuminate/Foundation/Http/Kernel.php(201): Illuminate\\Routing\\Router->dispatch(Object(Illuminate\\Http\\Request))
#41 /Users/yapi/Adi/appdev/simonas-app/vendor/laravel/framework/src/Illuminate/Pipeline/Pipeline.php(170): Illuminate\\Foundation\\Http\\Kernel->{closure:Illuminate\\Foundation\\Http\\Kernel::dispatchToRouter():198}(Object(Illuminate\\Http\\Request))
#42 /Users/yapi/Adi/appdev/simonas-app/vendor/inertiajs/inertia-laravel/src/Middleware/EnsureGetOnRedirect.php(19): Illuminate\\Pipeline\\Pipeline->{closure:Illuminate\\Pipeline\\Pipeline::prepareDestination():168}(Object(Illuminate\\Http\\Request))
#43 /Users/yapi/Adi/appdev/simonas-app/vendor/laravel/framework/src/Illuminate/Pipeline/Pipeline.php(209): Inertia\\Middleware\\EnsureGetOnRedirect->handle(Object(Illuminate\\Http\\Request), Object(Closure))
#44 /Users/yapi/Adi/appdev/simonas-app/app/Http/Middleware/CacheStaticAssets.php(17): Illuminate\\Pipeline\\Pipeline->{closure:{closure:Illuminate\\Pipeline\\Pipeline::carry():184}:185}(Object(Illuminate\\Http\\Request))
#45 /Users/yapi/Adi/appdev/simonas-app/vendor/laravel/framework/src/Illuminate/Pipeline/Pipeline.php(209): App\\Http\\Middleware\\CacheStaticAssets->handle(Object(Illuminate\\Http\\Request), Object(Closure))
#46 /Users/yapi/Adi/appdev/simonas-app/vendor/laravel/framework/src/Illuminate/Foundation/Http/Middleware/TransformsRequest.php(21): Illuminate\\Pipeline\\Pipeline->{closure:{closure:Illuminate\\Pipeline\\Pipeline::carry():184}:185}(Object(Illuminate\\Http\\Request))
#47 /Users/yapi/Adi/appdev/simonas-app/vendor/laravel/framework/src/Illuminate/Foundation/Http/Middleware/ConvertEmptyStringsToNull.php(31): Illuminate\\Foundation\\Http\\Middleware\\TransformsRequest->handle(Object(Illuminate\\Http\\Request), Object(Closure))
#48 /Users/yapi/Adi/appdev/simonas-app/vendor/laravel/framework/src/Illuminate/Pipeline/Pipeline.php(209): Illuminate\\Foundation\\Http\\Middleware\\ConvertEmptyStringsToNull->handle(Object(Illuminate\\Http\\Request), Object(Closure))
#49 /Users/yapi/Adi/appdev/simonas-app/vendor/laravel/framework/src/Illuminate/Foundation/Http/Middleware/TransformsRequest.php(21): Illuminate\\Pipeline\\Pipeline->{closure:{closure:Illuminate\\Pipeline\\Pipeline::carry():184}:185}(Object(Illuminate\\Http\\Request))
#50 /Users/yapi/Adi/appdev/simonas-app/vendor/laravel/framework/src/Illuminate/Foundation/Http/Middleware/TrimStrings.php(51): Illuminate\\Foundation\\Http\\Middleware\\TransformsRequest->handle(Object(Illuminate\\Http\\Request), Object(Closure))
#51 /Users/yapi/Adi/appdev/simonas-app/vendor/laravel/framework/src/Illuminate/Pipeline/Pipeline.php(209): Illuminate\\Foundation\\Http\\Middleware\\TrimStrings->handle(Object(Illuminate\\Http\\Request), Object(Closure))
#52 /Users/yapi/Adi/appdev/simonas-app/vendor/laravel/framework/src/Illuminate/Http/Middleware/ValidatePostSize.php(27): Illuminate\\Pipeline\\Pipeline->{closure:{closure:Illuminate\\Pipeline\\Pipeline::carry():184}:185}(Object(Illuminate\\Http\\Request))
#53 /Users/yapi/Adi/appdev/simonas-app/vendor/laravel/framework/src/Illuminate/Pipeline/Pipeline.php(209): Illuminate\\Http\\Middleware\\ValidatePostSize->handle(Object(Illuminate\\Http\\Request), Object(Closure))
#54 /Users/yapi/Adi/appdev/simonas-app/vendor/laravel/framework/src/Illuminate/Foundation/Http/Middleware/PreventRequestsDuringMaintenance.php(110): Illuminate\\Pipeline\\Pipeline->{closure:{closure:Illuminate\\Pipeline\\Pipeline::carry():184}:185}(Object(Illuminate\\Http\\Request))
#55 /Users/yapi/Adi/appdev/simonas-app/vendor/laravel/framework/src/Illuminate/Pipeline/Pipeline.php(209): Illuminate\\Foundation\\Http\\Middleware\\PreventRequestsDuringMaintenance->handle(Object(Illuminate\\Http\\Request), Object(Closure))
#56 /Users/yapi/Adi/appdev/simonas-app/vendor/laravel/framework/src/Illuminate/Http/Middleware/HandleCors.php(49): Illuminate\\Pipeline\\Pipeline->{closure:{closure:Illuminate\\Pipeline\\Pipeline::carry():184}:185}(Object(Illuminate\\Http\\Request))
#57 /Users/yapi/Adi/appdev/simonas-app/vendor/laravel/framework/src/Illuminate/Pipeline/Pipeline.php(209): Illuminate\\Http\\Middleware\\HandleCors->handle(Object(Illuminate\\Http\\Request), Object(Closure))
#58 /Users/yapi/Adi/appdev/simonas-app/vendor/laravel/framework/src/Illuminate/Http/Middleware/TrustProxies.php(58): Illuminate\\Pipeline\\Pipeline->{closure:{closure:Illuminate\\Pipeline\\Pipeline::carry():184}:185}(Object(Illuminate\\Http\\Request))
#59 /Users/yapi/Adi/appdev/simonas-app/vendor/laravel/framework/src/Illuminate/Pipeline/Pipeline.php(209): Illuminate\\Http\\Middleware\\TrustProxies->handle(Object(Illuminate\\Http\\Request), Object(Closure))
#60 /Users/yapi/Adi/appdev/simonas-app/vendor/laravel/framework/src/Illuminate/Pipeline/Pipeline.php(127): Illuminate\\Pipeline\\Pipeline->{closure:{closure:Illuminate\\Pipeline\\Pipeline::carry():184}:185}(Object(Illuminate\\Http\\Request))
#61 /Users/yapi/Adi/appdev/simonas-app/vendor/laravel/framework/src/Illuminate/Foundation/Http/Kernel.php(176): Illuminate\\Pipeline\\Pipeline->then(Object(Closure))
#62 /Users/yapi/Adi/appdev/simonas-app/vendor/laravel/framework/src/Illuminate/Foundation/Http/Kernel.php(145): Illuminate\\Foundation\\Http\\Kernel->sendRequestThroughRouter(Object(Illuminate\\Http\\Request))
#63 /Users/yapi/Adi/appdev/simonas-app/public/index.php(18): Illuminate\\Foundation\\Http\\Kernel->handle(Object(Illuminate\\Http\\Request))
#64 /Users/yapi/Adi/appdev/simonas-app/server.php(21): require_once('/Users/yapi/Adi...')
#65 {main}

[previous exception] [object] (PDOException(code: 42S02): SQLSTATE[42S02]: Base table or view not found: 1146 Table 'simonas_local.alumni_businesses' doesn't exist at /Users/yapi/Adi/appdev/simonas-app/vendor/laravel/framework/src/Illuminate/Database/Connection.php:407)
[stacktrace]
#0 /Users/yapi/Adi/appdev/simonas-app/vendor/laravel/framework/src/Illuminate/Database/Connection.php(407): PDO->prepare('select count(*)...')
#1 /Users/yapi/Adi/appdev/simonas-app/vendor/laravel/framework/src/Illuminate/Database/Connection.php(812): Illuminate\\Database\\Connection->{closure:Illuminate\\Database\\Connection::select():398}('select count(*)...', Array)
#2 /Users/yapi/Adi/appdev/simonas-app/vendor/laravel/framework/src/Illuminate/Database/Connection.php(779): Illuminate\\Database\\Connection->runQueryCallback('select count(*)...', Array, Object(Closure))
#3 /Users/yapi/Adi/appdev/simonas-app/vendor/laravel/framework/src/Illuminate/Database/Connection.php(398): Illuminate\\Database\\Connection->run('select count(*)...', Array, Object(Closure))
#4 /Users/yapi/Adi/appdev/simonas-app/vendor/laravel/framework/src/Illuminate/Database/Query/Builder.php(3106): Illuminate\\Database\\Connection->select('select count(*)...', Array, true)
#5 /Users/yapi/Adi/appdev/simonas-app/vendor/laravel/framework/src/Illuminate/Database/Query/Builder.php(3091): Illuminate\\Database\\Query\\Builder->runSelect()
#6 /Users/yapi/Adi/appdev/simonas-app/vendor/laravel/framework/src/Illuminate/Database/Query/Builder.php(3676): Illuminate\\Database\\Query\\Builder->{closure:Illuminate\\Database\\Query\\Builder::get():3090}()
#7 /Users/yapi/Adi/appdev/simonas-app/vendor/laravel/framework/src/Illuminate/Database/Query/Builder.php(3090): Illuminate\\Database\\Query\\Builder->onceWithColumns(Array, Object(Closure))
#8 /Users/yapi/Adi/appdev/simonas-app/vendor/laravel/framework/src/Illuminate/Database/Query/Builder.php(3285): Illuminate\\Database\\Query\\Builder->get()
#9 /Users/yapi/Adi/appdev/simonas-app/vendor/laravel/framework/src/Illuminate/Database/Query/Builder.php(3244): Illuminate\\Database\\Query\\Builder->runPaginationCountQuery(Array)
#10 /Users/yapi/Adi/appdev/simonas-app/vendor/laravel/framework/src/Illuminate/Database/Eloquent/Builder.php(1029): Illuminate\\Database\\Query\\Builder->getCountForPagination()
#11 /Users/yapi/Adi/appdev/simonas-app/app/Http/Controllers/Web/Alumni/AlumniBusinessController.php(23): Illuminate\\Database\\Eloquent\\Builder->paginate(12)
#12 /Users/yapi/Adi/appdev/simonas-app/vendor/laravel/framework/src/Illuminate/Routing/Controller.php(54): App\\Http\\Controllers\\Web\\Alumni\\AlumniBusinessController->index(Object(Illuminate\\Http\\Request))
#13 /Users/yapi/Adi/appdev/simonas-app/vendor/laravel/framework/src/Illuminate/Routing/ControllerDispatcher.php(44): Illuminate\\Routing\\Controller->callAction('index', Array)
#14 /Users/yapi/Adi/appdev/simonas-app/vendor/laravel/framework/src/Illuminate/Routing/Route.php(266): Illuminate\\Routing\\ControllerDispatcher->dispatch(Object(Illuminate\\Routing\\Route), Object(App\\Http\\Controllers\\Web\\Alumni\\AlumniBusinessController), 'index')
#15 /Users/yapi/Adi/appdev/simonas-app/vendor/laravel/framework/src/Illuminate/Routing/Route.php(212): Illuminate\\Routing\\Route->runController()
#16 /Users/yapi/Adi/appdev/simonas-app/vendor/laravel/framework/src/Illuminate/Routing/Router.php(808): Illuminate\\Routing\\Route->run()
#17 /Users/yapi/Adi/appdev/simonas-app/vendor/laravel/framework/src/Illuminate/Pipeline/Pipeline.php(170): Illuminate\\Routing\\Router->{closure:Illuminate\\Routing\\Router::runRouteWithinStack():807}(Object(Illuminate\\Http\\Request))
#18 /Users/yapi/Adi/appdev/simonas-app/vendor/laravel/framework/src/Illuminate/Auth/Middleware/Authorize.php(60): Illuminate\\Pipeline\\Pipeline->{closure:Illuminate\\Pipeline\\Pipeline::prepareDestination():168}(Object(Illuminate\\Http\\Request))
#19 /Users/yapi/Adi/appdev/simonas-app/vendor/laravel/framework/src/Illuminate/Pipeline/Pipeline.php(209): Illuminate\\Auth\\Middleware\\Authorize->handle(Object(Illuminate\\Http\\Request), Object(Closure), 'access-alumni')
#20 /Users/yapi/Adi/appdev/simonas-app/vendor/inertiajs/inertia-laravel/src/Middleware.php(138): Illuminate\\Pipeline\\Pipeline->{closure:{closure:Illuminate\\Pipeline\\Pipeline::carry():184}:185}(Object(Illuminate\\Http\\Request))
#21 /Users/yapi/Adi/appdev/simonas-app/vendor/laravel/framework/src/Illuminate/Pipeline/Pipeline.php(209): Inertia\\Middleware->handle(Object(Illuminate\\Http\\Request), Object(Closure))
#22 /Users/yapi/Adi/appdev/simonas-app/vendor/laravel/framework/src/Illuminate/Routing/Middleware/SubstituteBindings.php(51): Illuminate\\Pipeline\\Pipeline->{closure:{closure:Illuminate\\Pipeline\\Pipeline::carry():184}:185}(Object(Illuminate\\Http\\Request))
#23 /Users/yapi/Adi/appdev/simonas-app/vendor/laravel/framework/src/Illuminate/Pipeline/Pipeline.php(209): Illuminate\\Routing\\Middleware\\SubstituteBindings->handle(Object(Illuminate\\Http\\Request), Object(Closure))
#24 /Users/yapi/Adi/appdev/simonas-app/vendor/laravel/framework/src/Illuminate/Auth/Middleware/Authenticate.php(64): Illuminate\\Pipeline\\Pipeline->{closure:{closure:Illuminate\\Pipeline\\Pipeline::carry():184}:185}(Object(Illuminate\\Http\\Request))
#25 /Users/yapi/Adi/appdev/simonas-app/vendor/laravel/framework/src/Illuminate/Pipeline/Pipeline.php(209): Illuminate\\Auth\\Middleware\\Authenticate->handle(Object(Illuminate\\Http\\Request), Object(Closure))
#26 /Users/yapi/Adi/appdev/simonas-app/vendor/laravel/framework/src/Illuminate/Foundation/Http/Middleware/VerifyCsrfToken.php(88): Illuminate\\Pipeline\\Pipeline->{closure:{closure:Illuminate\\Pipeline\\Pipeline::carry():184}:185}(Object(Illuminate\\Http\\Request))
#27 /Users/yapi/Adi/appdev/simonas-app/vendor/laravel/framework/src/Illuminate/Pipeline/Pipeline.php(209): Illuminate\\Foundation\\Http\\Middleware\\VerifyCsrfToken->handle(Object(Illuminate\\Http\\Request), Object(Closure))
#28 /Users/yapi/Adi/appdev/simonas-app/vendor/laravel/framework/src/Illuminate/View/Middleware/ShareErrorsFromSession.php(49): Illuminate\\Pipeline\\Pipeline->{closure:{closure:Illuminate\\Pipeline\\Pipeline::carry():184}:185}(Object(Illuminate\\Http\\Request))
#29 /Users/yapi/Adi/appdev/simonas-app/vendor/laravel/framework/src/Illuminate/Pipeline/Pipeline.php(209): Illuminate\\View\\Middleware\\ShareErrorsFromSession->handle(Object(Illuminate\\Http\\Request), Object(Closure))
#30 /Users/yapi/Adi/appdev/simonas-app/vendor/laravel/framework/src/Illuminate/Session/Middleware/StartSession.php(121): Illuminate\\Pipeline\\Pipeline->{closure:{closure:Illuminate\\Pipeline\\Pipeline::carry():184}:185}(Object(Illuminate\\Http\\Request))
#31 /Users/yapi/Adi/appdev/simonas-app/vendor/laravel/framework/src/Illuminate/Session/Middleware/StartSession.php(64): Illuminate\\Session\\Middleware\\StartSession->handleStatefulRequest(Object(Illuminate\\Http\\Request), Object(Illuminate\\Session\\Store), Object(Closure))
#32 /Users/yapi/Adi/appdev/simonas-app/vendor/laravel/framework/src/Illuminate/Pipeline/Pipeline.php(209): Illuminate\\Session\\Middleware\\StartSession->handle(Object(Illuminate\\Http\\Request), Object(Closure))
#33 /Users/yapi/Adi/appdev/simonas-app/vendor/laravel/framework/src/Illuminate/Cookie/Middleware/AddQueuedCookiesToResponse.php(37): Illuminate\\Pipeline\\Pipeline->{closure:{closure:Illuminate\\Pipeline\\Pipeline::carry():184}:185}(Object(Illuminate\\Http\\Request))
#34 /Users/yapi/Adi/appdev/simonas-app/vendor/laravel/framework/src/Illuminate/Pipeline/Pipeline.php(209): Illuminate\\Cookie\\Middleware\\AddQueuedCookiesToResponse->handle(Object(Illuminate\\Http\\Request), Object(Closure))
#35 /Users/yapi/Adi/appdev/simonas-app/vendor/laravel/framework/src/Illuminate/Cookie/Middleware/EncryptCookies.php(75): Illuminate\\Pipeline\\Pipeline->{closure:{closure:Illuminate\\Pipeline\\Pipeline::carry():184}:185}(Object(Illuminate\\Http\\Request))
#36 /Users/yapi/Adi/appdev/simonas-app/vendor/laravel/framework/src/Illuminate/Pipeline/Pipeline.php(209): Illuminate\\Cookie\\Middleware\\EncryptCookies->handle(Object(Illuminate\\Http\\Request), Object(Closure))
#37 /Users/yapi/Adi/appdev/simonas-app/vendor/laravel/framework/src/Illuminate/Pipeline/Pipeline.php(127): Illuminate\\Pipeline\\Pipeline->{closure:{closure:Illuminate\\Pipeline\\Pipeline::carry():184}:185}(Object(Illuminate\\Http\\Request))
#38 /Users/yapi/Adi/appdev/simonas-app/vendor/laravel/framework/src/Illuminate/Routing/Router.php(807): Illuminate\\Pipeline\\Pipeline->then(Object(Closure))
#39 /Users/yapi/Adi/appdev/simonas-app/vendor/laravel/framework/src/Illuminate/Routing/Router.php(786): Illuminate\\Routing\\Router->runRouteWithinStack(Object(Illuminate\\Routing\\Route), Object(Illuminate\\Http\\Request))
#40 /Users/yapi/Adi/appdev/simonas-app/vendor/laravel/framework/src/Illuminate/Routing/Router.php(750): Illuminate\\Routing\\Router->runRoute(Object(Illuminate\\Http\\Request), Object(Illuminate\\Routing\\Route))
#41 /Users/yapi/Adi/appdev/simonas-app/vendor/laravel/framework/src/Illuminate/Routing/Router.php(739): Illuminate\\Routing\\Router->dispatchToRoute(Object(Illuminate\\Http\\Request))
#42 /Users/yapi/Adi/appdev/simonas-app/vendor/laravel/framework/src/Illuminate/Foundation/Http/Kernel.php(201): Illuminate\\Routing\\Router->dispatch(Object(Illuminate\\Http\\Request))
#43 /Users/yapi/Adi/appdev/simonas-app/vendor/laravel/framework/src/Illuminate/Pipeline/Pipeline.php(170): Illuminate\\Foundation\\Http\\Kernel->{closure:Illuminate\\Foundation\\Http\\Kernel::dispatchToRouter():198}(Object(Illuminate\\Http\\Request))
#44 /Users/yapi/Adi/appdev/simonas-app/vendor/inertiajs/inertia-laravel/src/Middleware/EnsureGetOnRedirect.php(19): Illuminate\\Pipeline\\Pipeline->{closure:Illuminate\\Pipeline\\Pipeline::prepareDestination():168}(Object(Illuminate\\Http\\Request))
#45 /Users/yapi/Adi/appdev/simonas-app/vendor/laravel/framework/src/Illuminate/Pipeline/Pipeline.php(209): Inertia\\Middleware\\EnsureGetOnRedirect->handle(Object(Illuminate\\Http\\Request), Object(Closure))
#46 /Users/yapi/Adi/appdev/simonas-app/app/Http/Middleware/CacheStaticAssets.php(17): Illuminate\\Pipeline\\Pipeline->{closure:{closure:Illuminate\\Pipeline\\Pipeline::carry():184}:185}(Object(Illuminate\\Http\\Request))
#47 /Users/yapi/Adi/appdev/simonas-app/vendor/laravel/framework/src/Illuminate/Pipeline/Pipeline.php(209): App\\Http\\Middleware\\CacheStaticAssets->handle(Object(Illuminate\\Http\\Request), Object(Closure))
#48 /Users/yapi/Adi/appdev/simonas-app/vendor/laravel/framework/src/Illuminate/Foundation/Http/Middleware/TransformsRequest.php(21): Illuminate\\Pipeline\\Pipeline->{closure:{closure:Illuminate\\Pipeline\\Pipeline::carry():184}:185}(Object(Illuminate\\Http\\Request))
#49 /Users/yapi/Adi/appdev/simonas-app/vendor/laravel/framework/src/Illuminate/Foundation/Http/Middleware/ConvertEmptyStringsToNull.php(31): Illuminate\\Foundation\\Http\\Middleware\\TransformsRequest->handle(Object(Illuminate\\Http\\Request), Object(Closure))
#50 /Users/yapi/Adi/appdev/simonas-app/vendor/laravel/framework/src/Illuminate/Pipeline/Pipeline.php(209): Illuminate\\Foundation\\Http\\Middleware\\ConvertEmptyStringsToNull->handle(Object(Illuminate\\Http\\Request), Object(Closure))
#51 /Users/yapi/Adi/appdev/simonas-app/vendor/laravel/framework/src/Illuminate/Foundation/Http/Middleware/TransformsRequest.php(21): Illuminate\\Pipeline\\Pipeline->{closure:{closure:Illuminate\\Pipeline\\Pipeline::carry():184}:185}(Object(Illuminate\\Http\\Request))
#52 /Users/yapi/Adi/appdev/simonas-app/vendor/laravel/framework/src/Illuminate/Foundation/Http/Middleware/TrimStrings.php(51): Illuminate\\Foundation\\Http\\Middleware\\TransformsRequest->handle(Object(Illuminate\\Http\\Request), Object(Closure))
#53 /Users/yapi/Adi/appdev/simonas-app/vendor/laravel/framework/src/Illuminate/Pipeline/Pipeline.php(209): Illuminate\\Foundation\\Http\\Middleware\\TrimStrings->handle(Object(Illuminate\\Http\\Request), Object(Closure))
#54 /Users/yapi/Adi/appdev/simonas-app/vendor/laravel/framework/src/Illuminate/Http/Middleware/ValidatePostSize.php(27): Illuminate\\Pipeline\\Pipeline->{closure:{closure:Illuminate\\Pipeline\\Pipeline::carry():184}:185}(Object(Illuminate\\Http\\Request))
#55 /Users/yapi/Adi/appdev/simonas-app/vendor/laravel/framework/src/Illuminate/Pipeline/Pipeline.php(209): Illuminate\\Http\\Middleware\\ValidatePostSize->handle(Object(Illuminate\\Http\\Request), Object(Closure))
#56 /Users/yapi/Adi/appdev/simonas-app/vendor/laravel/framework/src/Illuminate/Foundation/Http/Middleware/PreventRequestsDuringMaintenance.php(110): Illuminate\\Pipeline\\Pipeline->{closure:{closure:Illuminate\\Pipeline\\Pipeline::carry():184}:185}(Object(Illuminate\\Http\\Request))
#57 /Users/yapi/Adi/appdev/simonas-app/vendor/laravel/framework/src/Illuminate/Pipeline/Pipeline.php(209): Illuminate\\Foundation\\Http\\Middleware\\PreventRequestsDuringMaintenance->handle(Object(Illuminate\\Http\\Request), Object(Closure))
#58 /Users/yapi/Adi/appdev/simonas-app/vendor/laravel/framework/src/Illuminate/Http/Middleware/HandleCors.php(49): Illuminate\\Pipeline\\Pipeline->{closure:{closure:Illuminate\\Pipeline\\Pipeline::carry():184}:185}(Object(Illuminate\\Http\\Request))
#59 /Users/yapi/Adi/appdev/simonas-app/vendor/laravel/framework/src/Illuminate/Pipeline/Pipeline.php(209): Illuminate\\Http\\Middleware\\HandleCors->handle(Object(Illuminate\\Http\\Request), Object(Closure))
#60 /Users/yapi/Adi/appdev/simonas-app/vendor/laravel/framework/src/Illuminate/Http/Middleware/TrustProxies.php(58): Illuminate\\Pipeline\\Pipeline->{closure:{closure:Illuminate\\Pipeline\\Pipeline::carry():184}:185}(Object(Illuminate\\Http\\Request))
#61 /Users/yapi/Adi/appdev/simonas-app/vendor/laravel/framework/src/Illuminate/Pipeline/Pipeline.php(209): Illuminate\\Http\\Middleware\\TrustProxies->handle(Object(Illuminate\\Http\\Request), Object(Closure))
#62 /Users/yapi/Adi/appdev/simonas-app/vendor/laravel/framework/src/Illuminate/Pipeline/Pipeline.php(127): Illuminate\\Pipeline\\Pipeline->{closure:{closure:Illuminate\\Pipeline\\Pipeline::carry():184}:185}(Object(Illuminate\\Http\\Request))
#63 /Users/yapi/Adi/appdev/simonas-app/vendor/laravel/framework/src/Illuminate/Foundation/Http/Kernel.php(176): Illuminate\\Pipeline\\Pipeline->then(Object(Closure))
#64 /Users/yapi/Adi/appdev/simonas-app/vendor/laravel/framework/src/Illuminate/Foundation/Http/Kernel.php(145): Illuminate\\Foundation\\Http\\Kernel->sendRequestThroughRouter(Object(Illuminate\\Http\\Request))
#65 /Users/yapi/Adi/appdev/simonas-app/public/index.php(18): Illuminate\\Foundation\\Http\\Kernel->handle(Object(Illuminate\\Http\\Request))
#66 /Users/yapi/Adi/appdev/simonas-app/server.php(21): require_once('/Users/yapi/Adi...')
#67 {main}
"} 
[2026-05-01 14:32:29] local.ERROR: SQLSTATE[42S02]: Base table or view not found: 1146 Table 'simonas_local.alumni_businesses' doesn't exist (Connection: mysql, SQL: select count(*) as aggregate from `alumni_businesses` where `is_active` = 1) {"userId":4,"exception":"[object] (Illuminate\\Database\\QueryException(code: 42S02): SQLSTATE[42S02]: Base table or view not found: 1146 Table 'simonas_local.alumni_businesses' doesn't exist (Connection: mysql, SQL: select count(*) as aggregate from `alumni_businesses` where `is_active` = 1) at /Users/yapi/Adi/appdev/simonas-app/vendor/laravel/framework/src/Illuminate/Database/Connection.php:825)
[stacktrace]
#0 /Users/yapi/Adi/appdev/simonas-app/vendor/laravel/framework/src/Illuminate/Database/Connection.php(779): Illuminate\\Database\\Connection->runQueryCallback('select count(*)...', Array, Object(Closure))
#1 /Users/yapi/Adi/appdev/simonas-app/vendor/laravel/framework/src/Illuminate/Database/Connection.php(398): Illuminate\\Database\\Connection->run('select count(*)...', Array, Object(Closure))
#2 /Users/yapi/Adi/appdev/simonas-app/vendor/laravel/framework/src/Illuminate/Database/Query/Builder.php(3106): Illuminate\\Database\\Connection->select('select count(*)...', Array, true)
#3 /Users/yapi/Adi/appdev/simonas-app/vendor/laravel/framework/src/Illuminate/Database/Query/Builder.php(3091): Illuminate\\Database\\Query\\Builder->runSelect()
#4 /Users/yapi/Adi/appdev/simonas-app/vendor/laravel/framework/src/Illuminate/Database/Query/Builder.php(3676): Illuminate\\Database\\Query\\Builder->{closure:Illuminate\\Database\\Query\\Builder::get():3090}()
#5 /Users/yapi/Adi/appdev/simonas-app/vendor/laravel/framework/src/Illuminate/Database/Query/Builder.php(3090): Illuminate\\Database\\Query\\Builder->onceWithColumns(Array, Object(Closure))
#6 /Users/yapi/Adi/appdev/simonas-app/vendor/laravel/framework/src/Illuminate/Database/Query/Builder.php(3285): Illuminate\\Database\\Query\\Builder->get()
#7 /Users/yapi/Adi/appdev/simonas-app/vendor/laravel/framework/src/Illuminate/Database/Query/Builder.php(3244): Illuminate\\Database\\Query\\Builder->runPaginationCountQuery(Array)
#8 /Users/yapi/Adi/appdev/simonas-app/vendor/laravel/framework/src/Illuminate/Database/Eloquent/Builder.php(1029): Illuminate\\Database\\Query\\Builder->getCountForPagination()
#9 /Users/yapi/Adi/appdev/simonas-app/app/Http/Controllers/Web/Alumni/AlumniBusinessController.php(23): Illuminate\\Database\\Eloquent\\Builder->paginate(12)
#10 /Users/yapi/Adi/appdev/simonas-app/vendor/laravel/framework/src/Illuminate/Routing/Controller.php(54): App\\Http\\Controllers\\Web\\Alumni\\AlumniBusinessController->index(Object(Illuminate\\Http\\Request))
#11 /Users/yapi/Adi/appdev/simonas-app/vendor/laravel/framework/src/Illuminate/Routing/ControllerDispatcher.php(44): Illuminate\\Routing\\Controller->callAction('index', Array)
#12 /Users/yapi/Adi/appdev/simonas-app/vendor/laravel/framework/src/Illuminate/Routing/Route.php(266): Illuminate\\Routing\\ControllerDispatcher->dispatch(Object(Illuminate\\Routing\\Route), Object(App\\Http\\Controllers\\Web\\Alumni\\AlumniBusinessController), 'index')
#13 /Users/yapi/Adi/appdev/simonas-app/vendor/laravel/framework/src/Illuminate/Routing/Route.php(212): Illuminate\\Routing\\Route->runController()
#14 /Users/yapi/Adi/appdev/simonas-app/vendor/laravel/framework/src/Illuminate/Routing/Router.php(808): Illuminate\\Routing\\Route->run()
#15 /Users/yapi/Adi/appdev/simonas-app/vendor/laravel/framework/src/Illuminate/Pipeline/Pipeline.php(170): Illuminate\\Routing\\Router->{closure:Illuminate\\Routing\\Router::runRouteWithinStack():807}(Object(Illuminate\\Http\\Request))
#16 /Users/yapi/Adi/appdev/simonas-app/vendor/laravel/framework/src/Illuminate/Auth/Middleware/Authorize.php(60): Illuminate\\Pipeline\\Pipeline->{closure:Illuminate\\Pipeline\\Pipeline::prepareDestination():168}(Object(Illuminate\\Http\\Request))
#17 /Users/yapi/Adi/appdev/simonas-app/vendor/laravel/framework/src/Illuminate/Pipeline/Pipeline.php(209): Illuminate\\Auth\\Middleware\\Authorize->handle(Object(Illuminate\\Http\\Request), Object(Closure), 'access-alumni')
#18 /Users/yapi/Adi/appdev/simonas-app/vendor/inertiajs/inertia-laravel/src/Middleware.php(138): Illuminate\\Pipeline\\Pipeline->{closure:{closure:Illuminate\\Pipeline\\Pipeline::carry():184}:185}(Object(Illuminate\\Http\\Request))
#19 /Users/yapi/Adi/appdev/simonas-app/vendor/laravel/framework/src/Illuminate/Pipeline/Pipeline.php(209): Inertia\\Middleware->handle(Object(Illuminate\\Http\\Request), Object(Closure))
#20 /Users/yapi/Adi/appdev/simonas-app/vendor/laravel/framework/src/Illuminate/Routing/Middleware/SubstituteBindings.php(51): Illuminate\\Pipeline\\Pipeline->{closure:{closure:Illuminate\\Pipeline\\Pipeline::carry():184}:185}(Object(Illuminate\\Http\\Request))
#21 /Users/yapi/Adi/appdev/simonas-app/vendor/laravel/framework/src/Illuminate/Pipeline/Pipeline.php(209): Illuminate\\Routing\\Middleware\\SubstituteBindings->handle(Object(Illuminate\\Http\\Request), Object(Closure))
#22 /Users/yapi/Adi/appdev/simonas-app/vendor/laravel/framework/src/Illuminate/Auth/Middleware/Authenticate.php(64): Illuminate\\Pipeline\\Pipeline->{closure:{closure:Illuminate\\Pipeline\\Pipeline::carry():184}:185}(Object(Illuminate\\Http\\Request))
#23 /Users/yapi/Adi/appdev/simonas-app/vendor/laravel/framework/src/Illuminate/Pipeline/Pipeline.php(209): Illuminate\\Auth\\Middleware\\Authenticate->handle(Object(Illuminate\\Http\\Request), Object(Closure))
#24 /Users/yapi/Adi/appdev/simonas-app/vendor/laravel/framework/src/Illuminate/Foundation/Http/Middleware/VerifyCsrfToken.php(88): Illuminate\\Pipeline\\Pipeline->{closure:{closure:Illuminate\\Pipeline\\Pipeline::carry():184}:185}(Object(Illuminate\\Http\\Request))
#25 /Users/yapi/Adi/appdev/simonas-app/vendor/laravel/framework/src/Illuminate/Pipeline/Pipeline.php(209): Illuminate\\Foundation\\Http\\Middleware\\VerifyCsrfToken->handle(Object(Illuminate\\Http\\Request), Object(Closure))
#26 /Users/yapi/Adi/appdev/simonas-app/vendor/laravel/framework/src/Illuminate/View/Middleware/ShareErrorsFromSession.php(49): Illuminate\\Pipeline\\Pipeline->{closure:{closure:Illuminate\\Pipeline\\Pipeline::carry():184}:185}(Object(Illuminate\\Http\\Request))
#27 /Users/yapi/Adi/appdev/simonas-app/vendor/laravel/framework/src/Illuminate/Pipeline/Pipeline.php(209): Illuminate\\View\\Middleware\\ShareErrorsFromSession->handle(Object(Illuminate\\Http\\Request), Object(Closure))
#28 /Users/yapi/Adi/appdev/simonas-app/vendor/laravel/framework/src/Illuminate/Session/Middleware/StartSession.php(121): Illuminate\\Pipeline\\Pipeline->{closure:{closure:Illuminate\\Pipeline\\Pipeline::carry():184}:185}(Object(Illuminate\\Http\\Request))
#29 /Users/yapi/Adi/appdev/simonas-app/vendor/laravel/framework/src/Illuminate/Session/Middleware/StartSession.php(64): Illuminate\\Session\\Middleware\\StartSession->handleStatefulRequest(Object(Illuminate\\Http\\Request), Object(Illuminate\\Session\\Store), Object(Closure))
#30 /Users/yapi/Adi/appdev/simonas-app/vendor/laravel/framework/src/Illuminate/Pipeline/Pipeline.php(209): Illuminate\\Session\\Middleware\\StartSession->handle(Object(Illuminate\\Http\\Request), Object(Closure))
#31 /Users/yapi/Adi/appdev/simonas-app/vendor/laravel/framework/src/Illuminate/Cookie/Middleware/AddQueuedCookiesToResponse.php(37): Illuminate\\Pipeline\\Pipeline->{closure:{closure:Illuminate\\Pipeline\\Pipeline::carry():184}:185}(Object(Illuminate\\Http\\Request))
#32 /Users/yapi/Adi/appdev/simonas-app/vendor/laravel/framework/src/Illuminate/Pipeline/Pipeline.php(209): Illuminate\\Cookie\\Middleware\\AddQueuedCookiesToResponse->handle(Object(Illuminate\\Http\\Request), Object(Closure))
#33 /Users/yapi/Adi/appdev/simonas-app/vendor/laravel/framework/src/Illuminate/Cookie/Middleware/EncryptCookies.php(75): Illuminate\\Pipeline\\Pipeline->{closure:{closure:Illuminate\\Pipeline\\Pipeline::carry():184}:185}(Object(Illuminate\\Http\\Request))
#34 /Users/yapi/Adi/appdev/simonas-app/vendor/laravel/framework/src/Illuminate/Pipeline/Pipeline.php(209): Illuminate\\Cookie\\Middleware\\EncryptCookies->handle(Object(Illuminate\\Http\\Request), Object(Closure))
#35 /Users/yapi/Adi/appdev/simonas-app/vendor/laravel/framework/src/Illuminate/Pipeline/Pipeline.php(127): Illuminate\\Pipeline\\Pipeline->{closure:{closure:Illuminate\\Pipeline\\Pipeline::carry():184}:185}(Object(Illuminate\\Http\\Request))
#36 /Users/yapi/Adi/appdev/simonas-app/vendor/laravel/framework/src/Illuminate/Routing/Router.php(807): Illuminate\\Pipeline\\Pipeline->then(Object(Closure))
#37 /Users/yapi/Adi/appdev/simonas-app/vendor/laravel/framework/src/Illuminate/Routing/Router.php(786): Illuminate\\Routing\\Router->runRouteWithinStack(Object(Illuminate\\Routing\\Route), Object(Illuminate\\Http\\Request))
#38 /Users/yapi/Adi/appdev/simonas-app/vendor/laravel/framework/src/Illuminate/Routing/Router.php(750): Illuminate\\Routing\\Router->runRoute(Object(Illuminate\\Http\\Request), Object(Illuminate\\Routing\\Route))
#39 /Users/yapi/Adi/appdev/simonas-app/vendor/laravel/framework/src/Illuminate/Routing/Router.php(739): Illuminate\\Routing\\Router->dispatchToRoute(Object(Illuminate\\Http\\Request))
#40 /Users/yapi/Adi/appdev/simonas-app/vendor/laravel/framework/src/Illuminate/Foundation/Http/Kernel.php(201): Illuminate\\Routing\\Router->dispatch(Object(Illuminate\\Http\\Request))
#41 /Users/yapi/Adi/appdev/simonas-app/vendor/laravel/framework/src/Illuminate/Pipeline/Pipeline.php(170): Illuminate\\Foundation\\Http\\Kernel->{closure:Illuminate\\Foundation\\Http\\Kernel::dispatchToRouter():198}(Object(Illuminate\\Http\\Request))
#42 /Users/yapi/Adi/appdev/simonas-app/vendor/inertiajs/inertia-laravel/src/Middleware/EnsureGetOnRedirect.php(19): Illuminate\\Pipeline\\Pipeline->{closure:Illuminate\\Pipeline\\Pipeline::prepareDestination():168}(Object(Illuminate\\Http\\Request))
#43 /Users/yapi/Adi/appdev/simonas-app/vendor/laravel/framework/src/Illuminate/Pipeline/Pipeline.php(209): Inertia\\Middleware\\EnsureGetOnRedirect->handle(Object(Illuminate\\Http\\Request), Object(Closure))
#44 /Users/yapi/Adi/appdev/simonas-app/app/Http/Middleware/CacheStaticAssets.php(17): Illuminate\\Pipeline\\Pipeline->{closure:{closure:Illuminate\\Pipeline\\Pipeline::carry():184}:185}(Object(Illuminate\\Http\\Request))
#45 /Users/yapi/Adi/appdev/simonas-app/vendor/laravel/framework/src/Illuminate/Pipeline/Pipeline.php(209): App\\Http\\Middleware\\CacheStaticAssets->handle(Object(Illuminate\\Http\\Request), Object(Closure))
#46 /Users/yapi/Adi/appdev/simonas-app/vendor/laravel/framework/src/Illuminate/Foundation/Http/Middleware/TransformsRequest.php(21): Illuminate\\Pipeline\\Pipeline->{closure:{closure:Illuminate\\Pipeline\\Pipeline::carry():184}:185}(Object(Illuminate\\Http\\Request))
#47 /Users/yapi/Adi/appdev/simonas-app/vendor/laravel/framework/src/Illuminate/Foundation/Http/Middleware/ConvertEmptyStringsToNull.php(31): Illuminate\\Foundation\\Http\\Middleware\\TransformsRequest->handle(Object(Illuminate\\Http\\Request), Object(Closure))
#48 /Users/yapi/Adi/appdev/simonas-app/vendor/laravel/framework/src/Illuminate/Pipeline/Pipeline.php(209): Illuminate\\Foundation\\Http\\Middleware\\ConvertEmptyStringsToNull->handle(Object(Illuminate\\Http\\Request), Object(Closure))
#49 /Users/yapi/Adi/appdev/simonas-app/vendor/laravel/framework/src/Illuminate/Foundation/Http/Middleware/TransformsRequest.php(21): Illuminate\\Pipeline\\Pipeline->{closure:{closure:Illuminate\\Pipeline\\Pipeline::carry():184}:185}(Object(Illuminate\\Http\\Request))
#50 /Users/yapi/Adi/appdev/simonas-app/vendor/laravel/framework/src/Illuminate/Foundation/Http/Middleware/TrimStrings.php(51): Illuminate\\Foundation\\Http\\Middleware\\TransformsRequest->handle(Object(Illuminate\\Http\\Request), Object(Closure))
#51 /Users/yapi/Adi/appdev/simonas-app/vendor/laravel/framework/src/Illuminate/Pipeline/Pipeline.php(209): Illuminate\\Foundation\\Http\\Middleware\\TrimStrings->handle(Object(Illuminate\\Http\\Request), Object(Closure))
#52 /Users/yapi/Adi/appdev/simonas-app/vendor/laravel/framework/src/Illuminate/Http/Middleware/ValidatePostSize.php(27): Illuminate\\Pipeline\\Pipeline->{closure:{closure:Illuminate\\Pipeline\\Pipeline::carry():184}:185}(Object(Illuminate\\Http\\Request))
#53 /Users/yapi/Adi/appdev/simonas-app/vendor/laravel/framework/src/Illuminate/Pipeline/Pipeline.php(209): Illuminate\\Http\\Middleware\\ValidatePostSize->handle(Object(Illuminate\\Http\\Request), Object(Closure))
#54 /Users/yapi/Adi/appdev/simonas-app/vendor/laravel/framework/src/Illuminate/Foundation/Http/Middleware/PreventRequestsDuringMaintenance.php(110): Illuminate\\Pipeline\\Pipeline->{closure:{closure:Illuminate\\Pipeline\\Pipeline::carry():184}:185}(Object(Illuminate\\Http\\Request))
#55 /Users/yapi/Adi/appdev/simonas-app/vendor/laravel/framework/src/Illuminate/Pipeline/Pipeline.php(209): Illuminate\\Foundation\\Http\\Middleware\\PreventRequestsDuringMaintenance->handle(Object(Illuminate\\Http\\Request), Object(Closure))
#56 /Users/yapi/Adi/appdev/simonas-app/vendor/laravel/framework/src/Illuminate/Http/Middleware/HandleCors.php(49): Illuminate\\Pipeline\\Pipeline->{closure:{closure:Illuminate\\Pipeline\\Pipeline::carry():184}:185}(Object(Illuminate\\Http\\Request))
#57 /Users/yapi/Adi/appdev/simonas-app/vendor/laravel/framework/src/Illuminate/Pipeline/Pipeline.php(209): Illuminate\\Http\\Middleware\\HandleCors->handle(Object(Illuminate\\Http\\Request), Object(Closure))
#58 /Users/yapi/Adi/appdev/simonas-app/vendor/laravel/framework/src/Illuminate/Http/Middleware/TrustProxies.php(58): Illuminate\\Pipeline\\Pipeline->{closure:{closure:Illuminate\\Pipeline\\Pipeline::carry():184}:185}(Object(Illuminate\\Http\\Request))
#59 /Users/yapi/Adi/appdev/simonas-app/vendor/laravel/framework/src/Illuminate/Pipeline/Pipeline.php(209): Illuminate\\Http\\Middleware\\TrustProxies->handle(Object(Illuminate\\Http\\Request), Object(Closure))
#60 /Users/yapi/Adi/appdev/simonas-app/vendor/laravel/framework/src/Illuminate/Pipeline/Pipeline.php(127): Illuminate\\Pipeline\\Pipeline->{closure:{closure:Illuminate\\Pipeline\\Pipeline::carry():184}:185}(Object(Illuminate\\Http\\Request))
#61 /Users/yapi/Adi/appdev/simonas-app/vendor/laravel/framework/src/Illuminate/Foundation/Http/Kernel.php(176): Illuminate\\Pipeline\\Pipeline->then(Object(Closure))
#62 /Users/yapi/Adi/appdev/simonas-app/vendor/laravel/framework/src/Illuminate/Foundation/Http/Kernel.php(145): Illuminate\\Foundation\\Http\\Kernel->sendRequestThroughRouter(Object(Illuminate\\Http\\Request))
#63 /Users/yapi/Adi/appdev/simonas-app/public/index.php(18): Illuminate\\Foundation\\Http\\Kernel->handle(Object(Illuminate\\Http\\Request))
#64 /Users/yapi/Adi/appdev/simonas-app/server.php(21): require_once('/Users/yapi/Adi...')
#65 {main}

[previous exception] [object] (PDOException(code: 42S02): SQLSTATE[42S02]: Base table or view not found: 1146 Table 'simonas_local.alumni_businesses' doesn't exist at /Users/yapi/Adi/appdev/simonas-app/vendor/laravel/framework/src/Illuminate/Database/Connection.php:407)
[stacktrace]
#0 /Users/yapi/Adi/appdev/simonas-app/vendor/laravel/framework/src/Illuminate/Database/Connection.php(407): PDO->prepare('select count(*)...')
#1 /Users/yapi/Adi/appdev/simonas-app/vendor/laravel/framework/src/Illuminate/Database/Connection.php(812): Illuminate\\Database\\Connection->{closure:Illuminate\\Database\\Connection::select():398}('select count(*)...', Array)
#2 /Users/yapi/Adi/appdev/simonas-app/vendor/laravel/framework/src/Illuminate/Database/Connection.php(779): Illuminate\\Database\\Connection->runQueryCallback('select count(*)...', Array, Object(Closure))
#3 /Users/yapi/Adi/appdev/simonas-app/vendor/laravel/framework/src/Illuminate/Database/Connection.php(398): Illuminate\\Database\\Connection->run('select count(*)...', Array, Object(Closure))
#4 /Users/yapi/Adi/appdev/simonas-app/vendor/laravel/framework/src/Illuminate/Database/Query/Builder.php(3106): Illuminate\\Database\\Connection->select('select count(*)...', Array, true)
#5 /Users/yapi/Adi/appdev/simonas-app/vendor/laravel/framework/src/Illuminate/Database/Query/Builder.php(3091): Illuminate\\Database\\Query\\Builder->runSelect()
#6 /Users/yapi/Adi/appdev/simonas-app/vendor/laravel/framework/src/Illuminate/Database/Query/Builder.php(3676): Illuminate\\Database\\Query\\Builder->{closure:Illuminate\\Database\\Query\\Builder::get():3090}()
#7 /Users/yapi/Adi/appdev/simonas-app/vendor/laravel/framework/src/Illuminate/Database/Query/Builder.php(3090): Illuminate\\Database\\Query\\Builder->onceWithColumns(Array, Object(Closure))
#8 /Users/yapi/Adi/appdev/simonas-app/vendor/laravel/framework/src/Illuminate/Database/Query/Builder.php(3285): Illuminate\\Database\\Query\\Builder->get()
#9 /Users/yapi/Adi/appdev/simonas-app/vendor/laravel/framework/src/Illuminate/Database/Query/Builder.php(3244): Illuminate\\Database\\Query\\Builder->runPaginationCountQuery(Array)
#10 /Users/yapi/Adi/appdev/simonas-app/vendor/laravel/framework/src/Illuminate/Database/Eloquent/Builder.php(1029): Illuminate\\Database\\Query\\Builder->getCountForPagination()
#11 /Users/yapi/Adi/appdev/simonas-app/app/Http/Controllers/Web/Alumni/AlumniBusinessController.php(23): Illuminate\\Database\\Eloquent\\Builder->paginate(12)
#12 /Users/yapi/Adi/appdev/simonas-app/vendor/laravel/framework/src/Illuminate/Routing/Controller.php(54): App\\Http\\Controllers\\Web\\Alumni\\AlumniBusinessController->index(Object(Illuminate\\Http\\Request))
#13 /Users/yapi/Adi/appdev/simonas-app/vendor/laravel/framework/src/Illuminate/Routing/ControllerDispatcher.php(44): Illuminate\\Routing\\Controller->callAction('index', Array)
#14 /Users/yapi/Adi/appdev/simonas-app/vendor/laravel/framework/src/Illuminate/Routing/Route.php(266): Illuminate\\Routing\\ControllerDispatcher->dispatch(Object(Illuminate\\Routing\\Route), Object(App\\Http\\Controllers\\Web\\Alumni\\AlumniBusinessController), 'index')
#15 /Users/yapi/Adi/appdev/simonas-app/vendor/laravel/framework/src/Illuminate/Routing/Route.php(212): Illuminate\\Routing\\Route->runController()
#16 /Users/yapi/Adi/appdev/simonas-app/vendor/laravel/framework/src/Illuminate/Routing/Router.php(808): Illuminate\\Routing\\Route->run()
#17 /Users/yapi/Adi/appdev/simonas-app/vendor/laravel/framework/src/Illuminate/Pipeline/Pipeline.php(170): Illuminate\\Routing\\Router->{closure:Illuminate\\Routing\\Router::runRouteWithinStack():807}(Object(Illuminate\\Http\\Request))
#18 /Users/yapi/Adi/appdev/simonas-app/vendor/laravel/framework/src/Illuminate/Auth/Middleware/Authorize.php(60): Illuminate\\Pipeline\\Pipeline->{closure:Illuminate\\Pipeline\\Pipeline::prepareDestination():168}(Object(Illuminate\\Http\\Request))
#19 /Users/yapi/Adi/appdev/simonas-app/vendor/laravel/framework/src/Illuminate/Pipeline/Pipeline.php(209): Illuminate\\Auth\\Middleware\\Authorize->handle(Object(Illuminate\\Http\\Request), Object(Closure), 'access-alumni')
#20 /Users/yapi/Adi/appdev/simonas-app/vendor/inertiajs/inertia-laravel/src/Middleware.php(138): Illuminate\\Pipeline\\Pipeline->{closure:{closure:Illuminate\\Pipeline\\Pipeline::carry():184}:185}(Object(Illuminate\\Http\\Request))
#21 /Users/yapi/Adi/appdev/simonas-app/vendor/laravel/framework/src/Illuminate/Pipeline/Pipeline.php(209): Inertia\\Middleware->handle(Object(Illuminate\\Http\\Request), Object(Closure))
#22 /Users/yapi/Adi/appdev/simonas-app/vendor/laravel/framework/src/Illuminate/Routing/Middleware/SubstituteBindings.php(51): Illuminate\\Pipeline\\Pipeline->{closure:{closure:Illuminate\\Pipeline\\Pipeline::carry():184}:185}(Object(Illuminate\\Http\\Request))
#23 /Users/yapi/Adi/appdev/simonas-app/vendor/laravel/framework/src/Illuminate/Pipeline/Pipeline.php(209): Illuminate\\Routing\\Middleware\\SubstituteBindings->handle(Object(Illuminate\\Http\\Request), Object(Closure))
#24 /Users/yapi/Adi/appdev/simonas-app/vendor/laravel/framework/src/Illuminate/Auth/Middleware/Authenticate.php(64): Illuminate\\Pipeline\\Pipeline->{closure:{closure:Illuminate\\Pipeline\\Pipeline::carry():184}:185}(Object(Illuminate\\Http\\Request))
#25 /Users/yapi/Adi/appdev/simonas-app/vendor/laravel/framework/src/Illuminate/Pipeline/Pipeline.php(209): Illuminate\\Auth\\Middleware\\Authenticate->handle(Object(Illuminate\\Http\\Request), Object(Closure))
#26 /Users/yapi/Adi/appdev/simonas-app/vendor/laravel/framework/src/Illuminate/Foundation/Http/Middleware/VerifyCsrfToken.php(88): Illuminate\\Pipeline\\Pipeline->{closure:{closure:Illuminate\\Pipeline\\Pipeline::carry():184}:185}(Object(Illuminate\\Http\\Request))
#27 /Users/yapi/Adi/appdev/simonas-app/vendor/laravel/framework/src/Illuminate/Pipeline/Pipeline.php(209): Illuminate\\Foundation\\Http\\Middleware\\VerifyCsrfToken->handle(Object(Illuminate\\Http\\Request), Object(Closure))
#28 /Users/yapi/Adi/appdev/simonas-app/vendor/laravel/framework/src/Illuminate/View/Middleware/ShareErrorsFromSession.php(49): Illuminate\\Pipeline\\Pipeline->{closure:{closure:Illuminate\\Pipeline\\Pipeline::carry():184}:185}(Object(Illuminate\\Http\\Request))
#29 /Users/yapi/Adi/appdev/simonas-app/vendor/laravel/framework/src/Illuminate/Pipeline/Pipeline.php(209): Illuminate\\View\\Middleware\\ShareErrorsFromSession->handle(Object(Illuminate\\Http\\Request), Object(Closure))
#30 /Users/yapi/Adi/appdev/simonas-app/vendor/laravel/framework/src/Illuminate/Session/Middleware/StartSession.php(121): Illuminate\\Pipeline\\Pipeline->{closure:{closure:Illuminate\\Pipeline\\Pipeline::carry():184}:185}(Object(Illuminate\\Http\\Request))
#31 /Users/yapi/Adi/appdev/simonas-app/vendor/laravel/framework/src/Illuminate/Session/Middleware/StartSession.php(64): Illuminate\\Session\\Middleware\\StartSession->handleStatefulRequest(Object(Illuminate\\Http\\Request), Object(Illuminate\\Session\\Store), Object(Closure))
#32 /Users/yapi/Adi/appdev/simonas-app/vendor/laravel/framework/src/Illuminate/Pipeline/Pipeline.php(209): Illuminate\\Session\\Middleware\\StartSession->handle(Object(Illuminate\\Http\\Request), Object(Closure))
#33 /Users/yapi/Adi/appdev/simonas-app/vendor/laravel/framework/src/Illuminate/Cookie/Middleware/AddQueuedCookiesToResponse.php(37): Illuminate\\Pipeline\\Pipeline->{closure:{closure:Illuminate\\Pipeline\\Pipeline::carry():184}:185}(Object(Illuminate\\Http\\Request))
#34 /Users/yapi/Adi/appdev/simonas-app/vendor/laravel/framework/src/Illuminate/Pipeline/Pipeline.php(209): Illuminate\\Cookie\\Middleware\\AddQueuedCookiesToResponse->handle(Object(Illuminate\\Http\\Request), Object(Closure))
#35 /Users/yapi/Adi/appdev/simonas-app/vendor/laravel/framework/src/Illuminate/Cookie/Middleware/EncryptCookies.php(75): Illuminate\\Pipeline\\Pipeline->{closure:{closure:Illuminate\\Pipeline\\Pipeline::carry():184}:185}(Object(Illuminate\\Http\\Request))
#36 /Users/yapi/Adi/appdev/simonas-app/vendor/laravel/framework/src/Illuminate/Pipeline/Pipeline.php(209): Illuminate\\Cookie\\Middleware\\EncryptCookies->handle(Object(Illuminate\\Http\\Request), Object(Closure))
#37 /Users/yapi/Adi/appdev/simonas-app/vendor/laravel/framework/src/Illuminate/Pipeline/Pipeline.php(127): Illuminate\\Pipeline\\Pipeline->{closure:{closure:Illuminate\\Pipeline\\Pipeline::carry():184}:185}(Object(Illuminate\\Http\\Request))
#38 /Users/yapi/Adi/appdev/simonas-app/vendor/laravel/framework/src/Illuminate/Routing/Router.php(807): Illuminate\\Pipeline\\Pipeline->then(Object(Closure))
#39 /Users/yapi/Adi/appdev/simonas-app/vendor/laravel/framework/src/Illuminate/Routing/Router.php(786): Illuminate\\Routing\\Router->runRouteWithinStack(Object(Illuminate\\Routing\\Route), Object(Illuminate\\Http\\Request))
#40 /Users/yapi/Adi/appdev/simonas-app/vendor/laravel/framework/src/Illuminate/Routing/Router.php(750): Illuminate\\Routing\\Router->runRoute(Object(Illuminate\\Http\\Request), Object(Illuminate\\Routing\\Route))
#41 /Users/yapi/Adi/appdev/simonas-app/vendor/laravel/framework/src/Illuminate/Routing/Router.php(739): Illuminate\\Routing\\Router->dispatchToRoute(Object(Illuminate\\Http\\Request))
#42 /Users/yapi/Adi/appdev/simonas-app/vendor/laravel/framework/src/Illuminate/Foundation/Http/Kernel.php(201): Illuminate\\Routing\\Router->dispatch(Object(Illuminate\\Http\\Request))
#43 /Users/yapi/Adi/appdev/simonas-app/vendor/laravel/framework/src/Illuminate/Pipeline/Pipeline.php(170): Illuminate\\Foundation\\Http\\Kernel->{closure:Illuminate\\Foundation\\Http\\Kernel::dispatchToRouter():198}(Object(Illuminate\\Http\\Request))
#44 /Users/yapi/Adi/appdev/simonas-app/vendor/inertiajs/inertia-laravel/src/Middleware/EnsureGetOnRedirect.php(19): Illuminate\\Pipeline\\Pipeline->{closure:Illuminate\\Pipeline\\Pipeline::prepareDestination():168}(Object(Illuminate\\Http\\Request))
#45 /Users/yapi/Adi/appdev/simonas-app/vendor/laravel/framework/src/Illuminate/Pipeline/Pipeline.php(209): Inertia\\Middleware\\EnsureGetOnRedirect->handle(Object(Illuminate\\Http\\Request), Object(Closure))
#46 /Users/yapi/Adi/appdev/simonas-app/app/Http/Middleware/CacheStaticAssets.php(17): Illuminate\\Pipeline\\Pipeline->{closure:{closure:Illuminate\\Pipeline\\Pipeline::carry():184}:185}(Object(Illuminate\\Http\\Request))
#47 /Users/yapi/Adi/appdev/simonas-app/vendor/laravel/framework/src/Illuminate/Pipeline/Pipeline.php(209): App\\Http\\Middleware\\CacheStaticAssets->handle(Object(Illuminate\\Http\\Request), Object(Closure))
#48 /Users/yapi/Adi/appdev/simonas-app/vendor/laravel/framework/src/Illuminate/Foundation/Http/Middleware/TransformsRequest.php(21): Illuminate\\Pipeline\\Pipeline->{closure:{closure:Illuminate\\Pipeline\\Pipeline::carry():184}:185}(Object(Illuminate\\Http\\Request))
#49 /Users/yapi/Adi/appdev/simonas-app/vendor/laravel/framework/src/Illuminate/Foundation/Http/Middleware/ConvertEmptyStringsToNull.php(31): Illuminate\\Foundation\\Http\\Middleware\\TransformsRequest->handle(Object(Illuminate\\Http\\Request), Object(Closure))
#50 /Users/yapi/Adi/appdev/simonas-app/vendor/laravel/framework/src/Illuminate/Pipeline/Pipeline.php(209): Illuminate\\Foundation\\Http\\Middleware\\ConvertEmptyStringsToNull->handle(Object(Illuminate\\Http\\Request), Object(Closure))
#51 /Users/yapi/Adi/appdev/simonas-app/vendor/laravel/framework/src/Illuminate/Foundation/Http/Middleware/TransformsRequest.php(21): Illuminate\\Pipeline\\Pipeline->{closure:{closure:Illuminate\\Pipeline\\Pipeline::carry():184}:185}(Object(Illuminate\\Http\\Request))
#52 /Users/yapi/Adi/appdev/simonas-app/vendor/laravel/framework/src/Illuminate/Foundation/Http/Middleware/TrimStrings.php(51): Illuminate\\Foundation\\Http\\Middleware\\TransformsRequest->handle(Object(Illuminate\\Http\\Request), Object(Closure))
#53 /Users/yapi/Adi/appdev/simonas-app/vendor/laravel/framework/src/Illuminate/Pipeline/Pipeline.php(209): Illuminate\\Foundation\\Http\\Middleware\\TrimStrings->handle(Object(Illuminate\\Http\\Request), Object(Closure))
#54 /Users/yapi/Adi/appdev/simonas-app/vendor/laravel/framework/src/Illuminate/Http/Middleware/ValidatePostSize.php(27): Illuminate\\Pipeline\\Pipeline->{closure:{closure:Illuminate\\Pipeline\\Pipeline::carry():184}:185}(Object(Illuminate\\Http\\Request))
#55 /Users/yapi/Adi/appdev/simonas-app/vendor/laravel/framework/src/Illuminate/Pipeline/Pipeline.php(209): Illuminate\\Http\\Middleware\\ValidatePostSize->handle(Object(Illuminate\\Http\\Request), Object(Closure))
#56 /Users/yapi/Adi/appdev/simonas-app/vendor/laravel/framework/src/Illuminate/Foundation/Http/Middleware/PreventRequestsDuringMaintenance.php(110): Illuminate\\Pipeline\\Pipeline->{closure:{closure:Illuminate\\Pipeline\\Pipeline::carry():184}:185}(Object(Illuminate\\Http\\Request))
#57 /Users/yapi/Adi/appdev/simonas-app/vendor/laravel/framework/src/Illuminate/Pipeline/Pipeline.php(209): Illuminate\\Foundation\\Http\\Middleware\\PreventRequestsDuringMaintenance->handle(Object(Illuminate\\Http\\Request), Object(Closure))
#58 /Users/yapi/Adi/appdev/simonas-app/vendor/laravel/framework/src/Illuminate/Http/Middleware/HandleCors.php(49): Illuminate\\Pipeline\\Pipeline->{closure:{closure:Illuminate\\Pipeline\\Pipeline::carry():184}:185}(Object(Illuminate\\Http\\Request))
#59 /Users/yapi/Adi/appdev/simonas-app/vendor/laravel/framework/src/Illuminate/Pipeline/Pipeline.php(209): Illuminate\\Http\\Middleware\\HandleCors->handle(Object(Illuminate\\Http\\Request), Object(Closure))
#60 /Users/yapi/Adi/appdev/simonas-app/vendor/laravel/framework/src/Illuminate/Http/Middleware/TrustProxies.php(58): Illuminate\\Pipeline\\Pipeline->{closure:{closure:Illuminate\\Pipeline\\Pipeline::carry():184}:185}(Object(Illuminate\\Http\\Request))
#61 /Users/yapi/Adi/appdev/simonas-app/vendor/laravel/framework/src/Illuminate/Pipeline/Pipeline.php(209): Illuminate\\Http\\Middleware\\TrustProxies->handle(Object(Illuminate\\Http\\Request), Object(Closure))
#62 /Users/yapi/Adi/appdev/simonas-app/vendor/laravel/framework/src/Illuminate/Pipeline/Pipeline.php(127): Illuminate\\Pipeline\\Pipeline->{closure:{closure:Illuminate\\Pipeline\\Pipeline::carry():184}:185}(Object(Illuminate\\Http\\Request))
#63 /Users/yapi/Adi/appdev/simonas-app/vendor/laravel/framework/src/Illuminate/Foundation/Http/Kernel.php(176): Illuminate\\Pipeline\\Pipeline->then(Object(Closure))
#64 /Users/yapi/Adi/appdev/simonas-app/vendor/laravel/framework/src/Illuminate/Foundation/Http/Kernel.php(145): Illuminate\\Foundation\\Http\\Kernel->sendRequestThroughRouter(Object(Illuminate\\Http\\Request))
#65 /Users/yapi/Adi/appdev/simonas-app/public/index.php(18): Illuminate\\Foundation\\Http\\Kernel->handle(Object(Illuminate\\Http\\Request))
#66 /Users/yapi/Adi/appdev/simonas-app/server.php(21): require_once('/Users/yapi/Adi...')
#67 {main}
"} 
[2026-05-01 15:35:56] local.ERROR: SQLSTATE[42S22]: Column not found: 1054 Unknown column 'alumni_stories.id' in 'field list' (Connection: mysql, SQL: select `alumni_stories`.`id` from `users` inner join `alumni_story_views` on `users`.`id` = `alumni_story_views`.`user_id` where `alumni_story_views`.`story_id` = 1 and `user_id` = 4) {"userId":4,"exception":"[object] (Illuminate\\Database\\QueryException(code: 42S22): SQLSTATE[42S22]: Column not found: 1054 Unknown column 'alumni_stories.id' in 'field list' (Connection: mysql, SQL: select `alumni_stories`.`id` from `users` inner join `alumni_story_views` on `users`.`id` = `alumni_story_views`.`user_id` where `alumni_story_views`.`story_id` = 1 and `user_id` = 4) at /Users/yapi/Adi/appdev/simonas-app/vendor/laravel/framework/src/Illuminate/Database/Connection.php:825)
[stacktrace]
#0 /Users/yapi/Adi/appdev/simonas-app/vendor/laravel/framework/src/Illuminate/Database/Connection.php(779): Illuminate\\Database\\Connection->runQueryCallback('select `alumni_...', Array, Object(Closure))
#1 /Users/yapi/Adi/appdev/simonas-app/vendor/laravel/framework/src/Illuminate/Database/Connection.php(398): Illuminate\\Database\\Connection->run('select `alumni_...', Array, Object(Closure))
#2 /Users/yapi/Adi/appdev/simonas-app/vendor/laravel/framework/src/Illuminate/Database/Query/Builder.php(3106): Illuminate\\Database\\Connection->select('select `alumni_...', Array, true)
#3 /Users/yapi/Adi/appdev/simonas-app/vendor/laravel/framework/src/Illuminate/Database/Query/Builder.php(3362): Illuminate\\Database\\Query\\Builder->runSelect()
#4 /Users/yapi/Adi/appdev/simonas-app/vendor/laravel/framework/src/Illuminate/Database/Query/Builder.php(3676): Illuminate\\Database\\Query\\Builder->{closure:Illuminate\\Database\\Query\\Builder::pluck():3360}()
#5 /Users/yapi/Adi/appdev/simonas-app/vendor/laravel/framework/src/Illuminate/Database/Query/Builder.php(3358): Illuminate\\Database\\Query\\Builder->onceWithColumns(Array, Object(Closure))
#6 /Users/yapi/Adi/appdev/simonas-app/vendor/laravel/framework/src/Illuminate/Database/Eloquent/Builder.php(991): Illuminate\\Database\\Query\\Builder->pluck('alumni_stories....', NULL)
#7 /Users/yapi/Adi/appdev/simonas-app/vendor/laravel/framework/src/Illuminate/Support/Traits/ForwardsCalls.php(23): Illuminate\\Database\\Eloquent\\Builder->pluck('alumni_stories....')
#8 /Users/yapi/Adi/appdev/simonas-app/vendor/laravel/framework/src/Illuminate/Support/Traits/ForwardsCalls.php(52): Illuminate\\Database\\Eloquent\\Relations\\Relation->forwardCallTo(Object(Illuminate\\Database\\Eloquent\\Builder), 'pluck', Array)
#9 /Users/yapi/Adi/appdev/simonas-app/vendor/laravel/framework/src/Illuminate/Database/Eloquent/Relations/Relation.php(538): Illuminate\\Database\\Eloquent\\Relations\\Relation->forwardDecoratedCallTo(Object(Illuminate\\Database\\Eloquent\\Builder), 'pluck', Array)
#10 /Users/yapi/Adi/appdev/simonas-app/app/Http/Controllers/Web/Alumni/AlumniHubController.php(31): Illuminate\\Database\\Eloquent\\Relations\\Relation->__call('pluck', Array)
#11 [internal function]: App\\Http\\Controllers\\Web\\Alumni\\AlumniHubController->{closure:App\\Http\\Controllers\\Web\\Alumni\\AlumniHubController::hub():28}(Object(Illuminate\\Database\\Eloquent\\Collection), 4)
#12 /Users/yapi/Adi/appdev/simonas-app/vendor/laravel/framework/src/Illuminate/Collections/Arr.php(609): array_map(Object(Closure), Array, Array)
#13 /Users/yapi/Adi/appdev/simonas-app/vendor/laravel/framework/src/Illuminate/Collections/Collection.php(799): Illuminate\\Support\\Arr::map(Array, Object(Closure))
#14 /Users/yapi/Adi/appdev/simonas-app/vendor/laravel/framework/src/Illuminate/Database/Eloquent/Collection.php(388): Illuminate\\Support\\Collection->map(Object(Closure))
#15 /Users/yapi/Adi/appdev/simonas-app/app/Http/Controllers/Web/Alumni/AlumniHubController.php(28): Illuminate\\Database\\Eloquent\\Collection->map(Object(Closure))
#16 /Users/yapi/Adi/appdev/simonas-app/vendor/laravel/framework/src/Illuminate/Routing/Controller.php(54): App\\Http\\Controllers\\Web\\Alumni\\AlumniHubController->hub(Object(Illuminate\\Http\\Request))
#17 /Users/yapi/Adi/appdev/simonas-app/vendor/laravel/framework/src/Illuminate/Routing/ControllerDispatcher.php(44): Illuminate\\Routing\\Controller->callAction('hub', Array)
#18 /Users/yapi/Adi/appdev/simonas-app/vendor/laravel/framework/src/Illuminate/Routing/Route.php(266): Illuminate\\Routing\\ControllerDispatcher->dispatch(Object(Illuminate\\Routing\\Route), Object(App\\Http\\Controllers\\Web\\Alumni\\AlumniHubController), 'hub')
#19 /Users/yapi/Adi/appdev/simonas-app/vendor/laravel/framework/src/Illuminate/Routing/Route.php(212): Illuminate\\Routing\\Route->runController()
#20 /Users/yapi/Adi/appdev/simonas-app/vendor/laravel/framework/src/Illuminate/Routing/Router.php(808): Illuminate\\Routing\\Route->run()
#21 /Users/yapi/Adi/appdev/simonas-app/vendor/laravel/framework/src/Illuminate/Pipeline/Pipeline.php(170): Illuminate\\Routing\\Router->{closure:Illuminate\\Routing\\Router::runRouteWithinStack():807}(Object(Illuminate\\Http\\Request))
#22 /Users/yapi/Adi/appdev/simonas-app/vendor/laravel/framework/src/Illuminate/Auth/Middleware/Authorize.php(60): Illuminate\\Pipeline\\Pipeline->{closure:Illuminate\\Pipeline\\Pipeline::prepareDestination():168}(Object(Illuminate\\Http\\Request))
#23 /Users/yapi/Adi/appdev/simonas-app/vendor/laravel/framework/src/Illuminate/Pipeline/Pipeline.php(209): Illuminate\\Auth\\Middleware\\Authorize->handle(Object(Illuminate\\Http\\Request), Object(Closure), 'access-alumni')
#24 /Users/yapi/Adi/appdev/simonas-app/vendor/inertiajs/inertia-laravel/src/Middleware.php(138): Illuminate\\Pipeline\\Pipeline->{closure:{closure:Illuminate\\Pipeline\\Pipeline::carry():184}:185}(Object(Illuminate\\Http\\Request))
#25 /Users/yapi/Adi/appdev/simonas-app/vendor/laravel/framework/src/Illuminate/Pipeline/Pipeline.php(209): Inertia\\Middleware->handle(Object(Illuminate\\Http\\Request), Object(Closure))
#26 /Users/yapi/Adi/appdev/simonas-app/vendor/laravel/framework/src/Illuminate/Routing/Middleware/SubstituteBindings.php(51): Illuminate\\Pipeline\\Pipeline->{closure:{closure:Illuminate\\Pipeline\\Pipeline::carry():184}:185}(Object(Illuminate\\Http\\Request))
#27 /Users/yapi/Adi/appdev/simonas-app/vendor/laravel/framework/src/Illuminate/Pipeline/Pipeline.php(209): Illuminate\\Routing\\Middleware\\SubstituteBindings->handle(Object(Illuminate\\Http\\Request), Object(Closure))
#28 /Users/yapi/Adi/appdev/simonas-app/vendor/laravel/framework/src/Illuminate/Auth/Middleware/Authenticate.php(64): Illuminate\\Pipeline\\Pipeline->{closure:{closure:Illuminate\\Pipeline\\Pipeline::carry():184}:185}(Object(Illuminate\\Http\\Request))
#29 /Users/yapi/Adi/appdev/simonas-app/vendor/laravel/framework/src/Illuminate/Pipeline/Pipeline.php(209): Illuminate\\Auth\\Middleware\\Authenticate->handle(Object(Illuminate\\Http\\Request), Object(Closure))
#30 /Users/yapi/Adi/appdev/simonas-app/vendor/laravel/framework/src/Illuminate/Foundation/Http/Middleware/VerifyCsrfToken.php(88): Illuminate\\Pipeline\\Pipeline->{closure:{closure:Illuminate\\Pipeline\\Pipeline::carry():184}:185}(Object(Illuminate\\Http\\Request))
#31 /Users/yapi/Adi/appdev/simonas-app/vendor/laravel/framework/src/Illuminate/Pipeline/Pipeline.php(209): Illuminate\\Foundation\\Http\\Middleware\\VerifyCsrfToken->handle(Object(Illuminate\\Http\\Request), Object(Closure))
#32 /Users/yapi/Adi/appdev/simonas-app/vendor/laravel/framework/src/Illuminate/View/Middleware/ShareErrorsFromSession.php(49): Illuminate\\Pipeline\\Pipeline->{closure:{closure:Illuminate\\Pipeline\\Pipeline::carry():184}:185}(Object(Illuminate\\Http\\Request))
#33 /Users/yapi/Adi/appdev/simonas-app/vendor/laravel/framework/src/Illuminate/Pipeline/Pipeline.php(209): Illuminate\\View\\Middleware\\ShareErrorsFromSession->handle(Object(Illuminate\\Http\\Request), Object(Closure))
#34 /Users/yapi/Adi/appdev/simonas-app/vendor/laravel/framework/src/Illuminate/Session/Middleware/StartSession.php(121): Illuminate\\Pipeline\\Pipeline->{closure:{closure:Illuminate\\Pipeline\\Pipeline::carry():184}:185}(Object(Illuminate\\Http\\Request))
#35 /Users/yapi/Adi/appdev/simonas-app/vendor/laravel/framework/src/Illuminate/Session/Middleware/StartSession.php(64): Illuminate\\Session\\Middleware\\StartSession->handleStatefulRequest(Object(Illuminate\\Http\\Request), Object(Illuminate\\Session\\Store), Object(Closure))
#36 /Users/yapi/Adi/appdev/simonas-app/vendor/laravel/framework/src/Illuminate/Pipeline/Pipeline.php(209): Illuminate\\Session\\Middleware\\StartSession->handle(Object(Illuminate\\Http\\Request), Object(Closure))
#37 /Users/yapi/Adi/appdev/simonas-app/vendor/laravel/framework/src/Illuminate/Cookie/Middleware/AddQueuedCookiesToResponse.php(37): Illuminate\\Pipeline\\Pipeline->{closure:{closure:Illuminate\\Pipeline\\Pipeline::carry():184}:185}(Object(Illuminate\\Http\\Request))
#38 /Users/yapi/Adi/appdev/simonas-app/vendor/laravel/framework/src/Illuminate/Pipeline/Pipeline.php(209): Illuminate\\Cookie\\Middleware\\AddQueuedCookiesToResponse->handle(Object(Illuminate\\Http\\Request), Object(Closure))
#39 /Users/yapi/Adi/appdev/simonas-app/vendor/laravel/framework/src/Illuminate/Cookie/Middleware/EncryptCookies.php(75): Illuminate\\Pipeline\\Pipeline->{closure:{closure:Illuminate\\Pipeline\\Pipeline::carry():184}:185}(Object(Illuminate\\Http\\Request))
#40 /Users/yapi/Adi/appdev/simonas-app/vendor/laravel/framework/src/Illuminate/Pipeline/Pipeline.php(209): Illuminate\\Cookie\\Middleware\\EncryptCookies->handle(Object(Illuminate\\Http\\Request), Object(Closure))
#41 /Users/yapi/Adi/appdev/simonas-app/vendor/laravel/framework/src/Illuminate/Pipeline/Pipeline.php(127): Illuminate\\Pipeline\\Pipeline->{closure:{closure:Illuminate\\Pipeline\\Pipeline::carry():184}:185}(Object(Illuminate\\Http\\Request))
#42 /Users/yapi/Adi/appdev/simonas-app/vendor/laravel/framework/src/Illuminate/Routing/Router.php(807): Illuminate\\Pipeline\\Pipeline->then(Object(Closure))
#43 /Users/yapi/Adi/appdev/simonas-app/vendor/laravel/framework/src/Illuminate/Routing/Router.php(786): Illuminate\\Routing\\Router->runRouteWithinStack(Object(Illuminate\\Routing\\Route), Object(Illuminate\\Http\\Request))
#44 /Users/yapi/Adi/appdev/simonas-app/vendor/laravel/framework/src/Illuminate/Routing/Router.php(750): Illuminate\\Routing\\Router->runRoute(Object(Illuminate\\Http\\Request), Object(Illuminate\\Routing\\Route))
#45 /Users/yapi/Adi/appdev/simonas-app/vendor/laravel/framework/src/Illuminate/Routing/Router.php(739): Illuminate\\Routing\\Router->dispatchToRoute(Object(Illuminate\\Http\\Request))
#46 /Users/yapi/Adi/appdev/simonas-app/vendor/laravel/framework/src/Illuminate/Foundation/Http/Kernel.php(201): Illuminate\\Routing\\Router->dispatch(Object(Illuminate\\Http\\Request))
#47 /Users/yapi/Adi/appdev/simonas-app/vendor/laravel/framework/src/Illuminate/Pipeline/Pipeline.php(170): Illuminate\\Foundation\\Http\\Kernel->{closure:Illuminate\\Foundation\\Http\\Kernel::dispatchToRouter():198}(Object(Illuminate\\Http\\Request))
#48 /Users/yapi/Adi/appdev/simonas-app/vendor/inertiajs/inertia-laravel/src/Middleware/EnsureGetOnRedirect.php(19): Illuminate\\Pipeline\\Pipeline->{closure:Illuminate\\Pipeline\\Pipeline::prepareDestination():168}(Object(Illuminate\\Http\\Request))
#49 /Users/yapi/Adi/appdev/simonas-app/vendor/laravel/framework/src/Illuminate/Pipeline/Pipeline.php(209): Inertia\\Middleware\\EnsureGetOnRedirect->handle(Object(Illuminate\\Http\\Request), Object(Closure))
#50 /Users/yapi/Adi/appdev/simonas-app/app/Http/Middleware/CacheStaticAssets.php(17): Illuminate\\Pipeline\\Pipeline->{closure:{closure:Illuminate\\Pipeline\\Pipeline::carry():184}:185}(Object(Illuminate\\Http\\Request))
#51 /Users/yapi/Adi/appdev/simonas-app/vendor/laravel/framework/src/Illuminate/Pipeline/Pipeline.php(209): App\\Http\\Middleware\\CacheStaticAssets->handle(Object(Illuminate\\Http\\Request), Object(Closure))
#52 /Users/yapi/Adi/appdev/simonas-app/vendor/laravel/framework/src/Illuminate/Foundation/Http/Middleware/TransformsRequest.php(21): Illuminate\\Pipeline\\Pipeline->{closure:{closure:Illuminate\\Pipeline\\Pipeline::carry():184}:185}(Object(Illuminate\\Http\\Request))
#53 /Users/yapi/Adi/appdev/simonas-app/vendor/laravel/framework/src/Illuminate/Foundation/Http/Middleware/ConvertEmptyStringsToNull.php(31): Illuminate\\Foundation\\Http\\Middleware\\TransformsRequest->handle(Object(Illuminate\\Http\\Request), Object(Closure))
#54 /Users/yapi/Adi/appdev/simonas-app/vendor/laravel/framework/src/Illuminate/Pipeline/Pipeline.php(209): Illuminate\\Foundation\\Http\\Middleware\\ConvertEmptyStringsToNull->handle(Object(Illuminate\\Http\\Request), Object(Closure))
#55 /Users/yapi/Adi/appdev/simonas-app/vendor/laravel/framework/src/Illuminate/Foundation/Http/Middleware/TransformsRequest.php(21): Illuminate\\Pipeline\\Pipeline->{closure:{closure:Illuminate\\Pipeline\\Pipeline::carry():184}:185}(Object(Illuminate\\Http\\Request))
#56 /Users/yapi/Adi/appdev/simonas-app/vendor/laravel/framework/src/Illuminate/Foundation/Http/Middleware/TrimStrings.php(51): Illuminate\\Foundation\\Http\\Middleware\\TransformsRequest->handle(Object(Illuminate\\Http\\Request), Object(Closure))
#57 /Users/yapi/Adi/appdev/simonas-app/vendor/laravel/framework/src/Illuminate/Pipeline/Pipeline.php(209): Illuminate\\Foundation\\Http\\Middleware\\TrimStrings->handle(Object(Illuminate\\Http\\Request), Object(Closure))
#58 /Users/yapi/Adi/appdev/simonas-app/vendor/laravel/framework/src/Illuminate/Http/Middleware/ValidatePostSize.php(27): Illuminate\\Pipeline\\Pipeline->{closure:{closure:Illuminate\\Pipeline\\Pipeline::carry():184}:185}(Object(Illuminate\\Http\\Request))
#59 /Users/yapi/Adi/appdev/simonas-app/vendor/laravel/framework/src/Illuminate/Pipeline/Pipeline.php(209): Illuminate\\Http\\Middleware\\ValidatePostSize->handle(Object(Illuminate\\Http\\Request), Object(Closure))
#60 /Users/yapi/Adi/appdev/simonas-app/vendor/laravel/framework/src/Illuminate/Foundation/Http/Middleware/PreventRequestsDuringMaintenance.php(110): Illuminate\\Pipeline\\Pipeline->{closure:{closure:Illuminate\\Pipeline\\Pipeline::carry():184}:185}(Object(Illuminate\\Http\\Request))
#61 /Users/yapi/Adi/appdev/simonas-app/vendor/laravel/framework/src/Illuminate/Pipeline/Pipeline.php(209): Illuminate\\Foundation\\Http\\Middleware\\PreventRequestsDuringMaintenance->handle(Object(Illuminate\\Http\\Request), Object(Closure))
#62 /Users/yapi/Adi/appdev/simonas-app/vendor/laravel/framework/src/Illuminate/Http/Middleware/HandleCors.php(49): Illuminate\\Pipeline\\Pipeline->{closure:{closure:Illuminate\\Pipeline\\Pipeline::carry():184}:185}(Object(Illuminate\\Http\\Request))
#63 /Users/yapi/Adi/appdev/simonas-app/vendor/laravel/framework/src/Illuminate/Pipeline/Pipeline.php(209): Illuminate\\Http\\Middleware\\HandleCors->handle(Object(Illuminate\\Http\\Request), Object(Closure))
#64 /Users/yapi/Adi/appdev/simonas-app/vendor/laravel/framework/src/Illuminate/Http/Middleware/TrustProxies.php(58): Illuminate\\Pipeline\\Pipeline->{closure:{closure:Illuminate\\Pipeline\\Pipeline::carry():184}:185}(Object(Illuminate\\Http\\Request))
#65 /Users/yapi/Adi/appdev/simonas-app/vendor/laravel/framework/src/Illuminate/Pipeline/Pipeline.php(209): Illuminate\\Http\\Middleware\\TrustProxies->handle(Object(Illuminate\\Http\\Request), Object(Closure))
#66 /Users/yapi/Adi/appdev/simonas-app/vendor/laravel/framework/src/Illuminate/Pipeline/Pipeline.php(127): Illuminate\\Pipeline\\Pipeline->{closure:{closure:Illuminate\\Pipeline\\Pipeline::carry():184}:185}(Object(Illuminate\\Http\\Request))
#67 /Users/yapi/Adi/appdev/simonas-app/vendor/laravel/framework/src/Illuminate/Foundation/Http/Kernel.php(176): Illuminate\\Pipeline\\Pipeline->then(Object(Closure))
#68 /Users/yapi/Adi/appdev/simonas-app/vendor/laravel/framework/src/Illuminate/Foundation/Http/Kernel.php(145): Illuminate\\Foundation\\Http\\Kernel->sendRequestThroughRouter(Object(Illuminate\\Http\\Request))
#69 /Users/yapi/Adi/appdev/simonas-app/public/index.php(18): Illuminate\\Foundation\\Http\\Kernel->handle(Object(Illuminate\\Http\\Request))
#70 /Users/yapi/Adi/appdev/simonas-app/server.php(21): require_once('/Users/yapi/Adi...')
#71 {main}

[previous exception] [object] (PDOException(code: 42S22): SQLSTATE[42S22]: Column not found: 1054 Unknown column 'alumni_stories.id' in 'field list' at /Users/yapi/Adi/appdev/simonas-app/vendor/laravel/framework/src/Illuminate/Database/Connection.php:407)
[stacktrace]
#0 /Users/yapi/Adi/appdev/simonas-app/vendor/laravel/framework/src/Illuminate/Database/Connection.php(407): PDO->prepare('select `alumni_...')
#1 /Users/yapi/Adi/appdev/simonas-app/vendor/laravel/framework/src/Illuminate/Database/Connection.php(812): Illuminate\\Database\\Connection->{closure:Illuminate\\Database\\Connection::select():398}('select `alumni_...', Array)
#2 /Users/yapi/Adi/appdev/simonas-app/vendor/laravel/framework/src/Illuminate/Database/Connection.php(779): Illuminate\\Database\\Connection->runQueryCallback('select `alumni_...', Array, Object(Closure))
#3 /Users/yapi/Adi/appdev/simonas-app/vendor/laravel/framework/src/Illuminate/Database/Connection.php(398): Illuminate\\Database\\Connection->run('select `alumni_...', Array, Object(Closure))
#4 /Users/yapi/Adi/appdev/simonas-app/vendor/laravel/framework/src/Illuminate/Database/Query/Builder.php(3106): Illuminate\\Database\\Connection->select('select `alumni_...', Array, true)
#5 /Users/yapi/Adi/appdev/simonas-app/vendor/laravel/framework/src/Illuminate/Database/Query/Builder.php(3362): Illuminate\\Database\\Query\\Builder->runSelect()
#6 /Users/yapi/Adi/appdev/simonas-app/vendor/laravel/framework/src/Illuminate/Database/Query/Builder.php(3676): Illuminate\\Database\\Query\\Builder->{closure:Illuminate\\Database\\Query\\Builder::pluck():3360}()
#7 /Users/yapi/Adi/appdev/simonas-app/vendor/laravel/framework/src/Illuminate/Database/Query/Builder.php(3358): Illuminate\\Database\\Query\\Builder->onceWithColumns(Array, Object(Closure))
#8 /Users/yapi/Adi/appdev/simonas-app/vendor/laravel/framework/src/Illuminate/Database/Eloquent/Builder.php(991): Illuminate\\Database\\Query\\Builder->pluck('alumni_stories....', NULL)
#9 /Users/yapi/Adi/appdev/simonas-app/vendor/laravel/framework/src/Illuminate/Support/Traits/ForwardsCalls.php(23): Illuminate\\Database\\Eloquent\\Builder->pluck('alumni_stories....')
#10 /Users/yapi/Adi/appdev/simonas-app/vendor/laravel/framework/src/Illuminate/Support/Traits/ForwardsCalls.php(52): Illuminate\\Database\\Eloquent\\Relations\\Relation->forwardCallTo(Object(Illuminate\\Database\\Eloquent\\Builder), 'pluck', Array)
#11 /Users/yapi/Adi/appdev/simonas-app/vendor/laravel/framework/src/Illuminate/Database/Eloquent/Relations/Relation.php(538): Illuminate\\Database\\Eloquent\\Relations\\Relation->forwardDecoratedCallTo(Object(Illuminate\\Database\\Eloquent\\Builder), 'pluck', Array)
#12 /Users/yapi/Adi/appdev/simonas-app/app/Http/Controllers/Web/Alumni/AlumniHubController.php(31): Illuminate\\Database\\Eloquent\\Relations\\Relation->__call('pluck', Array)
#13 [internal function]: App\\Http\\Controllers\\Web\\Alumni\\AlumniHubController->{closure:App\\Http\\Controllers\\Web\\Alumni\\AlumniHubController::hub():28}(Object(Illuminate\\Database\\Eloquent\\Collection), 4)
#14 /Users/yapi/Adi/appdev/simonas-app/vendor/laravel/framework/src/Illuminate/Collections/Arr.php(609): array_map(Object(Closure), Array, Array)
#15 /Users/yapi/Adi/appdev/simonas-app/vendor/laravel/framework/src/Illuminate/Collections/Collection.php(799): Illuminate\\Support\\Arr::map(Array, Object(Closure))
#16 /Users/yapi/Adi/appdev/simonas-app/vendor/laravel/framework/src/Illuminate/Database/Eloquent/Collection.php(388): Illuminate\\Support\\Collection->map(Object(Closure))
#17 /Users/yapi/Adi/appdev/simonas-app/app/Http/Controllers/Web/Alumni/AlumniHubController.php(28): Illuminate\\Database\\Eloquent\\Collection->map(Object(Closure))
#18 /Users/yapi/Adi/appdev/simonas-app/vendor/laravel/framework/src/Illuminate/Routing/Controller.php(54): App\\Http\\Controllers\\Web\\Alumni\\AlumniHubController->hub(Object(Illuminate\\Http\\Request))
#19 /Users/yapi/Adi/appdev/simonas-app/vendor/laravel/framework/src/Illuminate/Routing/ControllerDispatcher.php(44): Illuminate\\Routing\\Controller->callAction('hub', Array)
#20 /Users/yapi/Adi/appdev/simonas-app/vendor/laravel/framework/src/Illuminate/Routing/Route.php(266): Illuminate\\Routing\\ControllerDispatcher->dispatch(Object(Illuminate\\Routing\\Route), Object(App\\Http\\Controllers\\Web\\Alumni\\AlumniHubController), 'hub')
#21 /Users/yapi/Adi/appdev/simonas-app/vendor/laravel/framework/src/Illuminate/Routing/Route.php(212): Illuminate\\Routing\\Route->runController()
#22 /Users/yapi/Adi/appdev/simonas-app/vendor/laravel/framework/src/Illuminate/Routing/Router.php(808): Illuminate\\Routing\\Route->run()
#23 /Users/yapi/Adi/appdev/simonas-app/vendor/laravel/framework/src/Illuminate/Pipeline/Pipeline.php(170): Illuminate\\Routing\\Router->{closure:Illuminate\\Routing\\Router::runRouteWithinStack():807}(Object(Illuminate\\Http\\Request))
#24 /Users/yapi/Adi/appdev/simonas-app/vendor/laravel/framework/src/Illuminate/Auth/Middleware/Authorize.php(60): Illuminate\\Pipeline\\Pipeline->{closure:Illuminate\\Pipeline\\Pipeline::prepareDestination():168}(Object(Illuminate\\Http\\Request))
#25 /Users/yapi/Adi/appdev/simonas-app/vendor/laravel/framework/src/Illuminate/Pipeline/Pipeline.php(209): Illuminate\\Auth\\Middleware\\Authorize->handle(Object(Illuminate\\Http\\Request), Object(Closure), 'access-alumni')
#26 /Users/yapi/Adi/appdev/simonas-app/vendor/inertiajs/inertia-laravel/src/Middleware.php(138): Illuminate\\Pipeline\\Pipeline->{closure:{closure:Illuminate\\Pipeline\\Pipeline::carry():184}:185}(Object(Illuminate\\Http\\Request))
#27 /Users/yapi/Adi/appdev/simonas-app/vendor/laravel/framework/src/Illuminate/Pipeline/Pipeline.php(209): Inertia\\Middleware->handle(Object(Illuminate\\Http\\Request), Object(Closure))
#28 /Users/yapi/Adi/appdev/simonas-app/vendor/laravel/framework/src/Illuminate/Routing/Middleware/SubstituteBindings.php(51): Illuminate\\Pipeline\\Pipeline->{closure:{closure:Illuminate\\Pipeline\\Pipeline::carry():184}:185}(Object(Illuminate\\Http\\Request))
#29 /Users/yapi/Adi/appdev/simonas-app/vendor/laravel/framework/src/Illuminate/Pipeline/Pipeline.php(209): Illuminate\\Routing\\Middleware\\SubstituteBindings->handle(Object(Illuminate\\Http\\Request), Object(Closure))
#30 /Users/yapi/Adi/appdev/simonas-app/vendor/laravel/framework/src/Illuminate/Auth/Middleware/Authenticate.php(64): Illuminate\\Pipeline\\Pipeline->{closure:{closure:Illuminate\\Pipeline\\Pipeline::carry():184}:185}(Object(Illuminate\\Http\\Request))
#31 /Users/yapi/Adi/appdev/simonas-app/vendor/laravel/framework/src/Illuminate/Pipeline/Pipeline.php(209): Illuminate\\Auth\\Middleware\\Authenticate->handle(Object(Illuminate\\Http\\Request), Object(Closure))
#32 /Users/yapi/Adi/appdev/simonas-app/vendor/laravel/framework/src/Illuminate/Foundation/Http/Middleware/VerifyCsrfToken.php(88): Illuminate\\Pipeline\\Pipeline->{closure:{closure:Illuminate\\Pipeline\\Pipeline::carry():184}:185}(Object(Illuminate\\Http\\Request))
#33 /Users/yapi/Adi/appdev/simonas-app/vendor/laravel/framework/src/Illuminate/Pipeline/Pipeline.php(209): Illuminate\\Foundation\\Http\\Middleware\\VerifyCsrfToken->handle(Object(Illuminate\\Http\\Request), Object(Closure))
#34 /Users/yapi/Adi/appdev/simonas-app/vendor/laravel/framework/src/Illuminate/View/Middleware/ShareErrorsFromSession.php(49): Illuminate\\Pipeline\\Pipeline->{closure:{closure:Illuminate\\Pipeline\\Pipeline::carry():184}:185}(Object(Illuminate\\Http\\Request))
#35 /Users/yapi/Adi/appdev/simonas-app/vendor/laravel/framework/src/Illuminate/Pipeline/Pipeline.php(209): Illuminate\\View\\Middleware\\ShareErrorsFromSession->handle(Object(Illuminate\\Http\\Request), Object(Closure))
#36 /Users/yapi/Adi/appdev/simonas-app/vendor/laravel/framework/src/Illuminate/Session/Middleware/StartSession.php(121): Illuminate\\Pipeline\\Pipeline->{closure:{closure:Illuminate\\Pipeline\\Pipeline::carry():184}:185}(Object(Illuminate\\Http\\Request))
#37 /Users/yapi/Adi/appdev/simonas-app/vendor/laravel/framework/src/Illuminate/Session/Middleware/StartSession.php(64): Illuminate\\Session\\Middleware\\StartSession->handleStatefulRequest(Object(Illuminate\\Http\\Request), Object(Illuminate\\Session\\Store), Object(Closure))
#38 /Users/yapi/Adi/appdev/simonas-app/vendor/laravel/framework/src/Illuminate/Pipeline/Pipeline.php(209): Illuminate\\Session\\Middleware\\StartSession->handle(Object(Illuminate\\Http\\Request), Object(Closure))
#39 /Users/yapi/Adi/appdev/simonas-app/vendor/laravel/framework/src/Illuminate/Cookie/Middleware/AddQueuedCookiesToResponse.php(37): Illuminate\\Pipeline\\Pipeline->{closure:{closure:Illuminate\\Pipeline\\Pipeline::carry():184}:185}(Object(Illuminate\\Http\\Request))
#40 /Users/yapi/Adi/appdev/simonas-app/vendor/laravel/framework/src/Illuminate/Pipeline/Pipeline.php(209): Illuminate\\Cookie\\Middleware\\AddQueuedCookiesToResponse->handle(Object(Illuminate\\Http\\Request), Object(Closure))
#41 /Users/yapi/Adi/appdev/simonas-app/vendor/laravel/framework/src/Illuminate/Cookie/Middleware/EncryptCookies.php(75): Illuminate\\Pipeline\\Pipeline->{closure:{closure:Illuminate\\Pipeline\\Pipeline::carry():184}:185}(Object(Illuminate\\Http\\Request))
#42 /Users/yapi/Adi/appdev/simonas-app/vendor/laravel/framework/src/Illuminate/Pipeline/Pipeline.php(209): Illuminate\\Cookie\\Middleware\\EncryptCookies->handle(Object(Illuminate\\Http\\Request), Object(Closure))
#43 /Users/yapi/Adi/appdev/simonas-app/vendor/laravel/framework/src/Illuminate/Pipeline/Pipeline.php(127): Illuminate\\Pipeline\\Pipeline->{closure:{closure:Illuminate\\Pipeline\\Pipeline::carry():184}:185}(Object(Illuminate\\Http\\Request))
#44 /Users/yapi/Adi/appdev/simonas-app/vendor/laravel/framework/src/Illuminate/Routing/Router.php(807): Illuminate\\Pipeline\\Pipeline->then(Object(Closure))
#45 /Users/yapi/Adi/appdev/simonas-app/vendor/laravel/framework/src/Illuminate/Routing/Router.php(786): Illuminate\\Routing\\Router->runRouteWithinStack(Object(Illuminate\\Routing\\Route), Object(Illuminate\\Http\\Request))
#46 /Users/yapi/Adi/appdev/simonas-app/vendor/laravel/framework/src/Illuminate/Routing/Router.php(750): Illuminate\\Routing\\Router->runRoute(Object(Illuminate\\Http\\Request), Object(Illuminate\\Routing\\Route))
#47 /Users/yapi/Adi/appdev/simonas-app/vendor/laravel/framework/src/Illuminate/Routing/Router.php(739): Illuminate\\Routing\\Router->dispatchToRoute(Object(Illuminate\\Http\\Request))
#48 /Users/yapi/Adi/appdev/simonas-app/vendor/laravel/framework/src/Illuminate/Foundation/Http/Kernel.php(201): Illuminate\\Routing\\Router->dispatch(Object(Illuminate\\Http\\Request))
#49 /Users/yapi/Adi/appdev/simonas-app/vendor/laravel/framework/src/Illuminate/Pipeline/Pipeline.php(170): Illuminate\\Foundation\\Http\\Kernel->{closure:Illuminate\\Foundation\\Http\\Kernel::dispatchToRouter():198}(Object(Illuminate\\Http\\Request))
#50 /Users/yapi/Adi/appdev/simonas-app/vendor/inertiajs/inertia-laravel/src/Middleware/EnsureGetOnRedirect.php(19): Illuminate\\Pipeline\\Pipeline->{closure:Illuminate\\Pipeline\\Pipeline::prepareDestination():168}(Object(Illuminate\\Http\\Request))
#51 /Users/yapi/Adi/appdev/simonas-app/vendor/laravel/framework/src/Illuminate/Pipeline/Pipeline.php(209): Inertia\\Middleware\\EnsureGetOnRedirect->handle(Object(Illuminate\\Http\\Request), Object(Closure))
#52 /Users/yapi/Adi/appdev/simonas-app/app/Http/Middleware/CacheStaticAssets.php(17): Illuminate\\Pipeline\\Pipeline->{closure:{closure:Illuminate\\Pipeline\\Pipeline::carry():184}:185}(Object(Illuminate\\Http\\Request))
#53 /Users/yapi/Adi/appdev/simonas-app/vendor/laravel/framework/src/Illuminate/Pipeline/Pipeline.php(209): App\\Http\\Middleware\\CacheStaticAssets->handle(Object(Illuminate\\Http\\Request), Object(Closure))
#54 /Users/yapi/Adi/appdev/simonas-app/vendor/laravel/framework/src/Illuminate/Foundation/Http/Middleware/TransformsRequest.php(21): Illuminate\\Pipeline\\Pipeline->{closure:{closure:Illuminate\\Pipeline\\Pipeline::carry():184}:185}(Object(Illuminate\\Http\\Request))
#55 /Users/yapi/Adi/appdev/simonas-app/vendor/laravel/framework/src/Illuminate/Foundation/Http/Middleware/ConvertEmptyStringsToNull.php(31): Illuminate\\Foundation\\Http\\Middleware\\TransformsRequest->handle(Object(Illuminate\\Http\\Request), Object(Closure))
#56 /Users/yapi/Adi/appdev/simonas-app/vendor/laravel/framework/src/Illuminate/Pipeline/Pipeline.php(209): Illuminate\\Foundation\\Http\\Middleware\\ConvertEmptyStringsToNull->handle(Object(Illuminate\\Http\\Request), Object(Closure))
#57 /Users/yapi/Adi/appdev/simonas-app/vendor/laravel/framework/src/Illuminate/Foundation/Http/Middleware/TransformsRequest.php(21): Illuminate\\Pipeline\\Pipeline->{closure:{closure:Illuminate\\Pipeline\\Pipeline::carry():184}:185}(Object(Illuminate\\Http\\Request))
#58 /Users/yapi/Adi/appdev/simonas-app/vendor/laravel/framework/src/Illuminate/Foundation/Http/Middleware/TrimStrings.php(51): Illuminate\\Foundation\\Http\\Middleware\\TransformsRequest->handle(Object(Illuminate\\Http\\Request), Object(Closure))
#59 /Users/yapi/Adi/appdev/simonas-app/vendor/laravel/framework/src/Illuminate/Pipeline/Pipeline.php(209): Illuminate\\Foundation\\Http\\Middleware\\TrimStrings->handle(Object(Illuminate\\Http\\Request), Object(Closure))
#60 /Users/yapi/Adi/appdev/simonas-app/vendor/laravel/framework/src/Illuminate/Http/Middleware/ValidatePostSize.php(27): Illuminate\\Pipeline\\Pipeline->{closure:{closure:Illuminate\\Pipeline\\Pipeline::carry():184}:185}(Object(Illuminate\\Http\\Request))
#61 /Users/yapi/Adi/appdev/simonas-app/vendor/laravel/framework/src/Illuminate/Pipeline/Pipeline.php(209): Illuminate\\Http\\Middleware\\ValidatePostSize->handle(Object(Illuminate\\Http\\Request), Object(Closure))
#62 /Users/yapi/Adi/appdev/simonas-app/vendor/laravel/framework/src/Illuminate/Foundation/Http/Middleware/PreventRequestsDuringMaintenance.php(110): Illuminate\\Pipeline\\Pipeline->{closure:{closure:Illuminate\\Pipeline\\Pipeline::carry():184}:185}(Object(Illuminate\\Http\\Request))
#63 /Users/yapi/Adi/appdev/simonas-app/vendor/laravel/framework/src/Illuminate/Pipeline/Pipeline.php(209): Illuminate\\Foundation\\Http\\Middleware\\PreventRequestsDuringMaintenance->handle(Object(Illuminate\\Http\\Request), Object(Closure))
#64 /Users/yapi/Adi/appdev/simonas-app/vendor/laravel/framework/src/Illuminate/Http/Middleware/HandleCors.php(49): Illuminate\\Pipeline\\Pipeline->{closure:{closure:Illuminate\\Pipeline\\Pipeline::carry():184}:185}(Object(Illuminate\\Http\\Request))
#65 /Users/yapi/Adi/appdev/simonas-app/vendor/laravel/framework/src/Illuminate/Pipeline/Pipeline.php(209): Illuminate\\Http\\Middleware\\HandleCors->handle(Object(Illuminate\\Http\\Request), Object(Closure))
#66 /Users/yapi/Adi/appdev/simonas-app/vendor/laravel/framework/src/Illuminate/Http/Middleware/TrustProxies.php(58): Illuminate\\Pipeline\\Pipeline->{closure:{closure:Illuminate\\Pipeline\\Pipeline::carry():184}:185}(Object(Illuminate\\Http\\Request))
#67 /Users/yapi/Adi/appdev/simonas-app/vendor/laravel/framework/src/Illuminate/Pipeline/Pipeline.php(209): Illuminate\\Http\\Middleware\\TrustProxies->handle(Object(Illuminate\\Http\\Request), Object(Closure))
#68 /Users/yapi/Adi/appdev/simonas-app/vendor/laravel/framework/src/Illuminate/Pipeline/Pipeline.php(127): Illuminate\\Pipeline\\Pipeline->{closure:{closure:Illuminate\\Pipeline\\Pipeline::carry():184}:185}(Object(Illuminate\\Http\\Request))
#69 /Users/yapi/Adi/appdev/simonas-app/vendor/laravel/framework/src/Illuminate/Foundation/Http/Kernel.php(176): Illuminate\\Pipeline\\Pipeline->then(Object(Closure))
#70 /Users/yapi/Adi/appdev/simonas-app/vendor/laravel/framework/src/Illuminate/Foundation/Http/Kernel.php(145): Illuminate\\Foundation\\Http\\Kernel->sendRequestThroughRouter(Object(Illuminate\\Http\\Request))
#71 /Users/yapi/Adi/appdev/simonas-app/public/index.php(18): Illuminate\\Foundation\\Http\\Kernel->handle(Object(Illuminate\\Http\\Request))
#72 /Users/yapi/Adi/appdev/simonas-app/server.php(21): require_once('/Users/yapi/Adi...')
#73 {main}
"} 
[2026-05-01 15:38:15] local.ERROR: SQLSTATE[42S22]: Column not found: 1054 Unknown column 'alumni_stories.id' in 'field list' (Connection: mysql, SQL: select `alumni_stories`.`id` from `users` inner join `alumni_story_views` on `users`.`id` = `alumni_story_views`.`user_id` where `alumni_story_views`.`story_id` = 1 and `user_id` = 4) {"userId":4,"exception":"[object] (Illuminate\\Database\\QueryException(code: 42S22): SQLSTATE[42S22]: Column not found: 1054 Unknown column 'alumni_stories.id' in 'field list' (Connection: mysql, SQL: select `alumni_stories`.`id` from `users` inner join `alumni_story_views` on `users`.`id` = `alumni_story_views`.`user_id` where `alumni_story_views`.`story_id` = 1 and `user_id` = 4) at /Users/yapi/Adi/appdev/simonas-app/vendor/laravel/framework/src/Illuminate/Database/Connection.php:825)
[stacktrace]
#0 /Users/yapi/Adi/appdev/simonas-app/vendor/laravel/framework/src/Illuminate/Database/Connection.php(779): Illuminate\\Database\\Connection->runQueryCallback('select `alumni_...', Array, Object(Closure))
#1 /Users/yapi/Adi/appdev/simonas-app/vendor/laravel/framework/src/Illuminate/Database/Connection.php(398): Illuminate\\Database\\Connection->run('select `alumni_...', Array, Object(Closure))
#2 /Users/yapi/Adi/appdev/simonas-app/vendor/laravel/framework/src/Illuminate/Database/Query/Builder.php(3106): Illuminate\\Database\\Connection->select('select `alumni_...', Array, true)
#3 /Users/yapi/Adi/appdev/simonas-app/vendor/laravel/framework/src/Illuminate/Database/Query/Builder.php(3362): Illuminate\\Database\\Query\\Builder->runSelect()
#4 /Users/yapi/Adi/appdev/simonas-app/vendor/laravel/framework/src/Illuminate/Database/Query/Builder.php(3676): Illuminate\\Database\\Query\\Builder->{closure:Illuminate\\Database\\Query\\Builder::pluck():3360}()
#5 /Users/yapi/Adi/appdev/simonas-app/vendor/laravel/framework/src/Illuminate/Database/Query/Builder.php(3358): Illuminate\\Database\\Query\\Builder->onceWithColumns(Array, Object(Closure))
#6 /Users/yapi/Adi/appdev/simonas-app/vendor/laravel/framework/src/Illuminate/Database/Eloquent/Builder.php(991): Illuminate\\Database\\Query\\Builder->pluck('alumni_stories....', NULL)
#7 /Users/yapi/Adi/appdev/simonas-app/vendor/laravel/framework/src/Illuminate/Support/Traits/ForwardsCalls.php(23): Illuminate\\Database\\Eloquent\\Builder->pluck('alumni_stories....')
#8 /Users/yapi/Adi/appdev/simonas-app/vendor/laravel/framework/src/Illuminate/Support/Traits/ForwardsCalls.php(52): Illuminate\\Database\\Eloquent\\Relations\\Relation->forwardCallTo(Object(Illuminate\\Database\\Eloquent\\Builder), 'pluck', Array)
#9 /Users/yapi/Adi/appdev/simonas-app/vendor/laravel/framework/src/Illuminate/Database/Eloquent/Relations/Relation.php(538): Illuminate\\Database\\Eloquent\\Relations\\Relation->forwardDecoratedCallTo(Object(Illuminate\\Database\\Eloquent\\Builder), 'pluck', Array)
#10 /Users/yapi/Adi/appdev/simonas-app/app/Http/Controllers/Web/Alumni/AlumniHubController.php(31): Illuminate\\Database\\Eloquent\\Relations\\Relation->__call('pluck', Array)
#11 [internal function]: App\\Http\\Controllers\\Web\\Alumni\\AlumniHubController->{closure:App\\Http\\Controllers\\Web\\Alumni\\AlumniHubController::hub():28}(Object(Illuminate\\Database\\Eloquent\\Collection), 4)
#12 /Users/yapi/Adi/appdev/simonas-app/vendor/laravel/framework/src/Illuminate/Collections/Arr.php(609): array_map(Object(Closure), Array, Array)
#13 /Users/yapi/Adi/appdev/simonas-app/vendor/laravel/framework/src/Illuminate/Collections/Collection.php(799): Illuminate\\Support\\Arr::map(Array, Object(Closure))
#14 /Users/yapi/Adi/appdev/simonas-app/vendor/laravel/framework/src/Illuminate/Database/Eloquent/Collection.php(388): Illuminate\\Support\\Collection->map(Object(Closure))
#15 /Users/yapi/Adi/appdev/simonas-app/app/Http/Controllers/Web/Alumni/AlumniHubController.php(28): Illuminate\\Database\\Eloquent\\Collection->map(Object(Closure))
#16 /Users/yapi/Adi/appdev/simonas-app/vendor/laravel/framework/src/Illuminate/Routing/Controller.php(54): App\\Http\\Controllers\\Web\\Alumni\\AlumniHubController->hub(Object(Illuminate\\Http\\Request))
#17 /Users/yapi/Adi/appdev/simonas-app/vendor/laravel/framework/src/Illuminate/Routing/ControllerDispatcher.php(44): Illuminate\\Routing\\Controller->callAction('hub', Array)
#18 /Users/yapi/Adi/appdev/simonas-app/vendor/laravel/framework/src/Illuminate/Routing/Route.php(266): Illuminate\\Routing\\ControllerDispatcher->dispatch(Object(Illuminate\\Routing\\Route), Object(App\\Http\\Controllers\\Web\\Alumni\\AlumniHubController), 'hub')
#19 /Users/yapi/Adi/appdev/simonas-app/vendor/laravel/framework/src/Illuminate/Routing/Route.php(212): Illuminate\\Routing\\Route->runController()
#20 /Users/yapi/Adi/appdev/simonas-app/vendor/laravel/framework/src/Illuminate/Routing/Router.php(808): Illuminate\\Routing\\Route->run()
#21 /Users/yapi/Adi/appdev/simonas-app/vendor/laravel/framework/src/Illuminate/Pipeline/Pipeline.php(170): Illuminate\\Routing\\Router->{closure:Illuminate\\Routing\\Router::runRouteWithinStack():807}(Object(Illuminate\\Http\\Request))
#22 /Users/yapi/Adi/appdev/simonas-app/vendor/laravel/framework/src/Illuminate/Auth/Middleware/Authorize.php(60): Illuminate\\Pipeline\\Pipeline->{closure:Illuminate\\Pipeline\\Pipeline::prepareDestination():168}(Object(Illuminate\\Http\\Request))
#23 /Users/yapi/Adi/appdev/simonas-app/vendor/laravel/framework/src/Illuminate/Pipeline/Pipeline.php(209): Illuminate\\Auth\\Middleware\\Authorize->handle(Object(Illuminate\\Http\\Request), Object(Closure), 'access-alumni')
#24 /Users/yapi/Adi/appdev/simonas-app/vendor/inertiajs/inertia-laravel/src/Middleware.php(138): Illuminate\\Pipeline\\Pipeline->{closure:{closure:Illuminate\\Pipeline\\Pipeline::carry():184}:185}(Object(Illuminate\\Http\\Request))
#25 /Users/yapi/Adi/appdev/simonas-app/vendor/laravel/framework/src/Illuminate/Pipeline/Pipeline.php(209): Inertia\\Middleware->handle(Object(Illuminate\\Http\\Request), Object(Closure))
#26 /Users/yapi/Adi/appdev/simonas-app/vendor/laravel/framework/src/Illuminate/Routing/Middleware/SubstituteBindings.php(51): Illuminate\\Pipeline\\Pipeline->{closure:{closure:Illuminate\\Pipeline\\Pipeline::carry():184}:185}(Object(Illuminate\\Http\\Request))
#27 /Users/yapi/Adi/appdev/simonas-app/vendor/laravel/framework/src/Illuminate/Pipeline/Pipeline.php(209): Illuminate\\Routing\\Middleware\\SubstituteBindings->handle(Object(Illuminate\\Http\\Request), Object(Closure))
#28 /Users/yapi/Adi/appdev/simonas-app/vendor/laravel/framework/src/Illuminate/Auth/Middleware/Authenticate.php(64): Illuminate\\Pipeline\\Pipeline->{closure:{closure:Illuminate\\Pipeline\\Pipeline::carry():184}:185}(Object(Illuminate\\Http\\Request))
#29 /Users/yapi/Adi/appdev/simonas-app/vendor/laravel/framework/src/Illuminate/Pipeline/Pipeline.php(209): Illuminate\\Auth\\Middleware\\Authenticate->handle(Object(Illuminate\\Http\\Request), Object(Closure))
#30 /Users/yapi/Adi/appdev/simonas-app/vendor/laravel/framework/src/Illuminate/Foundation/Http/Middleware/VerifyCsrfToken.php(88): Illuminate\\Pipeline\\Pipeline->{closure:{closure:Illuminate\\Pipeline\\Pipeline::carry():184}:185}(Object(Illuminate\\Http\\Request))
#31 /Users/yapi/Adi/appdev/simonas-app/vendor/laravel/framework/src/Illuminate/Pipeline/Pipeline.php(209): Illuminate\\Foundation\\Http\\Middleware\\VerifyCsrfToken->handle(Object(Illuminate\\Http\\Request), Object(Closure))
#32 /Users/yapi/Adi/appdev/simonas-app/vendor/laravel/framework/src/Illuminate/View/Middleware/ShareErrorsFromSession.php(49): Illuminate\\Pipeline\\Pipeline->{closure:{closure:Illuminate\\Pipeline\\Pipeline::carry():184}:185}(Object(Illuminate\\Http\\Request))
#33 /Users/yapi/Adi/appdev/simonas-app/vendor/laravel/framework/src/Illuminate/Pipeline/Pipeline.php(209): Illuminate\\View\\Middleware\\ShareErrorsFromSession->handle(Object(Illuminate\\Http\\Request), Object(Closure))
#34 /Users/yapi/Adi/appdev/simonas-app/vendor/laravel/framework/src/Illuminate/Session/Middleware/StartSession.php(121): Illuminate\\Pipeline\\Pipeline->{closure:{closure:Illuminate\\Pipeline\\Pipeline::carry():184}:185}(Object(Illuminate\\Http\\Request))
#35 /Users/yapi/Adi/appdev/simonas-app/vendor/laravel/framework/src/Illuminate/Session/Middleware/StartSession.php(64): Illuminate\\Session\\Middleware\\StartSession->handleStatefulRequest(Object(Illuminate\\Http\\Request), Object(Illuminate\\Session\\Store), Object(Closure))
#36 /Users/yapi/Adi/appdev/simonas-app/vendor/laravel/framework/src/Illuminate/Pipeline/Pipeline.php(209): Illuminate\\Session\\Middleware\\StartSession->handle(Object(Illuminate\\Http\\Request), Object(Closure))
#37 /Users/yapi/Adi/appdev/simonas-app/vendor/laravel/framework/src/Illuminate/Cookie/Middleware/AddQueuedCookiesToResponse.php(37): Illuminate\\Pipeline\\Pipeline->{closure:{closure:Illuminate\\Pipeline\\Pipeline::carry():184}:185}(Object(Illuminate\\Http\\Request))
#38 /Users/yapi/Adi/appdev/simonas-app/vendor/laravel/framework/src/Illuminate/Pipeline/Pipeline.php(209): Illuminate\\Cookie\\Middleware\\AddQueuedCookiesToResponse->handle(Object(Illuminate\\Http\\Request), Object(Closure))
#39 /Users/yapi/Adi/appdev/simonas-app/vendor/laravel/framework/src/Illuminate/Cookie/Middleware/EncryptCookies.php(75): Illuminate\\Pipeline\\Pipeline->{closure:{closure:Illuminate\\Pipeline\\Pipeline::carry():184}:185}(Object(Illuminate\\Http\\Request))
#40 /Users/yapi/Adi/appdev/simonas-app/vendor/laravel/framework/src/Illuminate/Pipeline/Pipeline.php(209): Illuminate\\Cookie\\Middleware\\EncryptCookies->handle(Object(Illuminate\\Http\\Request), Object(Closure))
#41 /Users/yapi/Adi/appdev/simonas-app/vendor/laravel/framework/src/Illuminate/Pipeline/Pipeline.php(127): Illuminate\\Pipeline\\Pipeline->{closure:{closure:Illuminate\\Pipeline\\Pipeline::carry():184}:185}(Object(Illuminate\\Http\\Request))
#42 /Users/yapi/Adi/appdev/simonas-app/vendor/laravel/framework/src/Illuminate/Routing/Router.php(807): Illuminate\\Pipeline\\Pipeline->then(Object(Closure))
#43 /Users/yapi/Adi/appdev/simonas-app/vendor/laravel/framework/src/Illuminate/Routing/Router.php(786): Illuminate\\Routing\\Router->runRouteWithinStack(Object(Illuminate\\Routing\\Route), Object(Illuminate\\Http\\Request))
#44 /Users/yapi/Adi/appdev/simonas-app/vendor/laravel/framework/src/Illuminate/Routing/Router.php(750): Illuminate\\Routing\\Router->runRoute(Object(Illuminate\\Http\\Request), Object(Illuminate\\Routing\\Route))
#45 /Users/yapi/Adi/appdev/simonas-app/vendor/laravel/framework/src/Illuminate/Routing/Router.php(739): Illuminate\\Routing\\Router->dispatchToRoute(Object(Illuminate\\Http\\Request))
#46 /Users/yapi/Adi/appdev/simonas-app/vendor/laravel/framework/src/Illuminate/Foundation/Http/Kernel.php(201): Illuminate\\Routing\\Router->dispatch(Object(Illuminate\\Http\\Request))
#47 /Users/yapi/Adi/appdev/simonas-app/vendor/laravel/framework/src/Illuminate/Pipeline/Pipeline.php(170): Illuminate\\Foundation\\Http\\Kernel->{closure:Illuminate\\Foundation\\Http\\Kernel::dispatchToRouter():198}(Object(Illuminate\\Http\\Request))
#48 /Users/yapi/Adi/appdev/simonas-app/vendor/inertiajs/inertia-laravel/src/Middleware/EnsureGetOnRedirect.php(19): Illuminate\\Pipeline\\Pipeline->{closure:Illuminate\\Pipeline\\Pipeline::prepareDestination():168}(Object(Illuminate\\Http\\Request))
#49 /Users/yapi/Adi/appdev/simonas-app/vendor/laravel/framework/src/Illuminate/Pipeline/Pipeline.php(209): Inertia\\Middleware\\EnsureGetOnRedirect->handle(Object(Illuminate\\Http\\Request), Object(Closure))
#50 /Users/yapi/Adi/appdev/simonas-app/app/Http/Middleware/CacheStaticAssets.php(17): Illuminate\\Pipeline\\Pipeline->{closure:{closure:Illuminate\\Pipeline\\Pipeline::carry():184}:185}(Object(Illuminate\\Http\\Request))
#51 /Users/yapi/Adi/appdev/simonas-app/vendor/laravel/framework/src/Illuminate/Pipeline/Pipeline.php(209): App\\Http\\Middleware\\CacheStaticAssets->handle(Object(Illuminate\\Http\\Request), Object(Closure))
#52 /Users/yapi/Adi/appdev/simonas-app/vendor/laravel/framework/src/Illuminate/Foundation/Http/Middleware/TransformsRequest.php(21): Illuminate\\Pipeline\\Pipeline->{closure:{closure:Illuminate\\Pipeline\\Pipeline::carry():184}:185}(Object(Illuminate\\Http\\Request))
#53 /Users/yapi/Adi/appdev/simonas-app/vendor/laravel/framework/src/Illuminate/Foundation/Http/Middleware/ConvertEmptyStringsToNull.php(31): Illuminate\\Foundation\\Http\\Middleware\\TransformsRequest->handle(Object(Illuminate\\Http\\Request), Object(Closure))
#54 /Users/yapi/Adi/appdev/simonas-app/vendor/laravel/framework/src/Illuminate/Pipeline/Pipeline.php(209): Illuminate\\Foundation\\Http\\Middleware\\ConvertEmptyStringsToNull->handle(Object(Illuminate\\Http\\Request), Object(Closure))
#55 /Users/yapi/Adi/appdev/simonas-app/vendor/laravel/framework/src/Illuminate/Foundation/Http/Middleware/TransformsRequest.php(21): Illuminate\\Pipeline\\Pipeline->{closure:{closure:Illuminate\\Pipeline\\Pipeline::carry():184}:185}(Object(Illuminate\\Http\\Request))
#56 /Users/yapi/Adi/appdev/simonas-app/vendor/laravel/framework/src/Illuminate/Foundation/Http/Middleware/TrimStrings.php(51): Illuminate\\Foundation\\Http\\Middleware\\TransformsRequest->handle(Object(Illuminate\\Http\\Request), Object(Closure))
#57 /Users/yapi/Adi/appdev/simonas-app/vendor/laravel/framework/src/Illuminate/Pipeline/Pipeline.php(209): Illuminate\\Foundation\\Http\\Middleware\\TrimStrings->handle(Object(Illuminate\\Http\\Request), Object(Closure))
#58 /Users/yapi/Adi/appdev/simonas-app/vendor/laravel/framework/src/Illuminate/Http/Middleware/ValidatePostSize.php(27): Illuminate\\Pipeline\\Pipeline->{closure:{closure:Illuminate\\Pipeline\\Pipeline::carry():184}:185}(Object(Illuminate\\Http\\Request))
#59 /Users/yapi/Adi/appdev/simonas-app/vendor/laravel/framework/src/Illuminate/Pipeline/Pipeline.php(209): Illuminate\\Http\\Middleware\\ValidatePostSize->handle(Object(Illuminate\\Http\\Request), Object(Closure))
#60 /Users/yapi/Adi/appdev/simonas-app/vendor/laravel/framework/src/Illuminate/Foundation/Http/Middleware/PreventRequestsDuringMaintenance.php(110): Illuminate\\Pipeline\\Pipeline->{closure:{closure:Illuminate\\Pipeline\\Pipeline::carry():184}:185}(Object(Illuminate\\Http\\Request))
#61 /Users/yapi/Adi/appdev/simonas-app/vendor/laravel/framework/src/Illuminate/Pipeline/Pipeline.php(209): Illuminate\\Foundation\\Http\\Middleware\\PreventRequestsDuringMaintenance->handle(Object(Illuminate\\Http\\Request), Object(Closure))
#62 /Users/yapi/Adi/appdev/simonas-app/vendor/laravel/framework/src/Illuminate/Http/Middleware/HandleCors.php(49): Illuminate\\Pipeline\\Pipeline->{closure:{closure:Illuminate\\Pipeline\\Pipeline::carry():184}:185}(Object(Illuminate\\Http\\Request))
#63 /Users/yapi/Adi/appdev/simonas-app/vendor/laravel/framework/src/Illuminate/Pipeline/Pipeline.php(209): Illuminate\\Http\\Middleware\\HandleCors->handle(Object(Illuminate\\Http\\Request), Object(Closure))
#64 /Users/yapi/Adi/appdev/simonas-app/vendor/laravel/framework/src/Illuminate/Http/Middleware/TrustProxies.php(58): Illuminate\\Pipeline\\Pipeline->{closure:{closure:Illuminate\\Pipeline\\Pipeline::carry():184}:185}(Object(Illuminate\\Http\\Request))
#65 /Users/yapi/Adi/appdev/simonas-app/vendor/laravel/framework/src/Illuminate/Pipeline/Pipeline.php(209): Illuminate\\Http\\Middleware\\TrustProxies->handle(Object(Illuminate\\Http\\Request), Object(Closure))
#66 /Users/yapi/Adi/appdev/simonas-app/vendor/laravel/framework/src/Illuminate/Pipeline/Pipeline.php(127): Illuminate\\Pipeline\\Pipeline->{closure:{closure:Illuminate\\Pipeline\\Pipeline::carry():184}:185}(Object(Illuminate\\Http\\Request))
#67 /Users/yapi/Adi/appdev/simonas-app/vendor/laravel/framework/src/Illuminate/Foundation/Http/Kernel.php(176): Illuminate\\Pipeline\\Pipeline->then(Object(Closure))
#68 /Users/yapi/Adi/appdev/simonas-app/vendor/laravel/framework/src/Illuminate/Foundation/Http/Kernel.php(145): Illuminate\\Foundation\\Http\\Kernel->sendRequestThroughRouter(Object(Illuminate\\Http\\Request))
#69 /Users/yapi/Adi/appdev/simonas-app/public/index.php(18): Illuminate\\Foundation\\Http\\Kernel->handle(Object(Illuminate\\Http\\Request))
#70 /Users/yapi/Adi/appdev/simonas-app/server.php(21): require_once('/Users/yapi/Adi...')
#71 {main}

[previous exception] [object] (PDOException(code: 42S22): SQLSTATE[42S22]: Column not found: 1054 Unknown column 'alumni_stories.id' in 'field list' at /Users/yapi/Adi/appdev/simonas-app/vendor/laravel/framework/src/Illuminate/Database/Connection.php:407)
[stacktrace]
#0 /Users/yapi/Adi/appdev/simonas-app/vendor/laravel/framework/src/Illuminate/Database/Connection.php(407): PDO->prepare('select `alumni_...')
#1 /Users/yapi/Adi/appdev/simonas-app/vendor/laravel/framework/src/Illuminate/Database/Connection.php(812): Illuminate\\Database\\Connection->{closure:Illuminate\\Database\\Connection::select():398}('select `alumni_...', Array)
#2 /Users/yapi/Adi/appdev/simonas-app/vendor/laravel/framework/src/Illuminate/Database/Connection.php(779): Illuminate\\Database\\Connection->runQueryCallback('select `alumni_...', Array, Object(Closure))
#3 /Users/yapi/Adi/appdev/simonas-app/vendor/laravel/framework/src/Illuminate/Database/Connection.php(398): Illuminate\\Database\\Connection->run('select `alumni_...', Array, Object(Closure))
#4 /Users/yapi/Adi/appdev/simonas-app/vendor/laravel/framework/src/Illuminate/Database/Query/Builder.php(3106): Illuminate\\Database\\Connection->select('select `alumni_...', Array, true)
#5 /Users/yapi/Adi/appdev/simonas-app/vendor/laravel/framework/src/Illuminate/Database/Query/Builder.php(3362): Illuminate\\Database\\Query\\Builder->runSelect()
#6 /Users/yapi/Adi/appdev/simonas-app/vendor/laravel/framework/src/Illuminate/Database/Query/Builder.php(3676): Illuminate\\Database\\Query\\Builder->{closure:Illuminate\\Database\\Query\\Builder::pluck():3360}()
#7 /Users/yapi/Adi/appdev/simonas-app/vendor/laravel/framework/src/Illuminate/Database/Query/Builder.php(3358): Illuminate\\Database\\Query\\Builder->onceWithColumns(Array, Object(Closure))
#8 /Users/yapi/Adi/appdev/simonas-app/vendor/laravel/framework/src/Illuminate/Database/Eloquent/Builder.php(991): Illuminate\\Database\\Query\\Builder->pluck('alumni_stories....', NULL)
#9 /Users/yapi/Adi/appdev/simonas-app/vendor/laravel/framework/src/Illuminate/Support/Traits/ForwardsCalls.php(23): Illuminate\\Database\\Eloquent\\Builder->pluck('alumni_stories....')
#10 /Users/yapi/Adi/appdev/simonas-app/vendor/laravel/framework/src/Illuminate/Support/Traits/ForwardsCalls.php(52): Illuminate\\Database\\Eloquent\\Relations\\Relation->forwardCallTo(Object(Illuminate\\Database\\Eloquent\\Builder), 'pluck', Array)
#11 /Users/yapi/Adi/appdev/simonas-app/vendor/laravel/framework/src/Illuminate/Database/Eloquent/Relations/Relation.php(538): Illuminate\\Database\\Eloquent\\Relations\\Relation->forwardDecoratedCallTo(Object(Illuminate\\Database\\Eloquent\\Builder), 'pluck', Array)
#12 /Users/yapi/Adi/appdev/simonas-app/app/Http/Controllers/Web/Alumni/AlumniHubController.php(31): Illuminate\\Database\\Eloquent\\Relations\\Relation->__call('pluck', Array)
#13 [internal function]: App\\Http\\Controllers\\Web\\Alumni\\AlumniHubController->{closure:App\\Http\\Controllers\\Web\\Alumni\\AlumniHubController::hub():28}(Object(Illuminate\\Database\\Eloquent\\Collection), 4)
#14 /Users/yapi/Adi/appdev/simonas-app/vendor/laravel/framework/src/Illuminate/Collections/Arr.php(609): array_map(Object(Closure), Array, Array)
#15 /Users/yapi/Adi/appdev/simonas-app/vendor/laravel/framework/src/Illuminate/Collections/Collection.php(799): Illuminate\\Support\\Arr::map(Array, Object(Closure))
#16 /Users/yapi/Adi/appdev/simonas-app/vendor/laravel/framework/src/Illuminate/Database/Eloquent/Collection.php(388): Illuminate\\Support\\Collection->map(Object(Closure))
#17 /Users/yapi/Adi/appdev/simonas-app/app/Http/Controllers/Web/Alumni/AlumniHubController.php(28): Illuminate\\Database\\Eloquent\\Collection->map(Object(Closure))
#18 /Users/yapi/Adi/appdev/simonas-app/vendor/laravel/framework/src/Illuminate/Routing/Controller.php(54): App\\Http\\Controllers\\Web\\Alumni\\AlumniHubController->hub(Object(Illuminate\\Http\\Request))
#19 /Users/yapi/Adi/appdev/simonas-app/vendor/laravel/framework/src/Illuminate/Routing/ControllerDispatcher.php(44): Illuminate\\Routing\\Controller->callAction('hub', Array)
#20 /Users/yapi/Adi/appdev/simonas-app/vendor/laravel/framework/src/Illuminate/Routing/Route.php(266): Illuminate\\Routing\\ControllerDispatcher->dispatch(Object(Illuminate\\Routing\\Route), Object(App\\Http\\Controllers\\Web\\Alumni\\AlumniHubController), 'hub')
#21 /Users/yapi/Adi/appdev/simonas-app/vendor/laravel/framework/src/Illuminate/Routing/Route.php(212): Illuminate\\Routing\\Route->runController()
#22 /Users/yapi/Adi/appdev/simonas-app/vendor/laravel/framework/src/Illuminate/Routing/Router.php(808): Illuminate\\Routing\\Route->run()
#23 /Users/yapi/Adi/appdev/simonas-app/vendor/laravel/framework/src/Illuminate/Pipeline/Pipeline.php(170): Illuminate\\Routing\\Router->{closure:Illuminate\\Routing\\Router::runRouteWithinStack():807}(Object(Illuminate\\Http\\Request))
#24 /Users/yapi/Adi/appdev/simonas-app/vendor/laravel/framework/src/Illuminate/Auth/Middleware/Authorize.php(60): Illuminate\\Pipeline\\Pipeline->{closure:Illuminate\\Pipeline\\Pipeline::prepareDestination():168}(Object(Illuminate\\Http\\Request))
#25 /Users/yapi/Adi/appdev/simonas-app/vendor/laravel/framework/src/Illuminate/Pipeline/Pipeline.php(209): Illuminate\\Auth\\Middleware\\Authorize->handle(Object(Illuminate\\Http\\Request), Object(Closure), 'access-alumni')
#26 /Users/yapi/Adi/appdev/simonas-app/vendor/inertiajs/inertia-laravel/src/Middleware.php(138): Illuminate\\Pipeline\\Pipeline->{closure:{closure:Illuminate\\Pipeline\\Pipeline::carry():184}:185}(Object(Illuminate\\Http\\Request))
#27 /Users/yapi/Adi/appdev/simonas-app/vendor/laravel/framework/src/Illuminate/Pipeline/Pipeline.php(209): Inertia\\Middleware->handle(Object(Illuminate\\Http\\Request), Object(Closure))
#28 /Users/yapi/Adi/appdev/simonas-app/vendor/laravel/framework/src/Illuminate/Routing/Middleware/SubstituteBindings.php(51): Illuminate\\Pipeline\\Pipeline->{closure:{closure:Illuminate\\Pipeline\\Pipeline::carry():184}:185}(Object(Illuminate\\Http\\Request))
#29 /Users/yapi/Adi/appdev/simonas-app/vendor/laravel/framework/src/Illuminate/Pipeline/Pipeline.php(209): Illuminate\\Routing\\Middleware\\SubstituteBindings->handle(Object(Illuminate\\Http\\Request), Object(Closure))
#30 /Users/yapi/Adi/appdev/simonas-app/vendor/laravel/framework/src/Illuminate/Auth/Middleware/Authenticate.php(64): Illuminate\\Pipeline\\Pipeline->{closure:{closure:Illuminate\\Pipeline\\Pipeline::carry():184}:185}(Object(Illuminate\\Http\\Request))
#31 /Users/yapi/Adi/appdev/simonas-app/vendor/laravel/framework/src/Illuminate/Pipeline/Pipeline.php(209): Illuminate\\Auth\\Middleware\\Authenticate->handle(Object(Illuminate\\Http\\Request), Object(Closure))
#32 /Users/yapi/Adi/appdev/simonas-app/vendor/laravel/framework/src/Illuminate/Foundation/Http/Middleware/VerifyCsrfToken.php(88): Illuminate\\Pipeline\\Pipeline->{closure:{closure:Illuminate\\Pipeline\\Pipeline::carry():184}:185}(Object(Illuminate\\Http\\Request))
#33 /Users/yapi/Adi/appdev/simonas-app/vendor/laravel/framework/src/Illuminate/Pipeline/Pipeline.php(209): Illuminate\\Foundation\\Http\\Middleware\\VerifyCsrfToken->handle(Object(Illuminate\\Http\\Request), Object(Closure))
#34 /Users/yapi/Adi/appdev/simonas-app/vendor/laravel/framework/src/Illuminate/View/Middleware/ShareErrorsFromSession.php(49): Illuminate\\Pipeline\\Pipeline->{closure:{closure:Illuminate\\Pipeline\\Pipeline::carry():184}:185}(Object(Illuminate\\Http\\Request))
#35 /Users/yapi/Adi/appdev/simonas-app/vendor/laravel/framework/src/Illuminate/Pipeline/Pipeline.php(209): Illuminate\\View\\Middleware\\ShareErrorsFromSession->handle(Object(Illuminate\\Http\\Request), Object(Closure))
#36 /Users/yapi/Adi/appdev/simonas-app/vendor/laravel/framework/src/Illuminate/Session/Middleware/StartSession.php(121): Illuminate\\Pipeline\\Pipeline->{closure:{closure:Illuminate\\Pipeline\\Pipeline::carry():184}:185}(Object(Illuminate\\Http\\Request))
#37 /Users/yapi/Adi/appdev/simonas-app/vendor/laravel/framework/src/Illuminate/Session/Middleware/StartSession.php(64): Illuminate\\Session\\Middleware\\StartSession->handleStatefulRequest(Object(Illuminate\\Http\\Request), Object(Illuminate\\Session\\Store), Object(Closure))
#38 /Users/yapi/Adi/appdev/simonas-app/vendor/laravel/framework/src/Illuminate/Pipeline/Pipeline.php(209): Illuminate\\Session\\Middleware\\StartSession->handle(Object(Illuminate\\Http\\Request), Object(Closure))
#39 /Users/yapi/Adi/appdev/simonas-app/vendor/laravel/framework/src/Illuminate/Cookie/Middleware/AddQueuedCookiesToResponse.php(37): Illuminate\\Pipeline\\Pipeline->{closure:{closure:Illuminate\\Pipeline\\Pipeline::carry():184}:185}(Object(Illuminate\\Http\\Request))
#40 /Users/yapi/Adi/appdev/simonas-app/vendor/laravel/framework/src/Illuminate/Pipeline/Pipeline.php(209): Illuminate\\Cookie\\Middleware\\AddQueuedCookiesToResponse->handle(Object(Illuminate\\Http\\Request), Object(Closure))
#41 /Users/yapi/Adi/appdev/simonas-app/vendor/laravel/framework/src/Illuminate/Cookie/Middleware/EncryptCookies.php(75): Illuminate\\Pipeline\\Pipeline->{closure:{closure:Illuminate\\Pipeline\\Pipeline::carry():184}:185}(Object(Illuminate\\Http\\Request))
#42 /Users/yapi/Adi/appdev/simonas-app/vendor/laravel/framework/src/Illuminate/Pipeline/Pipeline.php(209): Illuminate\\Cookie\\Middleware\\EncryptCookies->handle(Object(Illuminate\\Http\\Request), Object(Closure))
#43 /Users/yapi/Adi/appdev/simonas-app/vendor/laravel/framework/src/Illuminate/Pipeline/Pipeline.php(127): Illuminate\\Pipeline\\Pipeline->{closure:{closure:Illuminate\\Pipeline\\Pipeline::carry():184}:185}(Object(Illuminate\\Http\\Request))
#44 /Users/yapi/Adi/appdev/simonas-app/vendor/laravel/framework/src/Illuminate/Routing/Router.php(807): Illuminate\\Pipeline\\Pipeline->then(Object(Closure))
#45 /Users/yapi/Adi/appdev/simonas-app/vendor/laravel/framework/src/Illuminate/Routing/Router.php(786): Illuminate\\Routing\\Router->runRouteWithinStack(Object(Illuminate\\Routing\\Route), Object(Illuminate\\Http\\Request))
#46 /Users/yapi/Adi/appdev/simonas-app/vendor/laravel/framework/src/Illuminate/Routing/Router.php(750): Illuminate\\Routing\\Router->runRoute(Object(Illuminate\\Http\\Request), Object(Illuminate\\Routing\\Route))
#47 /Users/yapi/Adi/appdev/simonas-app/vendor/laravel/framework/src/Illuminate/Routing/Router.php(739): Illuminate\\Routing\\Router->dispatchToRoute(Object(Illuminate\\Http\\Request))
#48 /Users/yapi/Adi/appdev/simonas-app/vendor/laravel/framework/src/Illuminate/Foundation/Http/Kernel.php(201): Illuminate\\Routing\\Router->dispatch(Object(Illuminate\\Http\\Request))
#49 /Users/yapi/Adi/appdev/simonas-app/vendor/laravel/framework/src/Illuminate/Pipeline/Pipeline.php(170): Illuminate\\Foundation\\Http\\Kernel->{closure:Illuminate\\Foundation\\Http\\Kernel::dispatchToRouter():198}(Object(Illuminate\\Http\\Request))
#50 /Users/yapi/Adi/appdev/simonas-app/vendor/inertiajs/inertia-laravel/src/Middleware/EnsureGetOnRedirect.php(19): Illuminate\\Pipeline\\Pipeline->{closure:Illuminate\\Pipeline\\Pipeline::prepareDestination():168}(Object(Illuminate\\Http\\Request))
#51 /Users/yapi/Adi/appdev/simonas-app/vendor/laravel/framework/src/Illuminate/Pipeline/Pipeline.php(209): Inertia\\Middleware\\EnsureGetOnRedirect->handle(Object(Illuminate\\Http\\Request), Object(Closure))
#52 /Users/yapi/Adi/appdev/simonas-app/app/Http/Middleware/CacheStaticAssets.php(17): Illuminate\\Pipeline\\Pipeline->{closure:{closure:Illuminate\\Pipeline\\Pipeline::carry():184}:185}(Object(Illuminate\\Http\\Request))
#53 /Users/yapi/Adi/appdev/simonas-app/vendor/laravel/framework/src/Illuminate/Pipeline/Pipeline.php(209): App\\Http\\Middleware\\CacheStaticAssets->handle(Object(Illuminate\\Http\\Request), Object(Closure))
#54 /Users/yapi/Adi/appdev/simonas-app/vendor/laravel/framework/src/Illuminate/Foundation/Http/Middleware/TransformsRequest.php(21): Illuminate\\Pipeline\\Pipeline->{closure:{closure:Illuminate\\Pipeline\\Pipeline::carry():184}:185}(Object(Illuminate\\Http\\Request))
#55 /Users/yapi/Adi/appdev/simonas-app/vendor/laravel/framework/src/Illuminate/Foundation/Http/Middleware/ConvertEmptyStringsToNull.php(31): Illuminate\\Foundation\\Http\\Middleware\\TransformsRequest->handle(Object(Illuminate\\Http\\Request), Object(Closure))
#56 /Users/yapi/Adi/appdev/simonas-app/vendor/laravel/framework/src/Illuminate/Pipeline/Pipeline.php(209): Illuminate\\Foundation\\Http\\Middleware\\ConvertEmptyStringsToNull->handle(Object(Illuminate\\Http\\Request), Object(Closure))
#57 /Users/yapi/Adi/appdev/simonas-app/vendor/laravel/framework/src/Illuminate/Foundation/Http/Middleware/TransformsRequest.php(21): Illuminate\\Pipeline\\Pipeline->{closure:{closure:Illuminate\\Pipeline\\Pipeline::carry():184}:185}(Object(Illuminate\\Http\\Request))
#58 /Users/yapi/Adi/appdev/simonas-app/vendor/laravel/framework/src/Illuminate/Foundation/Http/Middleware/TrimStrings.php(51): Illuminate\\Foundation\\Http\\Middleware\\TransformsRequest->handle(Object(Illuminate\\Http\\Request), Object(Closure))
#59 /Users/yapi/Adi/appdev/simonas-app/vendor/laravel/framework/src/Illuminate/Pipeline/Pipeline.php(209): Illuminate\\Foundation\\Http\\Middleware\\TrimStrings->handle(Object(Illuminate\\Http\\Request), Object(Closure))
#60 /Users/yapi/Adi/appdev/simonas-app/vendor/laravel/framework/src/Illuminate/Http/Middleware/ValidatePostSize.php(27): Illuminate\\Pipeline\\Pipeline->{closure:{closure:Illuminate\\Pipeline\\Pipeline::carry():184}:185}(Object(Illuminate\\Http\\Request))
#61 /Users/yapi/Adi/appdev/simonas-app/vendor/laravel/framework/src/Illuminate/Pipeline/Pipeline.php(209): Illuminate\\Http\\Middleware\\ValidatePostSize->handle(Object(Illuminate\\Http\\Request), Object(Closure))
#62 /Users/yapi/Adi/appdev/simonas-app/vendor/laravel/framework/src/Illuminate/Foundation/Http/Middleware/PreventRequestsDuringMaintenance.php(110): Illuminate\\Pipeline\\Pipeline->{closure:{closure:Illuminate\\Pipeline\\Pipeline::carry():184}:185}(Object(Illuminate\\Http\\Request))
#63 /Users/yapi/Adi/appdev/simonas-app/vendor/laravel/framework/src/Illuminate/Pipeline/Pipeline.php(209): Illuminate\\Foundation\\Http\\Middleware\\PreventRequestsDuringMaintenance->handle(Object(Illuminate\\Http\\Request), Object(Closure))
#64 /Users/yapi/Adi/appdev/simonas-app/vendor/laravel/framework/src/Illuminate/Http/Middleware/HandleCors.php(49): Illuminate\\Pipeline\\Pipeline->{closure:{closure:Illuminate\\Pipeline\\Pipeline::carry():184}:185}(Object(Illuminate\\Http\\Request))
#65 /Users/yapi/Adi/appdev/simonas-app/vendor/laravel/framework/src/Illuminate/Pipeline/Pipeline.php(209): Illuminate\\Http\\Middleware\\HandleCors->handle(Object(Illuminate\\Http\\Request), Object(Closure))
#66 /Users/yapi/Adi/appdev/simonas-app/vendor/laravel/framework/src/Illuminate/Http/Middleware/TrustProxies.php(58): Illuminate\\Pipeline\\Pipeline->{closure:{closure:Illuminate\\Pipeline\\Pipeline::carry():184}:185}(Object(Illuminate\\Http\\Request))
#67 /Users/yapi/Adi/appdev/simonas-app/vendor/laravel/framework/src/Illuminate/Pipeline/Pipeline.php(209): Illuminate\\Http\\Middleware\\TrustProxies->handle(Object(Illuminate\\Http\\Request), Object(Closure))
#68 /Users/yapi/Adi/appdev/simonas-app/vendor/laravel/framework/src/Illuminate/Pipeline/Pipeline.php(127): Illuminate\\Pipeline\\Pipeline->{closure:{closure:Illuminate\\Pipeline\\Pipeline::carry():184}:185}(Object(Illuminate\\Http\\Request))
#69 /Users/yapi/Adi/appdev/simonas-app/vendor/laravel/framework/src/Illuminate/Foundation/Http/Kernel.php(176): Illuminate\\Pipeline\\Pipeline->then(Object(Closure))
#70 /Users/yapi/Adi/appdev/simonas-app/vendor/laravel/framework/src/Illuminate/Foundation/Http/Kernel.php(145): Illuminate\\Foundation\\Http\\Kernel->sendRequestThroughRouter(Object(Illuminate\\Http\\Request))
#71 /Users/yapi/Adi/appdev/simonas-app/public/index.php(18): Illuminate\\Foundation\\Http\\Kernel->handle(Object(Illuminate\\Http\\Request))
#72 /Users/yapi/Adi/appdev/simonas-app/server.php(21): require_once('/Users/yapi/Adi...')
#73 {main}
"} 
[2026-05-01 15:38:26] local.ERROR: SQLSTATE[42S22]: Column not found: 1054 Unknown column 'alumni_stories.id' in 'field list' (Connection: mysql, SQL: select `alumni_stories`.`id` from `users` inner join `alumni_story_views` on `users`.`id` = `alumni_story_views`.`user_id` where `alumni_story_views`.`story_id` = 1 and `user_id` = 4) {"userId":4,"exception":"[object] (Illuminate\\Database\\QueryException(code: 42S22): SQLSTATE[42S22]: Column not found: 1054 Unknown column 'alumni_stories.id' in 'field list' (Connection: mysql, SQL: select `alumni_stories`.`id` from `users` inner join `alumni_story_views` on `users`.`id` = `alumni_story_views`.`user_id` where `alumni_story_views`.`story_id` = 1 and `user_id` = 4) at /Users/yapi/Adi/appdev/simonas-app/vendor/laravel/framework/src/Illuminate/Database/Connection.php:825)
[stacktrace]
#0 /Users/yapi/Adi/appdev/simonas-app/vendor/laravel/framework/src/Illuminate/Database/Connection.php(779): Illuminate\\Database\\Connection->runQueryCallback('select `alumni_...', Array, Object(Closure))
#1 /Users/yapi/Adi/appdev/simonas-app/vendor/laravel/framework/src/Illuminate/Database/Connection.php(398): Illuminate\\Database\\Connection->run('select `alumni_...', Array, Object(Closure))
#2 /Users/yapi/Adi/appdev/simonas-app/vendor/laravel/framework/src/Illuminate/Database/Query/Builder.php(3106): Illuminate\\Database\\Connection->select('select `alumni_...', Array, true)
#3 /Users/yapi/Adi/appdev/simonas-app/vendor/laravel/framework/src/Illuminate/Database/Query/Builder.php(3362): Illuminate\\Database\\Query\\Builder->runSelect()
#4 /Users/yapi/Adi/appdev/simonas-app/vendor/laravel/framework/src/Illuminate/Database/Query/Builder.php(3676): Illuminate\\Database\\Query\\Builder->{closure:Illuminate\\Database\\Query\\Builder::pluck():3360}()
#5 /Users/yapi/Adi/appdev/simonas-app/vendor/laravel/framework/src/Illuminate/Database/Query/Builder.php(3358): Illuminate\\Database\\Query\\Builder->onceWithColumns(Array, Object(Closure))
#6 /Users/yapi/Adi/appdev/simonas-app/vendor/laravel/framework/src/Illuminate/Database/Eloquent/Builder.php(991): Illuminate\\Database\\Query\\Builder->pluck('alumni_stories....', NULL)
#7 /Users/yapi/Adi/appdev/simonas-app/vendor/laravel/framework/src/Illuminate/Support/Traits/ForwardsCalls.php(23): Illuminate\\Database\\Eloquent\\Builder->pluck('alumni_stories....')
#8 /Users/yapi/Adi/appdev/simonas-app/vendor/laravel/framework/src/Illuminate/Support/Traits/ForwardsCalls.php(52): Illuminate\\Database\\Eloquent\\Relations\\Relation->forwardCallTo(Object(Illuminate\\Database\\Eloquent\\Builder), 'pluck', Array)
#9 /Users/yapi/Adi/appdev/simonas-app/vendor/laravel/framework/src/Illuminate/Database/Eloquent/Relations/Relation.php(538): Illuminate\\Database\\Eloquent\\Relations\\Relation->forwardDecoratedCallTo(Object(Illuminate\\Database\\Eloquent\\Builder), 'pluck', Array)
#10 /Users/yapi/Adi/appdev/simonas-app/app/Http/Controllers/Web/Alumni/AlumniHubController.php(31): Illuminate\\Database\\Eloquent\\Relations\\Relation->__call('pluck', Array)
#11 [internal function]: App\\Http\\Controllers\\Web\\Alumni\\AlumniHubController->{closure:App\\Http\\Controllers\\Web\\Alumni\\AlumniHubController::hub():28}(Object(Illuminate\\Database\\Eloquent\\Collection), 4)
#12 /Users/yapi/Adi/appdev/simonas-app/vendor/laravel/framework/src/Illuminate/Collections/Arr.php(609): array_map(Object(Closure), Array, Array)
#13 /Users/yapi/Adi/appdev/simonas-app/vendor/laravel/framework/src/Illuminate/Collections/Collection.php(799): Illuminate\\Support\\Arr::map(Array, Object(Closure))
#14 /Users/yapi/Adi/appdev/simonas-app/vendor/laravel/framework/src/Illuminate/Database/Eloquent/Collection.php(388): Illuminate\\Support\\Collection->map(Object(Closure))
#15 /Users/yapi/Adi/appdev/simonas-app/app/Http/Controllers/Web/Alumni/AlumniHubController.php(28): Illuminate\\Database\\Eloquent\\Collection->map(Object(Closure))
#16 /Users/yapi/Adi/appdev/simonas-app/vendor/laravel/framework/src/Illuminate/Routing/Controller.php(54): App\\Http\\Controllers\\Web\\Alumni\\AlumniHubController->hub(Object(Illuminate\\Http\\Request))
#17 /Users/yapi/Adi/appdev/simonas-app/vendor/laravel/framework/src/Illuminate/Routing/ControllerDispatcher.php(44): Illuminate\\Routing\\Controller->callAction('hub', Array)
#18 /Users/yapi/Adi/appdev/simonas-app/vendor/laravel/framework/src/Illuminate/Routing/Route.php(266): Illuminate\\Routing\\ControllerDispatcher->dispatch(Object(Illuminate\\Routing\\Route), Object(App\\Http\\Controllers\\Web\\Alumni\\AlumniHubController), 'hub')
#19 /Users/yapi/Adi/appdev/simonas-app/vendor/laravel/framework/src/Illuminate/Routing/Route.php(212): Illuminate\\Routing\\Route->runController()
#20 /Users/yapi/Adi/appdev/simonas-app/vendor/laravel/framework/src/Illuminate/Routing/Router.php(808): Illuminate\\Routing\\Route->run()
#21 /Users/yapi/Adi/appdev/simonas-app/vendor/laravel/framework/src/Illuminate/Pipeline/Pipeline.php(170): Illuminate\\Routing\\Router->{closure:Illuminate\\Routing\\Router::runRouteWithinStack():807}(Object(Illuminate\\Http\\Request))
#22 /Users/yapi/Adi/appdev/simonas-app/vendor/laravel/framework/src/Illuminate/Auth/Middleware/Authorize.php(60): Illuminate\\Pipeline\\Pipeline->{closure:Illuminate\\Pipeline\\Pipeline::prepareDestination():168}(Object(Illuminate\\Http\\Request))
#23 /Users/yapi/Adi/appdev/simonas-app/vendor/laravel/framework/src/Illuminate/Pipeline/Pipeline.php(209): Illuminate\\Auth\\Middleware\\Authorize->handle(Object(Illuminate\\Http\\Request), Object(Closure), 'access-alumni')
#24 /Users/yapi/Adi/appdev/simonas-app/vendor/inertiajs/inertia-laravel/src/Middleware.php(138): Illuminate\\Pipeline\\Pipeline->{closure:{closure:Illuminate\\Pipeline\\Pipeline::carry():184}:185}(Object(Illuminate\\Http\\Request))
#25 /Users/yapi/Adi/appdev/simonas-app/vendor/laravel/framework/src/Illuminate/Pipeline/Pipeline.php(209): Inertia\\Middleware->handle(Object(Illuminate\\Http\\Request), Object(Closure))
#26 /Users/yapi/Adi/appdev/simonas-app/vendor/laravel/framework/src/Illuminate/Routing/Middleware/SubstituteBindings.php(51): Illuminate\\Pipeline\\Pipeline->{closure:{closure:Illuminate\\Pipeline\\Pipeline::carry():184}:185}(Object(Illuminate\\Http\\Request))
#27 /Users/yapi/Adi/appdev/simonas-app/vendor/laravel/framework/src/Illuminate/Pipeline/Pipeline.php(209): Illuminate\\Routing\\Middleware\\SubstituteBindings->handle(Object(Illuminate\\Http\\Request), Object(Closure))
#28 /Users/yapi/Adi/appdev/simonas-app/vendor/laravel/framework/src/Illuminate/Auth/Middleware/Authenticate.php(64): Illuminate\\Pipeline\\Pipeline->{closure:{closure:Illuminate\\Pipeline\\Pipeline::carry():184}:185}(Object(Illuminate\\Http\\Request))
#29 /Users/yapi/Adi/appdev/simonas-app/vendor/laravel/framework/src/Illuminate/Pipeline/Pipeline.php(209): Illuminate\\Auth\\Middleware\\Authenticate->handle(Object(Illuminate\\Http\\Request), Object(Closure))
#30 /Users/yapi/Adi/appdev/simonas-app/vendor/laravel/framework/src/Illuminate/Foundation/Http/Middleware/VerifyCsrfToken.php(88): Illuminate\\Pipeline\\Pipeline->{closure:{closure:Illuminate\\Pipeline\\Pipeline::carry():184}:185}(Object(Illuminate\\Http\\Request))
#31 /Users/yapi/Adi/appdev/simonas-app/vendor/laravel/framework/src/Illuminate/Pipeline/Pipeline.php(209): Illuminate\\Foundation\\Http\\Middleware\\VerifyCsrfToken->handle(Object(Illuminate\\Http\\Request), Object(Closure))
#32 /Users/yapi/Adi/appdev/simonas-app/vendor/laravel/framework/src/Illuminate/View/Middleware/ShareErrorsFromSession.php(49): Illuminate\\Pipeline\\Pipeline->{closure:{closure:Illuminate\\Pipeline\\Pipeline::carry():184}:185}(Object(Illuminate\\Http\\Request))
#33 /Users/yapi/Adi/appdev/simonas-app/vendor/laravel/framework/src/Illuminate/Pipeline/Pipeline.php(209): Illuminate\\View\\Middleware\\ShareErrorsFromSession->handle(Object(Illuminate\\Http\\Request), Object(Closure))
#34 /Users/yapi/Adi/appdev/simonas-app/vendor/laravel/framework/src/Illuminate/Session/Middleware/StartSession.php(121): Illuminate\\Pipeline\\Pipeline->{closure:{closure:Illuminate\\Pipeline\\Pipeline::carry():184}:185}(Object(Illuminate\\Http\\Request))
#35 /Users/yapi/Adi/appdev/simonas-app/vendor/laravel/framework/src/Illuminate/Session/Middleware/StartSession.php(64): Illuminate\\Session\\Middleware\\StartSession->handleStatefulRequest(Object(Illuminate\\Http\\Request), Object(Illuminate\\Session\\Store), Object(Closure))
#36 /Users/yapi/Adi/appdev/simonas-app/vendor/laravel/framework/src/Illuminate/Pipeline/Pipeline.php(209): Illuminate\\Session\\Middleware\\StartSession->handle(Object(Illuminate\\Http\\Request), Object(Closure))
#37 /Users/yapi/Adi/appdev/simonas-app/vendor/laravel/framework/src/Illuminate/Cookie/Middleware/AddQueuedCookiesToResponse.php(37): Illuminate\\Pipeline\\Pipeline->{closure:{closure:Illuminate\\Pipeline\\Pipeline::carry():184}:185}(Object(Illuminate\\Http\\Request))
#38 /Users/yapi/Adi/appdev/simonas-app/vendor/laravel/framework/src/Illuminate/Pipeline/Pipeline.php(209): Illuminate\\Cookie\\Middleware\\AddQueuedCookiesToResponse->handle(Object(Illuminate\\Http\\Request), Object(Closure))
#39 /Users/yapi/Adi/appdev/simonas-app/vendor/laravel/framework/src/Illuminate/Cookie/Middleware/EncryptCookies.php(75): Illuminate\\Pipeline\\Pipeline->{closure:{closure:Illuminate\\Pipeline\\Pipeline::carry():184}:185}(Object(Illuminate\\Http\\Request))
#40 /Users/yapi/Adi/appdev/simonas-app/vendor/laravel/framework/src/Illuminate/Pipeline/Pipeline.php(209): Illuminate\\Cookie\\Middleware\\EncryptCookies->handle(Object(Illuminate\\Http\\Request), Object(Closure))
#41 /Users/yapi/Adi/appdev/simonas-app/vendor/laravel/framework/src/Illuminate/Pipeline/Pipeline.php(127): Illuminate\\Pipeline\\Pipeline->{closure:{closure:Illuminate\\Pipeline\\Pipeline::carry():184}:185}(Object(Illuminate\\Http\\Request))
#42 /Users/yapi/Adi/appdev/simonas-app/vendor/laravel/framework/src/Illuminate/Routing/Router.php(807): Illuminate\\Pipeline\\Pipeline->then(Object(Closure))
#43 /Users/yapi/Adi/appdev/simonas-app/vendor/laravel/framework/src/Illuminate/Routing/Router.php(786): Illuminate\\Routing\\Router->runRouteWithinStack(Object(Illuminate\\Routing\\Route), Object(Illuminate\\Http\\Request))
#44 /Users/yapi/Adi/appdev/simonas-app/vendor/laravel/framework/src/Illuminate/Routing/Router.php(750): Illuminate\\Routing\\Router->runRoute(Object(Illuminate\\Http\\Request), Object(Illuminate\\Routing\\Route))
#45 /Users/yapi/Adi/appdev/simonas-app/vendor/laravel/framework/src/Illuminate/Routing/Router.php(739): Illuminate\\Routing\\Router->dispatchToRoute(Object(Illuminate\\Http\\Request))
#46 /Users/yapi/Adi/appdev/simonas-app/vendor/laravel/framework/src/Illuminate/Foundation/Http/Kernel.php(201): Illuminate\\Routing\\Router->dispatch(Object(Illuminate\\Http\\Request))
#47 /Users/yapi/Adi/appdev/simonas-app/vendor/laravel/framework/src/Illuminate/Pipeline/Pipeline.php(170): Illuminate\\Foundation\\Http\\Kernel->{closure:Illuminate\\Foundation\\Http\\Kernel::dispatchToRouter():198}(Object(Illuminate\\Http\\Request))
#48 /Users/yapi/Adi/appdev/simonas-app/vendor/inertiajs/inertia-laravel/src/Middleware/EnsureGetOnRedirect.php(19): Illuminate\\Pipeline\\Pipeline->{closure:Illuminate\\Pipeline\\Pipeline::prepareDestination():168}(Object(Illuminate\\Http\\Request))
#49 /Users/yapi/Adi/appdev/simonas-app/vendor/laravel/framework/src/Illuminate/Pipeline/Pipeline.php(209): Inertia\\Middleware\\EnsureGetOnRedirect->handle(Object(Illuminate\\Http\\Request), Object(Closure))
#50 /Users/yapi/Adi/appdev/simonas-app/app/Http/Middleware/CacheStaticAssets.php(17): Illuminate\\Pipeline\\Pipeline->{closure:{closure:Illuminate\\Pipeline\\Pipeline::carry():184}:185}(Object(Illuminate\\Http\\Request))
#51 /Users/yapi/Adi/appdev/simonas-app/vendor/laravel/framework/src/Illuminate/Pipeline/Pipeline.php(209): App\\Http\\Middleware\\CacheStaticAssets->handle(Object(Illuminate\\Http\\Request), Object(Closure))
#52 /Users/yapi/Adi/appdev/simonas-app/vendor/laravel/framework/src/Illuminate/Foundation/Http/Middleware/TransformsRequest.php(21): Illuminate\\Pipeline\\Pipeline->{closure:{closure:Illuminate\\Pipeline\\Pipeline::carry():184}:185}(Object(Illuminate\\Http\\Request))
#53 /Users/yapi/Adi/appdev/simonas-app/vendor/laravel/framework/src/Illuminate/Foundation/Http/Middleware/ConvertEmptyStringsToNull.php(31): Illuminate\\Foundation\\Http\\Middleware\\TransformsRequest->handle(Object(Illuminate\\Http\\Request), Object(Closure))
#54 /Users/yapi/Adi/appdev/simonas-app/vendor/laravel/framework/src/Illuminate/Pipeline/Pipeline.php(209): Illuminate\\Foundation\\Http\\Middleware\\ConvertEmptyStringsToNull->handle(Object(Illuminate\\Http\\Request), Object(Closure))
#55 /Users/yapi/Adi/appdev/simonas-app/vendor/laravel/framework/src/Illuminate/Foundation/Http/Middleware/TransformsRequest.php(21): Illuminate\\Pipeline\\Pipeline->{closure:{closure:Illuminate\\Pipeline\\Pipeline::carry():184}:185}(Object(Illuminate\\Http\\Request))
#56 /Users/yapi/Adi/appdev/simonas-app/vendor/laravel/framework/src/Illuminate/Foundation/Http/Middleware/TrimStrings.php(51): Illuminate\\Foundation\\Http\\Middleware\\TransformsRequest->handle(Object(Illuminate\\Http\\Request), Object(Closure))
#57 /Users/yapi/Adi/appdev/simonas-app/vendor/laravel/framework/src/Illuminate/Pipeline/Pipeline.php(209): Illuminate\\Foundation\\Http\\Middleware\\TrimStrings->handle(Object(Illuminate\\Http\\Request), Object(Closure))
#58 /Users/yapi/Adi/appdev/simonas-app/vendor/laravel/framework/src/Illuminate/Http/Middleware/ValidatePostSize.php(27): Illuminate\\Pipeline\\Pipeline->{closure:{closure:Illuminate\\Pipeline\\Pipeline::carry():184}:185}(Object(Illuminate\\Http\\Request))
#59 /Users/yapi/Adi/appdev/simonas-app/vendor/laravel/framework/src/Illuminate/Pipeline/Pipeline.php(209): Illuminate\\Http\\Middleware\\ValidatePostSize->handle(Object(Illuminate\\Http\\Request), Object(Closure))
#60 /Users/yapi/Adi/appdev/simonas-app/vendor/laravel/framework/src/Illuminate/Foundation/Http/Middleware/PreventRequestsDuringMaintenance.php(110): Illuminate\\Pipeline\\Pipeline->{closure:{closure:Illuminate\\Pipeline\\Pipeline::carry():184}:185}(Object(Illuminate\\Http\\Request))
#61 /Users/yapi/Adi/appdev/simonas-app/vendor/laravel/framework/src/Illuminate/Pipeline/Pipeline.php(209): Illuminate\\Foundation\\Http\\Middleware\\PreventRequestsDuringMaintenance->handle(Object(Illuminate\\Http\\Request), Object(Closure))
#62 /Users/yapi/Adi/appdev/simonas-app/vendor/laravel/framework/src/Illuminate/Http/Middleware/HandleCors.php(49): Illuminate\\Pipeline\\Pipeline->{closure:{closure:Illuminate\\Pipeline\\Pipeline::carry():184}:185}(Object(Illuminate\\Http\\Request))
#63 /Users/yapi/Adi/appdev/simonas-app/vendor/laravel/framework/src/Illuminate/Pipeline/Pipeline.php(209): Illuminate\\Http\\Middleware\\HandleCors->handle(Object(Illuminate\\Http\\Request), Object(Closure))
#64 /Users/yapi/Adi/appdev/simonas-app/vendor/laravel/framework/src/Illuminate/Http/Middleware/TrustProxies.php(58): Illuminate\\Pipeline\\Pipeline->{closure:{closure:Illuminate\\Pipeline\\Pipeline::carry():184}:185}(Object(Illuminate\\Http\\Request))
#65 /Users/yapi/Adi/appdev/simonas-app/vendor/laravel/framework/src/Illuminate/Pipeline/Pipeline.php(209): Illuminate\\Http\\Middleware\\TrustProxies->handle(Object(Illuminate\\Http\\Request), Object(Closure))
#66 /Users/yapi/Adi/appdev/simonas-app/vendor/laravel/framework/src/Illuminate/Pipeline/Pipeline.php(127): Illuminate\\Pipeline\\Pipeline->{closure:{closure:Illuminate\\Pipeline\\Pipeline::carry():184}:185}(Object(Illuminate\\Http\\Request))
#67 /Users/yapi/Adi/appdev/simonas-app/vendor/laravel/framework/src/Illuminate/Foundation/Http/Kernel.php(176): Illuminate\\Pipeline\\Pipeline->then(Object(Closure))
#68 /Users/yapi/Adi/appdev/simonas-app/vendor/laravel/framework/src/Illuminate/Foundation/Http/Kernel.php(145): Illuminate\\Foundation\\Http\\Kernel->sendRequestThroughRouter(Object(Illuminate\\Http\\Request))
#69 /Users/yapi/Adi/appdev/simonas-app/public/index.php(18): Illuminate\\Foundation\\Http\\Kernel->handle(Object(Illuminate\\Http\\Request))
#70 /Users/yapi/Adi/appdev/simonas-app/server.php(21): require_once('/Users/yapi/Adi...')
#71 {main}

[previous exception] [object] (PDOException(code: 42S22): SQLSTATE[42S22]: Column not found: 1054 Unknown column 'alumni_stories.id' in 'field list' at /Users/yapi/Adi/appdev/simonas-app/vendor/laravel/framework/src/Illuminate/Database/Connection.php:407)
[stacktrace]
#0 /Users/yapi/Adi/appdev/simonas-app/vendor/laravel/framework/src/Illuminate/Database/Connection.php(407): PDO->prepare('select `alumni_...')
#1 /Users/yapi/Adi/appdev/simonas-app/vendor/laravel/framework/src/Illuminate/Database/Connection.php(812): Illuminate\\Database\\Connection->{closure:Illuminate\\Database\\Connection::select():398}('select `alumni_...', Array)
#2 /Users/yapi/Adi/appdev/simonas-app/vendor/laravel/framework/src/Illuminate/Database/Connection.php(779): Illuminate\\Database\\Connection->runQueryCallback('select `alumni_...', Array, Object(Closure))
#3 /Users/yapi/Adi/appdev/simonas-app/vendor/laravel/framework/src/Illuminate/Database/Connection.php(398): Illuminate\\Database\\Connection->run('select `alumni_...', Array, Object(Closure))
#4 /Users/yapi/Adi/appdev/simonas-app/vendor/laravel/framework/src/Illuminate/Database/Query/Builder.php(3106): Illuminate\\Database\\Connection->select('select `alumni_...', Array, true)
#5 /Users/yapi/Adi/appdev/simonas-app/vendor/laravel/framework/src/Illuminate/Database/Query/Builder.php(3362): Illuminate\\Database\\Query\\Builder->runSelect()
#6 /Users/yapi/Adi/appdev/simonas-app/vendor/laravel/framework/src/Illuminate/Database/Query/Builder.php(3676): Illuminate\\Database\\Query\\Builder->{closure:Illuminate\\Database\\Query\\Builder::pluck():3360}()
#7 /Users/yapi/Adi/appdev/simonas-app/vendor/laravel/framework/src/Illuminate/Database/Query/Builder.php(3358): Illuminate\\Database\\Query\\Builder->onceWithColumns(Array, Object(Closure))
#8 /Users/yapi/Adi/appdev/simonas-app/vendor/laravel/framework/src/Illuminate/Database/Eloquent/Builder.php(991): Illuminate\\Database\\Query\\Builder->pluck('alumni_stories....', NULL)
#9 /Users/yapi/Adi/appdev/simonas-app/vendor/laravel/framework/src/Illuminate/Support/Traits/ForwardsCalls.php(23): Illuminate\\Database\\Eloquent\\Builder->pluck('alumni_stories....')
#10 /Users/yapi/Adi/appdev/simonas-app/vendor/laravel/framework/src/Illuminate/Support/Traits/ForwardsCalls.php(52): Illuminate\\Database\\Eloquent\\Relations\\Relation->forwardCallTo(Object(Illuminate\\Database\\Eloquent\\Builder), 'pluck', Array)
#11 /Users/yapi/Adi/appdev/simonas-app/vendor/laravel/framework/src/Illuminate/Database/Eloquent/Relations/Relation.php(538): Illuminate\\Database\\Eloquent\\Relations\\Relation->forwardDecoratedCallTo(Object(Illuminate\\Database\\Eloquent\\Builder), 'pluck', Array)
#12 /Users/yapi/Adi/appdev/simonas-app/app/Http/Controllers/Web/Alumni/AlumniHubController.php(31): Illuminate\\Database\\Eloquent\\Relations\\Relation->__call('pluck', Array)
#13 [internal function]: App\\Http\\Controllers\\Web\\Alumni\\AlumniHubController->{closure:App\\Http\\Controllers\\Web\\Alumni\\AlumniHubController::hub():28}(Object(Illuminate\\Database\\Eloquent\\Collection), 4)
#14 /Users/yapi/Adi/appdev/simonas-app/vendor/laravel/framework/src/Illuminate/Collections/Arr.php(609): array_map(Object(Closure), Array, Array)
#15 /Users/yapi/Adi/appdev/simonas-app/vendor/laravel/framework/src/Illuminate/Collections/Collection.php(799): Illuminate\\Support\\Arr::map(Array, Object(Closure))
#16 /Users/yapi/Adi/appdev/simonas-app/vendor/laravel/framework/src/Illuminate/Database/Eloquent/Collection.php(388): Illuminate\\Support\\Collection->map(Object(Closure))
#17 /Users/yapi/Adi/appdev/simonas-app/app/Http/Controllers/Web/Alumni/AlumniHubController.php(28): Illuminate\\Database\\Eloquent\\Collection->map(Object(Closure))
#18 /Users/yapi/Adi/appdev/simonas-app/vendor/laravel/framework/src/Illuminate/Routing/Controller.php(54): App\\Http\\Controllers\\Web\\Alumni\\AlumniHubController->hub(Object(Illuminate\\Http\\Request))
#19 /Users/yapi/Adi/appdev/simonas-app/vendor/laravel/framework/src/Illuminate/Routing/ControllerDispatcher.php(44): Illuminate\\Routing\\Controller->callAction('hub', Array)
#20 /Users/yapi/Adi/appdev/simonas-app/vendor/laravel/framework/src/Illuminate/Routing/Route.php(266): Illuminate\\Routing\\ControllerDispatcher->dispatch(Object(Illuminate\\Routing\\Route), Object(App\\Http\\Controllers\\Web\\Alumni\\AlumniHubController), 'hub')
#21 /Users/yapi/Adi/appdev/simonas-app/vendor/laravel/framework/src/Illuminate/Routing/Route.php(212): Illuminate\\Routing\\Route->runController()
#22 /Users/yapi/Adi/appdev/simonas-app/vendor/laravel/framework/src/Illuminate/Routing/Router.php(808): Illuminate\\Routing\\Route->run()
#23 /Users/yapi/Adi/appdev/simonas-app/vendor/laravel/framework/src/Illuminate/Pipeline/Pipeline.php(170): Illuminate\\Routing\\Router->{closure:Illuminate\\Routing\\Router::runRouteWithinStack():807}(Object(Illuminate\\Http\\Request))
#24 /Users/yapi/Adi/appdev/simonas-app/vendor/laravel/framework/src/Illuminate/Auth/Middleware/Authorize.php(60): Illuminate\\Pipeline\\Pipeline->{closure:Illuminate\\Pipeline\\Pipeline::prepareDestination():168}(Object(Illuminate\\Http\\Request))
#25 /Users/yapi/Adi/appdev/simonas-app/vendor/laravel/framework/src/Illuminate/Pipeline/Pipeline.php(209): Illuminate\\Auth\\Middleware\\Authorize->handle(Object(Illuminate\\Http\\Request), Object(Closure), 'access-alumni')
#26 /Users/yapi/Adi/appdev/simonas-app/vendor/inertiajs/inertia-laravel/src/Middleware.php(138): Illuminate\\Pipeline\\Pipeline->{closure:{closure:Illuminate\\Pipeline\\Pipeline::carry():184}:185}(Object(Illuminate\\Http\\Request))
#27 /Users/yapi/Adi/appdev/simonas-app/vendor/laravel/framework/src/Illuminate/Pipeline/Pipeline.php(209): Inertia\\Middleware->handle(Object(Illuminate\\Http\\Request), Object(Closure))
#28 /Users/yapi/Adi/appdev/simonas-app/vendor/laravel/framework/src/Illuminate/Routing/Middleware/SubstituteBindings.php(51): Illuminate\\Pipeline\\Pipeline->{closure:{closure:Illuminate\\Pipeline\\Pipeline::carry():184}:185}(Object(Illuminate\\Http\\Request))
#29 /Users/yapi/Adi/appdev/simonas-app/vendor/laravel/framework/src/Illuminate/Pipeline/Pipeline.php(209): Illuminate\\Routing\\Middleware\\SubstituteBindings->handle(Object(Illuminate\\Http\\Request), Object(Closure))
#30 /Users/yapi/Adi/appdev/simonas-app/vendor/laravel/framework/src/Illuminate/Auth/Middleware/Authenticate.php(64): Illuminate\\Pipeline\\Pipeline->{closure:{closure:Illuminate\\Pipeline\\Pipeline::carry():184}:185}(Object(Illuminate\\Http\\Request))
#31 /Users/yapi/Adi/appdev/simonas-app/vendor/laravel/framework/src/Illuminate/Pipeline/Pipeline.php(209): Illuminate\\Auth\\Middleware\\Authenticate->handle(Object(Illuminate\\Http\\Request), Object(Closure))
#32 /Users/yapi/Adi/appdev/simonas-app/vendor/laravel/framework/src/Illuminate/Foundation/Http/Middleware/VerifyCsrfToken.php(88): Illuminate\\Pipeline\\Pipeline->{closure:{closure:Illuminate\\Pipeline\\Pipeline::carry():184}:185}(Object(Illuminate\\Http\\Request))
#33 /Users/yapi/Adi/appdev/simonas-app/vendor/laravel/framework/src/Illuminate/Pipeline/Pipeline.php(209): Illuminate\\Foundation\\Http\\Middleware\\VerifyCsrfToken->handle(Object(Illuminate\\Http\\Request), Object(Closure))
#34 /Users/yapi/Adi/appdev/simonas-app/vendor/laravel/framework/src/Illuminate/View/Middleware/ShareErrorsFromSession.php(49): Illuminate\\Pipeline\\Pipeline->{closure:{closure:Illuminate\\Pipeline\\Pipeline::carry():184}:185}(Object(Illuminate\\Http\\Request))
#35 /Users/yapi/Adi/appdev/simonas-app/vendor/laravel/framework/src/Illuminate/Pipeline/Pipeline.php(209): Illuminate\\View\\Middleware\\ShareErrorsFromSession->handle(Object(Illuminate\\Http\\Request), Object(Closure))
#36 /Users/yapi/Adi/appdev/simonas-app/vendor/laravel/framework/src/Illuminate/Session/Middleware/StartSession.php(121): Illuminate\\Pipeline\\Pipeline->{closure:{closure:Illuminate\\Pipeline\\Pipeline::carry():184}:185}(Object(Illuminate\\Http\\Request))
#37 /Users/yapi/Adi/appdev/simonas-app/vendor/laravel/framework/src/Illuminate/Session/Middleware/StartSession.php(64): Illuminate\\Session\\Middleware\\StartSession->handleStatefulRequest(Object(Illuminate\\Http\\Request), Object(Illuminate\\Session\\Store), Object(Closure))
#38 /Users/yapi/Adi/appdev/simonas-app/vendor/laravel/framework/src/Illuminate/Pipeline/Pipeline.php(209): Illuminate\\Session\\Middleware\\StartSession->handle(Object(Illuminate\\Http\\Request), Object(Closure))
#39 /Users/yapi/Adi/appdev/simonas-app/vendor/laravel/framework/src/Illuminate/Cookie/Middleware/AddQueuedCookiesToResponse.php(37): Illuminate\\Pipeline\\Pipeline->{closure:{closure:Illuminate\\Pipeline\\Pipeline::carry():184}:185}(Object(Illuminate\\Http\\Request))
#40 /Users/yapi/Adi/appdev/simonas-app/vendor/laravel/framework/src/Illuminate/Pipeline/Pipeline.php(209): Illuminate\\Cookie\\Middleware\\AddQueuedCookiesToResponse->handle(Object(Illuminate\\Http\\Request), Object(Closure))
#41 /Users/yapi/Adi/appdev/simonas-app/vendor/laravel/framework/src/Illuminate/Cookie/Middleware/EncryptCookies.php(75): Illuminate\\Pipeline\\Pipeline->{closure:{closure:Illuminate\\Pipeline\\Pipeline::carry():184}:185}(Object(Illuminate\\Http\\Request))
#42 /Users/yapi/Adi/appdev/simonas-app/vendor/laravel/framework/src/Illuminate/Pipeline/Pipeline.php(209): Illuminate\\Cookie\\Middleware\\EncryptCookies->handle(Object(Illuminate\\Http\\Request), Object(Closure))
#43 /Users/yapi/Adi/appdev/simonas-app/vendor/laravel/framework/src/Illuminate/Pipeline/Pipeline.php(127): Illuminate\\Pipeline\\Pipeline->{closure:{closure:Illuminate\\Pipeline\\Pipeline::carry():184}:185}(Object(Illuminate\\Http\\Request))
#44 /Users/yapi/Adi/appdev/simonas-app/vendor/laravel/framework/src/Illuminate/Routing/Router.php(807): Illuminate\\Pipeline\\Pipeline->then(Object(Closure))
#45 /Users/yapi/Adi/appdev/simonas-app/vendor/laravel/framework/src/Illuminate/Routing/Router.php(786): Illuminate\\Routing\\Router->runRouteWithinStack(Object(Illuminate\\Routing\\Route), Object(Illuminate\\Http\\Request))
#46 /Users/yapi/Adi/appdev/simonas-app/vendor/laravel/framework/src/Illuminate/Routing/Router.php(750): Illuminate\\Routing\\Router->runRoute(Object(Illuminate\\Http\\Request), Object(Illuminate\\Routing\\Route))
#47 /Users/yapi/Adi/appdev/simonas-app/vendor/laravel/framework/src/Illuminate/Routing/Router.php(739): Illuminate\\Routing\\Router->dispatchToRoute(Object(Illuminate\\Http\\Request))
#48 /Users/yapi/Adi/appdev/simonas-app/vendor/laravel/framework/src/Illuminate/Foundation/Http/Kernel.php(201): Illuminate\\Routing\\Router->dispatch(Object(Illuminate\\Http\\Request))
#49 /Users/yapi/Adi/appdev/simonas-app/vendor/laravel/framework/src/Illuminate/Pipeline/Pipeline.php(170): Illuminate\\Foundation\\Http\\Kernel->{closure:Illuminate\\Foundation\\Http\\Kernel::dispatchToRouter():198}(Object(Illuminate\\Http\\Request))
#50 /Users/yapi/Adi/appdev/simonas-app/vendor/inertiajs/inertia-laravel/src/Middleware/EnsureGetOnRedirect.php(19): Illuminate\\Pipeline\\Pipeline->{closure:Illuminate\\Pipeline\\Pipeline::prepareDestination():168}(Object(Illuminate\\Http\\Request))
#51 /Users/yapi/Adi/appdev/simonas-app/vendor/laravel/framework/src/Illuminate/Pipeline/Pipeline.php(209): Inertia\\Middleware\\EnsureGetOnRedirect->handle(Object(Illuminate\\Http\\Request), Object(Closure))
#52 /Users/yapi/Adi/appdev/simonas-app/app/Http/Middleware/CacheStaticAssets.php(17): Illuminate\\Pipeline\\Pipeline->{closure:{closure:Illuminate\\Pipeline\\Pipeline::carry():184}:185}(Object(Illuminate\\Http\\Request))
#53 /Users/yapi/Adi/appdev/simonas-app/vendor/laravel/framework/src/Illuminate/Pipeline/Pipeline.php(209): App\\Http\\Middleware\\CacheStaticAssets->handle(Object(Illuminate\\Http\\Request), Object(Closure))
#54 /Users/yapi/Adi/appdev/simonas-app/vendor/laravel/framework/src/Illuminate/Foundation/Http/Middleware/TransformsRequest.php(21): Illuminate\\Pipeline\\Pipeline->{closure:{closure:Illuminate\\Pipeline\\Pipeline::carry():184}:185}(Object(Illuminate\\Http\\Request))
#55 /Users/yapi/Adi/appdev/simonas-app/vendor/laravel/framework/src/Illuminate/Foundation/Http/Middleware/ConvertEmptyStringsToNull.php(31): Illuminate\\Foundation\\Http\\Middleware\\TransformsRequest->handle(Object(Illuminate\\Http\\Request), Object(Closure))
#56 /Users/yapi/Adi/appdev/simonas-app/vendor/laravel/framework/src/Illuminate/Pipeline/Pipeline.php(209): Illuminate\\Foundation\\Http\\Middleware\\ConvertEmptyStringsToNull->handle(Object(Illuminate\\Http\\Request), Object(Closure))
#57 /Users/yapi/Adi/appdev/simonas-app/vendor/laravel/framework/src/Illuminate/Foundation/Http/Middleware/TransformsRequest.php(21): Illuminate\\Pipeline\\Pipeline->{closure:{closure:Illuminate\\Pipeline\\Pipeline::carry():184}:185}(Object(Illuminate\\Http\\Request))
#58 /Users/yapi/Adi/appdev/simonas-app/vendor/laravel/framework/src/Illuminate/Foundation/Http/Middleware/TrimStrings.php(51): Illuminate\\Foundation\\Http\\Middleware\\TransformsRequest->handle(Object(Illuminate\\Http\\Request), Object(Closure))
#59 /Users/yapi/Adi/appdev/simonas-app/vendor/laravel/framework/src/Illuminate/Pipeline/Pipeline.php(209): Illuminate\\Foundation\\Http\\Middleware\\TrimStrings->handle(Object(Illuminate\\Http\\Request), Object(Closure))
#60 /Users/yapi/Adi/appdev/simonas-app/vendor/laravel/framework/src/Illuminate/Http/Middleware/ValidatePostSize.php(27): Illuminate\\Pipeline\\Pipeline->{closure:{closure:Illuminate\\Pipeline\\Pipeline::carry():184}:185}(Object(Illuminate\\Http\\Request))
#61 /Users/yapi/Adi/appdev/simonas-app/vendor/laravel/framework/src/Illuminate/Pipeline/Pipeline.php(209): Illuminate\\Http\\Middleware\\ValidatePostSize->handle(Object(Illuminate\\Http\\Request), Object(Closure))
#62 /Users/yapi/Adi/appdev/simonas-app/vendor/laravel/framework/src/Illuminate/Foundation/Http/Middleware/PreventRequestsDuringMaintenance.php(110): Illuminate\\Pipeline\\Pipeline->{closure:{closure:Illuminate\\Pipeline\\Pipeline::carry():184}:185}(Object(Illuminate\\Http\\Request))
#63 /Users/yapi/Adi/appdev/simonas-app/vendor/laravel/framework/src/Illuminate/Pipeline/Pipeline.php(209): Illuminate\\Foundation\\Http\\Middleware\\PreventRequestsDuringMaintenance->handle(Object(Illuminate\\Http\\Request), Object(Closure))
#64 /Users/yapi/Adi/appdev/simonas-app/vendor/laravel/framework/src/Illuminate/Http/Middleware/HandleCors.php(49): Illuminate\\Pipeline\\Pipeline->{closure:{closure:Illuminate\\Pipeline\\Pipeline::carry():184}:185}(Object(Illuminate\\Http\\Request))
#65 /Users/yapi/Adi/appdev/simonas-app/vendor/laravel/framework/src/Illuminate/Pipeline/Pipeline.php(209): Illuminate\\Http\\Middleware\\HandleCors->handle(Object(Illuminate\\Http\\Request), Object(Closure))
#66 /Users/yapi/Adi/appdev/simonas-app/vendor/laravel/framework/src/Illuminate/Http/Middleware/TrustProxies.php(58): Illuminate\\Pipeline\\Pipeline->{closure:{closure:Illuminate\\Pipeline\\Pipeline::carry():184}:185}(Object(Illuminate\\Http\\Request))
#67 /Users/yapi/Adi/appdev/simonas-app/vendor/laravel/framework/src/Illuminate/Pipeline/Pipeline.php(209): Illuminate\\Http\\Middleware\\TrustProxies->handle(Object(Illuminate\\Http\\Request), Object(Closure))
#68 /Users/yapi/Adi/appdev/simonas-app/vendor/laravel/framework/src/Illuminate/Pipeline/Pipeline.php(127): Illuminate\\Pipeline\\Pipeline->{closure:{closure:Illuminate\\Pipeline\\Pipeline::carry():184}:185}(Object(Illuminate\\Http\\Request))
#69 /Users/yapi/Adi/appdev/simonas-app/vendor/laravel/framework/src/Illuminate/Foundation/Http/Kernel.php(176): Illuminate\\Pipeline\\Pipeline->then(Object(Closure))
#70 /Users/yapi/Adi/appdev/simonas-app/vendor/laravel/framework/src/Illuminate/Foundation/Http/Kernel.php(145): Illuminate\\Foundation\\Http\\Kernel->sendRequestThroughRouter(Object(Illuminate\\Http\\Request))
#71 /Users/yapi/Adi/appdev/simonas-app/public/index.php(18): Illuminate\\Foundation\\Http\\Kernel->handle(Object(Illuminate\\Http\\Request))
#72 /Users/yapi/Adi/appdev/simonas-app/server.php(21): require_once('/Users/yapi/Adi...')
#73 {main}
"} 
[2026-05-01 15:42:14] local.ERROR: SQLSTATE[42S22]: Column not found: 1054 Unknown column 'alumni_stories.id' in 'field list' (Connection: mysql, SQL: select `alumni_stories`.`id` from `users` inner join `alumni_story_views` on `users`.`id` = `alumni_story_views`.`user_id` where `alumni_story_views`.`story_id` = 1 and `user_id` = 4) {"userId":4,"exception":"[object] (Illuminate\\Database\\QueryException(code: 42S22): SQLSTATE[42S22]: Column not found: 1054 Unknown column 'alumni_stories.id' in 'field list' (Connection: mysql, SQL: select `alumni_stories`.`id` from `users` inner join `alumni_story_views` on `users`.`id` = `alumni_story_views`.`user_id` where `alumni_story_views`.`story_id` = 1 and `user_id` = 4) at /Users/yapi/Adi/appdev/simonas-app/vendor/laravel/framework/src/Illuminate/Database/Connection.php:825)
[stacktrace]
#0 /Users/yapi/Adi/appdev/simonas-app/vendor/laravel/framework/src/Illuminate/Database/Connection.php(779): Illuminate\\Database\\Connection->runQueryCallback('select `alumni_...', Array, Object(Closure))
#1 /Users/yapi/Adi/appdev/simonas-app/vendor/laravel/framework/src/Illuminate/Database/Connection.php(398): Illuminate\\Database\\Connection->run('select `alumni_...', Array, Object(Closure))
#2 /Users/yapi/Adi/appdev/simonas-app/vendor/laravel/framework/src/Illuminate/Database/Query/Builder.php(3106): Illuminate\\Database\\Connection->select('select `alumni_...', Array, true)
#3 /Users/yapi/Adi/appdev/simonas-app/vendor/laravel/framework/src/Illuminate/Database/Query/Builder.php(3362): Illuminate\\Database\\Query\\Builder->runSelect()
#4 /Users/yapi/Adi/appdev/simonas-app/vendor/laravel/framework/src/Illuminate/Database/Query/Builder.php(3676): Illuminate\\Database\\Query\\Builder->{closure:Illuminate\\Database\\Query\\Builder::pluck():3360}()
#5 /Users/yapi/Adi/appdev/simonas-app/vendor/laravel/framework/src/Illuminate/Database/Query/Builder.php(3358): Illuminate\\Database\\Query\\Builder->onceWithColumns(Array, Object(Closure))
#6 /Users/yapi/Adi/appdev/simonas-app/vendor/laravel/framework/src/Illuminate/Database/Eloquent/Builder.php(991): Illuminate\\Database\\Query\\Builder->pluck('alumni_stories....', NULL)
#7 /Users/yapi/Adi/appdev/simonas-app/vendor/laravel/framework/src/Illuminate/Support/Traits/ForwardsCalls.php(23): Illuminate\\Database\\Eloquent\\Builder->pluck('alumni_stories....')
#8 /Users/yapi/Adi/appdev/simonas-app/vendor/laravel/framework/src/Illuminate/Support/Traits/ForwardsCalls.php(52): Illuminate\\Database\\Eloquent\\Relations\\Relation->forwardCallTo(Object(Illuminate\\Database\\Eloquent\\Builder), 'pluck', Array)
#9 /Users/yapi/Adi/appdev/simonas-app/vendor/laravel/framework/src/Illuminate/Database/Eloquent/Relations/Relation.php(538): Illuminate\\Database\\Eloquent\\Relations\\Relation->forwardDecoratedCallTo(Object(Illuminate\\Database\\Eloquent\\Builder), 'pluck', Array)
#10 /Users/yapi/Adi/appdev/simonas-app/app/Http/Controllers/Web/Alumni/AlumniHubController.php(31): Illuminate\\Database\\Eloquent\\Relations\\Relation->__call('pluck', Array)
#11 [internal function]: App\\Http\\Controllers\\Web\\Alumni\\AlumniHubController->{closure:App\\Http\\Controllers\\Web\\Alumni\\AlumniHubController::hub():28}(Object(Illuminate\\Database\\Eloquent\\Collection), 4)
#12 /Users/yapi/Adi/appdev/simonas-app/vendor/laravel/framework/src/Illuminate/Collections/Arr.php(609): array_map(Object(Closure), Array, Array)
#13 /Users/yapi/Adi/appdev/simonas-app/vendor/laravel/framework/src/Illuminate/Collections/Collection.php(799): Illuminate\\Support\\Arr::map(Array, Object(Closure))
#14 /Users/yapi/Adi/appdev/simonas-app/vendor/laravel/framework/src/Illuminate/Database/Eloquent/Collection.php(388): Illuminate\\Support\\Collection->map(Object(Closure))
#15 /Users/yapi/Adi/appdev/simonas-app/app/Http/Controllers/Web/Alumni/AlumniHubController.php(28): Illuminate\\Database\\Eloquent\\Collection->map(Object(Closure))
#16 /Users/yapi/Adi/appdev/simonas-app/vendor/laravel/framework/src/Illuminate/Routing/Controller.php(54): App\\Http\\Controllers\\Web\\Alumni\\AlumniHubController->hub(Object(Illuminate\\Http\\Request))
#17 /Users/yapi/Adi/appdev/simonas-app/vendor/laravel/framework/src/Illuminate/Routing/ControllerDispatcher.php(44): Illuminate\\Routing\\Controller->callAction('hub', Array)
#18 /Users/yapi/Adi/appdev/simonas-app/vendor/laravel/framework/src/Illuminate/Routing/Route.php(266): Illuminate\\Routing\\ControllerDispatcher->dispatch(Object(Illuminate\\Routing\\Route), Object(App\\Http\\Controllers\\Web\\Alumni\\AlumniHubController), 'hub')
#19 /Users/yapi/Adi/appdev/simonas-app/vendor/laravel/framework/src/Illuminate/Routing/Route.php(212): Illuminate\\Routing\\Route->runController()
#20 /Users/yapi/Adi/appdev/simonas-app/vendor/laravel/framework/src/Illuminate/Routing/Router.php(808): Illuminate\\Routing\\Route->run()
#21 /Users/yapi/Adi/appdev/simonas-app/vendor/laravel/framework/src/Illuminate/Pipeline/Pipeline.php(170): Illuminate\\Routing\\Router->{closure:Illuminate\\Routing\\Router::runRouteWithinStack():807}(Object(Illuminate\\Http\\Request))
#22 /Users/yapi/Adi/appdev/simonas-app/vendor/laravel/framework/src/Illuminate/Auth/Middleware/Authorize.php(60): Illuminate\\Pipeline\\Pipeline->{closure:Illuminate\\Pipeline\\Pipeline::prepareDestination():168}(Object(Illuminate\\Http\\Request))
#23 /Users/yapi/Adi/appdev/simonas-app/vendor/laravel/framework/src/Illuminate/Pipeline/Pipeline.php(209): Illuminate\\Auth\\Middleware\\Authorize->handle(Object(Illuminate\\Http\\Request), Object(Closure), 'access-alumni')
#24 /Users/yapi/Adi/appdev/simonas-app/vendor/inertiajs/inertia-laravel/src/Middleware.php(138): Illuminate\\Pipeline\\Pipeline->{closure:{closure:Illuminate\\Pipeline\\Pipeline::carry():184}:185}(Object(Illuminate\\Http\\Request))
#25 /Users/yapi/Adi/appdev/simonas-app/vendor/laravel/framework/src/Illuminate/Pipeline/Pipeline.php(209): Inertia\\Middleware->handle(Object(Illuminate\\Http\\Request), Object(Closure))
#26 /Users/yapi/Adi/appdev/simonas-app/vendor/laravel/framework/src/Illuminate/Routing/Middleware/SubstituteBindings.php(51): Illuminate\\Pipeline\\Pipeline->{closure:{closure:Illuminate\\Pipeline\\Pipeline::carry():184}:185}(Object(Illuminate\\Http\\Request))
#27 /Users/yapi/Adi/appdev/simonas-app/vendor/laravel/framework/src/Illuminate/Pipeline/Pipeline.php(209): Illuminate\\Routing\\Middleware\\SubstituteBindings->handle(Object(Illuminate\\Http\\Request), Object(Closure))
#28 /Users/yapi/Adi/appdev/simonas-app/vendor/laravel/framework/src/Illuminate/Auth/Middleware/Authenticate.php(64): Illuminate\\Pipeline\\Pipeline->{closure:{closure:Illuminate\\Pipeline\\Pipeline::carry():184}:185}(Object(Illuminate\\Http\\Request))
#29 /Users/yapi/Adi/appdev/simonas-app/vendor/laravel/framework/src/Illuminate/Pipeline/Pipeline.php(209): Illuminate\\Auth\\Middleware\\Authenticate->handle(Object(Illuminate\\Http\\Request), Object(Closure))
#30 /Users/yapi/Adi/appdev/simonas-app/vendor/laravel/framework/src/Illuminate/Foundation/Http/Middleware/VerifyCsrfToken.php(88): Illuminate\\Pipeline\\Pipeline->{closure:{closure:Illuminate\\Pipeline\\Pipeline::carry():184}:185}(Object(Illuminate\\Http\\Request))
#31 /Users/yapi/Adi/appdev/simonas-app/vendor/laravel/framework/src/Illuminate/Pipeline/Pipeline.php(209): Illuminate\\Foundation\\Http\\Middleware\\VerifyCsrfToken->handle(Object(Illuminate\\Http\\Request), Object(Closure))
#32 /Users/yapi/Adi/appdev/simonas-app/vendor/laravel/framework/src/Illuminate/View/Middleware/ShareErrorsFromSession.php(49): Illuminate\\Pipeline\\Pipeline->{closure:{closure:Illuminate\\Pipeline\\Pipeline::carry():184}:185}(Object(Illuminate\\Http\\Request))
#33 /Users/yapi/Adi/appdev/simonas-app/vendor/laravel/framework/src/Illuminate/Pipeline/Pipeline.php(209): Illuminate\\View\\Middleware\\ShareErrorsFromSession->handle(Object(Illuminate\\Http\\Request), Object(Closure))
#34 /Users/yapi/Adi/appdev/simonas-app/vendor/laravel/framework/src/Illuminate/Session/Middleware/StartSession.php(121): Illuminate\\Pipeline\\Pipeline->{closure:{closure:Illuminate\\Pipeline\\Pipeline::carry():184}:185}(Object(Illuminate\\Http\\Request))
#35 /Users/yapi/Adi/appdev/simonas-app/vendor/laravel/framework/src/Illuminate/Session/Middleware/StartSession.php(64): Illuminate\\Session\\Middleware\\StartSession->handleStatefulRequest(Object(Illuminate\\Http\\Request), Object(Illuminate\\Session\\Store), Object(Closure))
#36 /Users/yapi/Adi/appdev/simonas-app/vendor/laravel/framework/src/Illuminate/Pipeline/Pipeline.php(209): Illuminate\\Session\\Middleware\\StartSession->handle(Object(Illuminate\\Http\\Request), Object(Closure))
#37 /Users/yapi/Adi/appdev/simonas-app/vendor/laravel/framework/src/Illuminate/Cookie/Middleware/AddQueuedCookiesToResponse.php(37): Illuminate\\Pipeline\\Pipeline->{closure:{closure:Illuminate\\Pipeline\\Pipeline::carry():184}:185}(Object(Illuminate\\Http\\Request))
#38 /Users/yapi/Adi/appdev/simonas-app/vendor/laravel/framework/src/Illuminate/Pipeline/Pipeline.php(209): Illuminate\\Cookie\\Middleware\\AddQueuedCookiesToResponse->handle(Object(Illuminate\\Http\\Request), Object(Closure))
#39 /Users/yapi/Adi/appdev/simonas-app/vendor/laravel/framework/src/Illuminate/Cookie/Middleware/EncryptCookies.php(75): Illuminate\\Pipeline\\Pipeline->{closure:{closure:Illuminate\\Pipeline\\Pipeline::carry():184}:185}(Object(Illuminate\\Http\\Request))
#40 /Users/yapi/Adi/appdev/simonas-app/vendor/laravel/framework/src/Illuminate/Pipeline/Pipeline.php(209): Illuminate\\Cookie\\Middleware\\EncryptCookies->handle(Object(Illuminate\\Http\\Request), Object(Closure))
#41 /Users/yapi/Adi/appdev/simonas-app/vendor/laravel/framework/src/Illuminate/Pipeline/Pipeline.php(127): Illuminate\\Pipeline\\Pipeline->{closure:{closure:Illuminate\\Pipeline\\Pipeline::carry():184}:185}(Object(Illuminate\\Http\\Request))
#42 /Users/yapi/Adi/appdev/simonas-app/vendor/laravel/framework/src/Illuminate/Routing/Router.php(807): Illuminate\\Pipeline\\Pipeline->then(Object(Closure))
#43 /Users/yapi/Adi/appdev/simonas-app/vendor/laravel/framework/src/Illuminate/Routing/Router.php(786): Illuminate\\Routing\\Router->runRouteWithinStack(Object(Illuminate\\Routing\\Route), Object(Illuminate\\Http\\Request))
#44 /Users/yapi/Adi/appdev/simonas-app/vendor/laravel/framework/src/Illuminate/Routing/Router.php(750): Illuminate\\Routing\\Router->runRoute(Object(Illuminate\\Http\\Request), Object(Illuminate\\Routing\\Route))
#45 /Users/yapi/Adi/appdev/simonas-app/vendor/laravel/framework/src/Illuminate/Routing/Router.php(739): Illuminate\\Routing\\Router->dispatchToRoute(Object(Illuminate\\Http\\Request))
#46 /Users/yapi/Adi/appdev/simonas-app/vendor/laravel/framework/src/Illuminate/Foundation/Http/Kernel.php(201): Illuminate\\Routing\\Router->dispatch(Object(Illuminate\\Http\\Request))
#47 /Users/yapi/Adi/appdev/simonas-app/vendor/laravel/framework/src/Illuminate/Pipeline/Pipeline.php(170): Illuminate\\Foundation\\Http\\Kernel->{closure:Illuminate\\Foundation\\Http\\Kernel::dispatchToRouter():198}(Object(Illuminate\\Http\\Request))
#48 /Users/yapi/Adi/appdev/simonas-app/vendor/inertiajs/inertia-laravel/src/Middleware/EnsureGetOnRedirect.php(19): Illuminate\\Pipeline\\Pipeline->{closure:Illuminate\\Pipeline\\Pipeline::prepareDestination():168}(Object(Illuminate\\Http\\Request))
#49 /Users/yapi/Adi/appdev/simonas-app/vendor/laravel/framework/src/Illuminate/Pipeline/Pipeline.php(209): Inertia\\Middleware\\EnsureGetOnRedirect->handle(Object(Illuminate\\Http\\Request), Object(Closure))
#50 /Users/yapi/Adi/appdev/simonas-app/app/Http/Middleware/CacheStaticAssets.php(17): Illuminate\\Pipeline\\Pipeline->{closure:{closure:Illuminate\\Pipeline\\Pipeline::carry():184}:185}(Object(Illuminate\\Http\\Request))
#51 /Users/yapi/Adi/appdev/simonas-app/vendor/laravel/framework/src/Illuminate/Pipeline/Pipeline.php(209): App\\Http\\Middleware\\CacheStaticAssets->handle(Object(Illuminate\\Http\\Request), Object(Closure))
#52 /Users/yapi/Adi/appdev/simonas-app/vendor/laravel/framework/src/Illuminate/Foundation/Http/Middleware/TransformsRequest.php(21): Illuminate\\Pipeline\\Pipeline->{closure:{closure:Illuminate\\Pipeline\\Pipeline::carry():184}:185}(Object(Illuminate\\Http\\Request))
#53 /Users/yapi/Adi/appdev/simonas-app/vendor/laravel/framework/src/Illuminate/Foundation/Http/Middleware/ConvertEmptyStringsToNull.php(31): Illuminate\\Foundation\\Http\\Middleware\\TransformsRequest->handle(Object(Illuminate\\Http\\Request), Object(Closure))
#54 /Users/yapi/Adi/appdev/simonas-app/vendor/laravel/framework/src/Illuminate/Pipeline/Pipeline.php(209): Illuminate\\Foundation\\Http\\Middleware\\ConvertEmptyStringsToNull->handle(Object(Illuminate\\Http\\Request), Object(Closure))
#55 /Users/yapi/Adi/appdev/simonas-app/vendor/laravel/framework/src/Illuminate/Foundation/Http/Middleware/TransformsRequest.php(21): Illuminate\\Pipeline\\Pipeline->{closure:{closure:Illuminate\\Pipeline\\Pipeline::carry():184}:185}(Object(Illuminate\\Http\\Request))
#56 /Users/yapi/Adi/appdev/simonas-app/vendor/laravel/framework/src/Illuminate/Foundation/Http/Middleware/TrimStrings.php(51): Illuminate\\Foundation\\Http\\Middleware\\TransformsRequest->handle(Object(Illuminate\\Http\\Request), Object(Closure))
#57 /Users/yapi/Adi/appdev/simonas-app/vendor/laravel/framework/src/Illuminate/Pipeline/Pipeline.php(209): Illuminate\\Foundation\\Http\\Middleware\\TrimStrings->handle(Object(Illuminate\\Http\\Request), Object(Closure))
#58 /Users/yapi/Adi/appdev/simonas-app/vendor/laravel/framework/src/Illuminate/Http/Middleware/ValidatePostSize.php(27): Illuminate\\Pipeline\\Pipeline->{closure:{closure:Illuminate\\Pipeline\\Pipeline::carry():184}:185}(Object(Illuminate\\Http\\Request))
#59 /Users/yapi/Adi/appdev/simonas-app/vendor/laravel/framework/src/Illuminate/Pipeline/Pipeline.php(209): Illuminate\\Http\\Middleware\\ValidatePostSize->handle(Object(Illuminate\\Http\\Request), Object(Closure))
#60 /Users/yapi/Adi/appdev/simonas-app/vendor/laravel/framework/src/Illuminate/Foundation/Http/Middleware/PreventRequestsDuringMaintenance.php(110): Illuminate\\Pipeline\\Pipeline->{closure:{closure:Illuminate\\Pipeline\\Pipeline::carry():184}:185}(Object(Illuminate\\Http\\Request))
#61 /Users/yapi/Adi/appdev/simonas-app/vendor/laravel/framework/src/Illuminate/Pipeline/Pipeline.php(209): Illuminate\\Foundation\\Http\\Middleware\\PreventRequestsDuringMaintenance->handle(Object(Illuminate\\Http\\Request), Object(Closure))
#62 /Users/yapi/Adi/appdev/simonas-app/vendor/laravel/framework/src/Illuminate/Http/Middleware/HandleCors.php(49): Illuminate\\Pipeline\\Pipeline->{closure:{closure:Illuminate\\Pipeline\\Pipeline::carry():184}:185}(Object(Illuminate\\Http\\Request))
#63 /Users/yapi/Adi/appdev/simonas-app/vendor/laravel/framework/src/Illuminate/Pipeline/Pipeline.php(209): Illuminate\\Http\\Middleware\\HandleCors->handle(Object(Illuminate\\Http\\Request), Object(Closure))
#64 /Users/yapi/Adi/appdev/simonas-app/vendor/laravel/framework/src/Illuminate/Http/Middleware/TrustProxies.php(58): Illuminate\\Pipeline\\Pipeline->{closure:{closure:Illuminate\\Pipeline\\Pipeline::carry():184}:185}(Object(Illuminate\\Http\\Request))
#65 /Users/yapi/Adi/appdev/simonas-app/vendor/laravel/framework/src/Illuminate/Pipeline/Pipeline.php(209): Illuminate\\Http\\Middleware\\TrustProxies->handle(Object(Illuminate\\Http\\Request), Object(Closure))
#66 /Users/yapi/Adi/appdev/simonas-app/vendor/laravel/framework/src/Illuminate/Pipeline/Pipeline.php(127): Illuminate\\Pipeline\\Pipeline->{closure:{closure:Illuminate\\Pipeline\\Pipeline::carry():184}:185}(Object(Illuminate\\Http\\Request))
#67 /Users/yapi/Adi/appdev/simonas-app/vendor/laravel/framework/src/Illuminate/Foundation/Http/Kernel.php(176): Illuminate\\Pipeline\\Pipeline->then(Object(Closure))
#68 /Users/yapi/Adi/appdev/simonas-app/vendor/laravel/framework/src/Illuminate/Foundation/Http/Kernel.php(145): Illuminate\\Foundation\\Http\\Kernel->sendRequestThroughRouter(Object(Illuminate\\Http\\Request))
#69 /Users/yapi/Adi/appdev/simonas-app/public/index.php(18): Illuminate\\Foundation\\Http\\Kernel->handle(Object(Illuminate\\Http\\Request))
#70 /Users/yapi/Adi/appdev/simonas-app/server.php(21): require_once('/Users/yapi/Adi...')
#71 {main}

[previous exception] [object] (PDOException(code: 42S22): SQLSTATE[42S22]: Column not found: 1054 Unknown column 'alumni_stories.id' in 'field list' at /Users/yapi/Adi/appdev/simonas-app/vendor/laravel/framework/src/Illuminate/Database/Connection.php:407)
[stacktrace]
#0 /Users/yapi/Adi/appdev/simonas-app/vendor/laravel/framework/src/Illuminate/Database/Connection.php(407): PDO->prepare('select `alumni_...')
#1 /Users/yapi/Adi/appdev/simonas-app/vendor/laravel/framework/src/Illuminate/Database/Connection.php(812): Illuminate\\Database\\Connection->{closure:Illuminate\\Database\\Connection::select():398}('select `alumni_...', Array)
#2 /Users/yapi/Adi/appdev/simonas-app/vendor/laravel/framework/src/Illuminate/Database/Connection.php(779): Illuminate\\Database\\Connection->runQueryCallback('select `alumni_...', Array, Object(Closure))
#3 /Users/yapi/Adi/appdev/simonas-app/vendor/laravel/framework/src/Illuminate/Database/Connection.php(398): Illuminate\\Database\\Connection->run('select `alumni_...', Array, Object(Closure))
#4 /Users/yapi/Adi/appdev/simonas-app/vendor/laravel/framework/src/Illuminate/Database/Query/Builder.php(3106): Illuminate\\Database\\Connection->select('select `alumni_...', Array, true)
#5 /Users/yapi/Adi/appdev/simonas-app/vendor/laravel/framework/src/Illuminate/Database/Query/Builder.php(3362): Illuminate\\Database\\Query\\Builder->runSelect()
#6 /Users/yapi/Adi/appdev/simonas-app/vendor/laravel/framework/src/Illuminate/Database/Query/Builder.php(3676): Illuminate\\Database\\Query\\Builder->{closure:Illuminate\\Database\\Query\\Builder::pluck():3360}()
#7 /Users/yapi/Adi/appdev/simonas-app/vendor/laravel/framework/src/Illuminate/Database/Query/Builder.php(3358): Illuminate\\Database\\Query\\Builder->onceWithColumns(Array, Object(Closure))
#8 /Users/yapi/Adi/appdev/simonas-app/vendor/laravel/framework/src/Illuminate/Database/Eloquent/Builder.php(991): Illuminate\\Database\\Query\\Builder->pluck('alumni_stories....', NULL)
#9 /Users/yapi/Adi/appdev/simonas-app/vendor/laravel/framework/src/Illuminate/Support/Traits/ForwardsCalls.php(23): Illuminate\\Database\\Eloquent\\Builder->pluck('alumni_stories....')
#10 /Users/yapi/Adi/appdev/simonas-app/vendor/laravel/framework/src/Illuminate/Support/Traits/ForwardsCalls.php(52): Illuminate\\Database\\Eloquent\\Relations\\Relation->forwardCallTo(Object(Illuminate\\Database\\Eloquent\\Builder), 'pluck', Array)
#11 /Users/yapi/Adi/appdev/simonas-app/vendor/laravel/framework/src/Illuminate/Database/Eloquent/Relations/Relation.php(538): Illuminate\\Database\\Eloquent\\Relations\\Relation->forwardDecoratedCallTo(Object(Illuminate\\Database\\Eloquent\\Builder), 'pluck', Array)
#12 /Users/yapi/Adi/appdev/simonas-app/app/Http/Controllers/Web/Alumni/AlumniHubController.php(31): Illuminate\\Database\\Eloquent\\Relations\\Relation->__call('pluck', Array)
#13 [internal function]: App\\Http\\Controllers\\Web\\Alumni\\AlumniHubController->{closure:App\\Http\\Controllers\\Web\\Alumni\\AlumniHubController::hub():28}(Object(Illuminate\\Database\\Eloquent\\Collection), 4)
#14 /Users/yapi/Adi/appdev/simonas-app/vendor/laravel/framework/src/Illuminate/Collections/Arr.php(609): array_map(Object(Closure), Array, Array)
#15 /Users/yapi/Adi/appdev/simonas-app/vendor/laravel/framework/src/Illuminate/Collections/Collection.php(799): Illuminate\\Support\\Arr::map(Array, Object(Closure))
#16 /Users/yapi/Adi/appdev/simonas-app/vendor/laravel/framework/src/Illuminate/Database/Eloquent/Collection.php(388): Illuminate\\Support\\Collection->map(Object(Closure))
#17 /Users/yapi/Adi/appdev/simonas-app/app/Http/Controllers/Web/Alumni/AlumniHubController.php(28): Illuminate\\Database\\Eloquent\\Collection->map(Object(Closure))
#18 /Users/yapi/Adi/appdev/simonas-app/vendor/laravel/framework/src/Illuminate/Routing/Controller.php(54): App\\Http\\Controllers\\Web\\Alumni\\AlumniHubController->hub(Object(Illuminate\\Http\\Request))
#19 /Users/yapi/Adi/appdev/simonas-app/vendor/laravel/framework/src/Illuminate/Routing/ControllerDispatcher.php(44): Illuminate\\Routing\\Controller->callAction('hub', Array)
#20 /Users/yapi/Adi/appdev/simonas-app/vendor/laravel/framework/src/Illuminate/Routing/Route.php(266): Illuminate\\Routing\\ControllerDispatcher->dispatch(Object(Illuminate\\Routing\\Route), Object(App\\Http\\Controllers\\Web\\Alumni\\AlumniHubController), 'hub')
#21 /Users/yapi/Adi/appdev/simonas-app/vendor/laravel/framework/src/Illuminate/Routing/Route.php(212): Illuminate\\Routing\\Route->runController()
#22 /Users/yapi/Adi/appdev/simonas-app/vendor/laravel/framework/src/Illuminate/Routing/Router.php(808): Illuminate\\Routing\\Route->run()
#23 /Users/yapi/Adi/appdev/simonas-app/vendor/laravel/framework/src/Illuminate/Pipeline/Pipeline.php(170): Illuminate\\Routing\\Router->{closure:Illuminate\\Routing\\Router::runRouteWithinStack():807}(Object(Illuminate\\Http\\Request))
#24 /Users/yapi/Adi/appdev/simonas-app/vendor/laravel/framework/src/Illuminate/Auth/Middleware/Authorize.php(60): Illuminate\\Pipeline\\Pipeline->{closure:Illuminate\\Pipeline\\Pipeline::prepareDestination():168}(Object(Illuminate\\Http\\Request))
#25 /Users/yapi/Adi/appdev/simonas-app/vendor/laravel/framework/src/Illuminate/Pipeline/Pipeline.php(209): Illuminate\\Auth\\Middleware\\Authorize->handle(Object(Illuminate\\Http\\Request), Object(Closure), 'access-alumni')
#26 /Users/yapi/Adi/appdev/simonas-app/vendor/inertiajs/inertia-laravel/src/Middleware.php(138): Illuminate\\Pipeline\\Pipeline->{closure:{closure:Illuminate\\Pipeline\\Pipeline::carry():184}:185}(Object(Illuminate\\Http\\Request))
#27 /Users/yapi/Adi/appdev/simonas-app/vendor/laravel/framework/src/Illuminate/Pipeline/Pipeline.php(209): Inertia\\Middleware->handle(Object(Illuminate\\Http\\Request), Object(Closure))
#28 /Users/yapi/Adi/appdev/simonas-app/vendor/laravel/framework/src/Illuminate/Routing/Middleware/SubstituteBindings.php(51): Illuminate\\Pipeline\\Pipeline->{closure:{closure:Illuminate\\Pipeline\\Pipeline::carry():184}:185}(Object(Illuminate\\Http\\Request))
#29 /Users/yapi/Adi/appdev/simonas-app/vendor/laravel/framework/src/Illuminate/Pipeline/Pipeline.php(209): Illuminate\\Routing\\Middleware\\SubstituteBindings->handle(Object(Illuminate\\Http\\Request), Object(Closure))
#30 /Users/yapi/Adi/appdev/simonas-app/vendor/laravel/framework/src/Illuminate/Auth/Middleware/Authenticate.php(64): Illuminate\\Pipeline\\Pipeline->{closure:{closure:Illuminate\\Pipeline\\Pipeline::carry():184}:185}(Object(Illuminate\\Http\\Request))
#31 /Users/yapi/Adi/appdev/simonas-app/vendor/laravel/framework/src/Illuminate/Pipeline/Pipeline.php(209): Illuminate\\Auth\\Middleware\\Authenticate->handle(Object(Illuminate\\Http\\Request), Object(Closure))
#32 /Users/yapi/Adi/appdev/simonas-app/vendor/laravel/framework/src/Illuminate/Foundation/Http/Middleware/VerifyCsrfToken.php(88): Illuminate\\Pipeline\\Pipeline->{closure:{closure:Illuminate\\Pipeline\\Pipeline::carry():184}:185}(Object(Illuminate\\Http\\Request))
#33 /Users/yapi/Adi/appdev/simonas-app/vendor/laravel/framework/src/Illuminate/Pipeline/Pipeline.php(209): Illuminate\\Foundation\\Http\\Middleware\\VerifyCsrfToken->handle(Object(Illuminate\\Http\\Request), Object(Closure))
#34 /Users/yapi/Adi/appdev/simonas-app/vendor/laravel/framework/src/Illuminate/View/Middleware/ShareErrorsFromSession.php(49): Illuminate\\Pipeline\\Pipeline->{closure:{closure:Illuminate\\Pipeline\\Pipeline::carry():184}:185}(Object(Illuminate\\Http\\Request))
#35 /Users/yapi/Adi/appdev/simonas-app/vendor/laravel/framework/src/Illuminate/Pipeline/Pipeline.php(209): Illuminate\\View\\Middleware\\ShareErrorsFromSession->handle(Object(Illuminate\\Http\\Request), Object(Closure))
#36 /Users/yapi/Adi/appdev/simonas-app/vendor/laravel/framework/src/Illuminate/Session/Middleware/StartSession.php(121): Illuminate\\Pipeline\\Pipeline->{closure:{closure:Illuminate\\Pipeline\\Pipeline::carry():184}:185}(Object(Illuminate\\Http\\Request))
#37 /Users/yapi/Adi/appdev/simonas-app/vendor/laravel/framework/src/Illuminate/Session/Middleware/StartSession.php(64): Illuminate\\Session\\Middleware\\StartSession->handleStatefulRequest(Object(Illuminate\\Http\\Request), Object(Illuminate\\Session\\Store), Object(Closure))
#38 /Users/yapi/Adi/appdev/simonas-app/vendor/laravel/framework/src/Illuminate/Pipeline/Pipeline.php(209): Illuminate\\Session\\Middleware\\StartSession->handle(Object(Illuminate\\Http\\Request), Object(Closure))
#39 /Users/yapi/Adi/appdev/simonas-app/vendor/laravel/framework/src/Illuminate/Cookie/Middleware/AddQueuedCookiesToResponse.php(37): Illuminate\\Pipeline\\Pipeline->{closure:{closure:Illuminate\\Pipeline\\Pipeline::carry():184}:185}(Object(Illuminate\\Http\\Request))
#40 /Users/yapi/Adi/appdev/simonas-app/vendor/laravel/framework/src/Illuminate/Pipeline/Pipeline.php(209): Illuminate\\Cookie\\Middleware\\AddQueuedCookiesToResponse->handle(Object(Illuminate\\Http\\Request), Object(Closure))
#41 /Users/yapi/Adi/appdev/simonas-app/vendor/laravel/framework/src/Illuminate/Cookie/Middleware/EncryptCookies.php(75): Illuminate\\Pipeline\\Pipeline->{closure:{closure:Illuminate\\Pipeline\\Pipeline::carry():184}:185}(Object(Illuminate\\Http\\Request))
#42 /Users/yapi/Adi/appdev/simonas-app/vendor/laravel/framework/src/Illuminate/Pipeline/Pipeline.php(209): Illuminate\\Cookie\\Middleware\\EncryptCookies->handle(Object(Illuminate\\Http\\Request), Object(Closure))
#43 /Users/yapi/Adi/appdev/simonas-app/vendor/laravel/framework/src/Illuminate/Pipeline/Pipeline.php(127): Illuminate\\Pipeline\\Pipeline->{closure:{closure:Illuminate\\Pipeline\\Pipeline::carry():184}:185}(Object(Illuminate\\Http\\Request))
#44 /Users/yapi/Adi/appdev/simonas-app/vendor/laravel/framework/src/Illuminate/Routing/Router.php(807): Illuminate\\Pipeline\\Pipeline->then(Object(Closure))
#45 /Users/yapi/Adi/appdev/simonas-app/vendor/laravel/framework/src/Illuminate/Routing/Router.php(786): Illuminate\\Routing\\Router->runRouteWithinStack(Object(Illuminate\\Routing\\Route), Object(Illuminate\\Http\\Request))
#46 /Users/yapi/Adi/appdev/simonas-app/vendor/laravel/framework/src/Illuminate/Routing/Router.php(750): Illuminate\\Routing\\Router->runRoute(Object(Illuminate\\Http\\Request), Object(Illuminate\\Routing\\Route))
#47 /Users/yapi/Adi/appdev/simonas-app/vendor/laravel/framework/src/Illuminate/Routing/Router.php(739): Illuminate\\Routing\\Router->dispatchToRoute(Object(Illuminate\\Http\\Request))
#48 /Users/yapi/Adi/appdev/simonas-app/vendor/laravel/framework/src/Illuminate/Foundation/Http/Kernel.php(201): Illuminate\\Routing\\Router->dispatch(Object(Illuminate\\Http\\Request))
#49 /Users/yapi/Adi/appdev/simonas-app/vendor/laravel/framework/src/Illuminate/Pipeline/Pipeline.php(170): Illuminate\\Foundation\\Http\\Kernel->{closure:Illuminate\\Foundation\\Http\\Kernel::dispatchToRouter():198}(Object(Illuminate\\Http\\Request))
#50 /Users/yapi/Adi/appdev/simonas-app/vendor/inertiajs/inertia-laravel/src/Middleware/EnsureGetOnRedirect.php(19): Illuminate\\Pipeline\\Pipeline->{closure:Illuminate\\Pipeline\\Pipeline::prepareDestination():168}(Object(Illuminate\\Http\\Request))
#51 /Users/yapi/Adi/appdev/simonas-app/vendor/laravel/framework/src/Illuminate/Pipeline/Pipeline.php(209): Inertia\\Middleware\\EnsureGetOnRedirect->handle(Object(Illuminate\\Http\\Request), Object(Closure))
#52 /Users/yapi/Adi/appdev/simonas-app/app/Http/Middleware/CacheStaticAssets.php(17): Illuminate\\Pipeline\\Pipeline->{closure:{closure:Illuminate\\Pipeline\\Pipeline::carry():184}:185}(Object(Illuminate\\Http\\Request))
#53 /Users/yapi/Adi/appdev/simonas-app/vendor/laravel/framework/src/Illuminate/Pipeline/Pipeline.php(209): App\\Http\\Middleware\\CacheStaticAssets->handle(Object(Illuminate\\Http\\Request), Object(Closure))
#54 /Users/yapi/Adi/appdev/simonas-app/vendor/laravel/framework/src/Illuminate/Foundation/Http/Middleware/TransformsRequest.php(21): Illuminate\\Pipeline\\Pipeline->{closure:{closure:Illuminate\\Pipeline\\Pipeline::carry():184}:185}(Object(Illuminate\\Http\\Request))
#55 /Users/yapi/Adi/appdev/simonas-app/vendor/laravel/framework/src/Illuminate/Foundation/Http/Middleware/ConvertEmptyStringsToNull.php(31): Illuminate\\Foundation\\Http\\Middleware\\TransformsRequest->handle(Object(Illuminate\\Http\\Request), Object(Closure))
#56 /Users/yapi/Adi/appdev/simonas-app/vendor/laravel/framework/src/Illuminate/Pipeline/Pipeline.php(209): Illuminate\\Foundation\\Http\\Middleware\\ConvertEmptyStringsToNull->handle(Object(Illuminate\\Http\\Request), Object(Closure))
#57 /Users/yapi/Adi/appdev/simonas-app/vendor/laravel/framework/src/Illuminate/Foundation/Http/Middleware/TransformsRequest.php(21): Illuminate\\Pipeline\\Pipeline->{closure:{closure:Illuminate\\Pipeline\\Pipeline::carry():184}:185}(Object(Illuminate\\Http\\Request))
#58 /Users/yapi/Adi/appdev/simonas-app/vendor/laravel/framework/src/Illuminate/Foundation/Http/Middleware/TrimStrings.php(51): Illuminate\\Foundation\\Http\\Middleware\\TransformsRequest->handle(Object(Illuminate\\Http\\Request), Object(Closure))
#59 /Users/yapi/Adi/appdev/simonas-app/vendor/laravel/framework/src/Illuminate/Pipeline/Pipeline.php(209): Illuminate\\Foundation\\Http\\Middleware\\TrimStrings->handle(Object(Illuminate\\Http\\Request), Object(Closure))
#60 /Users/yapi/Adi/appdev/simonas-app/vendor/laravel/framework/src/Illuminate/Http/Middleware/ValidatePostSize.php(27): Illuminate\\Pipeline\\Pipeline->{closure:{closure:Illuminate\\Pipeline\\Pipeline::carry():184}:185}(Object(Illuminate\\Http\\Request))
#61 /Users/yapi/Adi/appdev/simonas-app/vendor/laravel/framework/src/Illuminate/Pipeline/Pipeline.php(209): Illuminate\\Http\\Middleware\\ValidatePostSize->handle(Object(Illuminate\\Http\\Request), Object(Closure))
#62 /Users/yapi/Adi/appdev/simonas-app/vendor/laravel/framework/src/Illuminate/Foundation/Http/Middleware/PreventRequestsDuringMaintenance.php(110): Illuminate\\Pipeline\\Pipeline->{closure:{closure:Illuminate\\Pipeline\\Pipeline::carry():184}:185}(Object(Illuminate\\Http\\Request))
#63 /Users/yapi/Adi/appdev/simonas-app/vendor/laravel/framework/src/Illuminate/Pipeline/Pipeline.php(209): Illuminate\\Foundation\\Http\\Middleware\\PreventRequestsDuringMaintenance->handle(Object(Illuminate\\Http\\Request), Object(Closure))
#64 /Users/yapi/Adi/appdev/simonas-app/vendor/laravel/framework/src/Illuminate/Http/Middleware/HandleCors.php(49): Illuminate\\Pipeline\\Pipeline->{closure:{closure:Illuminate\\Pipeline\\Pipeline::carry():184}:185}(Object(Illuminate\\Http\\Request))
#65 /Users/yapi/Adi/appdev/simonas-app/vendor/laravel/framework/src/Illuminate/Pipeline/Pipeline.php(209): Illuminate\\Http\\Middleware\\HandleCors->handle(Object(Illuminate\\Http\\Request), Object(Closure))
#66 /Users/yapi/Adi/appdev/simonas-app/vendor/laravel/framework/src/Illuminate/Http/Middleware/TrustProxies.php(58): Illuminate\\Pipeline\\Pipeline->{closure:{closure:Illuminate\\Pipeline\\Pipeline::carry():184}:185}(Object(Illuminate\\Http\\Request))
#67 /Users/yapi/Adi/appdev/simonas-app/vendor/laravel/framework/src/Illuminate/Pipeline/Pipeline.php(209): Illuminate\\Http\\Middleware\\TrustProxies->handle(Object(Illuminate\\Http\\Request), Object(Closure))
#68 /Users/yapi/Adi/appdev/simonas-app/vendor/laravel/framework/src/Illuminate/Pipeline/Pipeline.php(127): Illuminate\\Pipeline\\Pipeline->{closure:{closure:Illuminate\\Pipeline\\Pipeline::carry():184}:185}(Object(Illuminate\\Http\\Request))
#69 /Users/yapi/Adi/appdev/simonas-app/vendor/laravel/framework/src/Illuminate/Foundation/Http/Kernel.php(176): Illuminate\\Pipeline\\Pipeline->then(Object(Closure))
#70 /Users/yapi/Adi/appdev/simonas-app/vendor/laravel/framework/src/Illuminate/Foundation/Http/Kernel.php(145): Illuminate\\Foundation\\Http\\Kernel->sendRequestThroughRouter(Object(Illuminate\\Http\\Request))
#71 /Users/yapi/Adi/appdev/simonas-app/public/index.php(18): Illuminate\\Foundation\\Http\\Kernel->handle(Object(Illuminate\\Http\\Request))
#72 /Users/yapi/Adi/appdev/simonas-app/server.php(21): require_once('/Users/yapi/Adi...')
#73 {main}
"} 
[2026-05-01 15:51:56] local.ERROR: SQLSTATE[42S22]: Column not found: 1054 Unknown column 'alumni_stories.id' in 'field list' (Connection: mysql, SQL: select `alumni_stories`.`id` from `users` inner join `alumni_story_views` on `users`.`id` = `alumni_story_views`.`user_id` where `alumni_story_views`.`story_id` = 1 and `user_id` = 4) {"userId":4,"exception":"[object] (Illuminate\\Database\\QueryException(code: 42S22): SQLSTATE[42S22]: Column not found: 1054 Unknown column 'alumni_stories.id' in 'field list' (Connection: mysql, SQL: select `alumni_stories`.`id` from `users` inner join `alumni_story_views` on `users`.`id` = `alumni_story_views`.`user_id` where `alumni_story_views`.`story_id` = 1 and `user_id` = 4) at /Users/yapi/Adi/appdev/simonas-app/vendor/laravel/framework/src/Illuminate/Database/Connection.php:825)
[stacktrace]
#0 /Users/yapi/Adi/appdev/simonas-app/vendor/laravel/framework/src/Illuminate/Database/Connection.php(779): Illuminate\\Database\\Connection->runQueryCallback('select `alumni_...', Array, Object(Closure))
#1 /Users/yapi/Adi/appdev/simonas-app/vendor/laravel/framework/src/Illuminate/Database/Connection.php(398): Illuminate\\Database\\Connection->run('select `alumni_...', Array, Object(Closure))
#2 /Users/yapi/Adi/appdev/simonas-app/vendor/laravel/framework/src/Illuminate/Database/Query/Builder.php(3106): Illuminate\\Database\\Connection->select('select `alumni_...', Array, true)
#3 /Users/yapi/Adi/appdev/simonas-app/vendor/laravel/framework/src/Illuminate/Database/Query/Builder.php(3362): Illuminate\\Database\\Query\\Builder->runSelect()
#4 /Users/yapi/Adi/appdev/simonas-app/vendor/laravel/framework/src/Illuminate/Database/Query/Builder.php(3676): Illuminate\\Database\\Query\\Builder->{closure:Illuminate\\Database\\Query\\Builder::pluck():3360}()
#5 /Users/yapi/Adi/appdev/simonas-app/vendor/laravel/framework/src/Illuminate/Database/Query/Builder.php(3358): Illuminate\\Database\\Query\\Builder->onceWithColumns(Array, Object(Closure))
#6 /Users/yapi/Adi/appdev/simonas-app/vendor/laravel/framework/src/Illuminate/Database/Eloquent/Builder.php(991): Illuminate\\Database\\Query\\Builder->pluck('alumni_stories....', NULL)
#7 /Users/yapi/Adi/appdev/simonas-app/vendor/laravel/framework/src/Illuminate/Support/Traits/ForwardsCalls.php(23): Illuminate\\Database\\Eloquent\\Builder->pluck('alumni_stories....')
#8 /Users/yapi/Adi/appdev/simonas-app/vendor/laravel/framework/src/Illuminate/Support/Traits/ForwardsCalls.php(52): Illuminate\\Database\\Eloquent\\Relations\\Relation->forwardCallTo(Object(Illuminate\\Database\\Eloquent\\Builder), 'pluck', Array)
#9 /Users/yapi/Adi/appdev/simonas-app/vendor/laravel/framework/src/Illuminate/Database/Eloquent/Relations/Relation.php(538): Illuminate\\Database\\Eloquent\\Relations\\Relation->forwardDecoratedCallTo(Object(Illuminate\\Database\\Eloquent\\Builder), 'pluck', Array)
#10 /Users/yapi/Adi/appdev/simonas-app/app/Http/Controllers/Web/Alumni/AlumniHubController.php(31): Illuminate\\Database\\Eloquent\\Relations\\Relation->__call('pluck', Array)
#11 [internal function]: App\\Http\\Controllers\\Web\\Alumni\\AlumniHubController->{closure:App\\Http\\Controllers\\Web\\Alumni\\AlumniHubController::hub():28}(Object(Illuminate\\Database\\Eloquent\\Collection), 4)
#12 /Users/yapi/Adi/appdev/simonas-app/vendor/laravel/framework/src/Illuminate/Collections/Arr.php(609): array_map(Object(Closure), Array, Array)
#13 /Users/yapi/Adi/appdev/simonas-app/vendor/laravel/framework/src/Illuminate/Collections/Collection.php(799): Illuminate\\Support\\Arr::map(Array, Object(Closure))
#14 /Users/yapi/Adi/appdev/simonas-app/vendor/laravel/framework/src/Illuminate/Database/Eloquent/Collection.php(388): Illuminate\\Support\\Collection->map(Object(Closure))
#15 /Users/yapi/Adi/appdev/simonas-app/app/Http/Controllers/Web/Alumni/AlumniHubController.php(28): Illuminate\\Database\\Eloquent\\Collection->map(Object(Closure))
#16 /Users/yapi/Adi/appdev/simonas-app/vendor/laravel/framework/src/Illuminate/Routing/Controller.php(54): App\\Http\\Controllers\\Web\\Alumni\\AlumniHubController->hub(Object(Illuminate\\Http\\Request))
#17 /Users/yapi/Adi/appdev/simonas-app/vendor/laravel/framework/src/Illuminate/Routing/ControllerDispatcher.php(44): Illuminate\\Routing\\Controller->callAction('hub', Array)
#18 /Users/yapi/Adi/appdev/simonas-app/vendor/laravel/framework/src/Illuminate/Routing/Route.php(266): Illuminate\\Routing\\ControllerDispatcher->dispatch(Object(Illuminate\\Routing\\Route), Object(App\\Http\\Controllers\\Web\\Alumni\\AlumniHubController), 'hub')
#19 /Users/yapi/Adi/appdev/simonas-app/vendor/laravel/framework/src/Illuminate/Routing/Route.php(212): Illuminate\\Routing\\Route->runController()
#20 /Users/yapi/Adi/appdev/simonas-app/vendor/laravel/framework/src/Illuminate/Routing/Router.php(808): Illuminate\\Routing\\Route->run()
#21 /Users/yapi/Adi/appdev/simonas-app/vendor/laravel/framework/src/Illuminate/Pipeline/Pipeline.php(170): Illuminate\\Routing\\Router->{closure:Illuminate\\Routing\\Router::runRouteWithinStack():807}(Object(Illuminate\\Http\\Request))
#22 /Users/yapi/Adi/appdev/simonas-app/vendor/laravel/framework/src/Illuminate/Auth/Middleware/Authorize.php(60): Illuminate\\Pipeline\\Pipeline->{closure:Illuminate\\Pipeline\\Pipeline::prepareDestination():168}(Object(Illuminate\\Http\\Request))
#23 /Users/yapi/Adi/appdev/simonas-app/vendor/laravel/framework/src/Illuminate/Pipeline/Pipeline.php(209): Illuminate\\Auth\\Middleware\\Authorize->handle(Object(Illuminate\\Http\\Request), Object(Closure), 'access-alumni')
#24 /Users/yapi/Adi/appdev/simonas-app/vendor/inertiajs/inertia-laravel/src/Middleware.php(138): Illuminate\\Pipeline\\Pipeline->{closure:{closure:Illuminate\\Pipeline\\Pipeline::carry():184}:185}(Object(Illuminate\\Http\\Request))
#25 /Users/yapi/Adi/appdev/simonas-app/vendor/laravel/framework/src/Illuminate/Pipeline/Pipeline.php(209): Inertia\\Middleware->handle(Object(Illuminate\\Http\\Request), Object(Closure))
#26 /Users/yapi/Adi/appdev/simonas-app/vendor/laravel/framework/src/Illuminate/Routing/Middleware/SubstituteBindings.php(51): Illuminate\\Pipeline\\Pipeline->{closure:{closure:Illuminate\\Pipeline\\Pipeline::carry():184}:185}(Object(Illuminate\\Http\\Request))
#27 /Users/yapi/Adi/appdev/simonas-app/vendor/laravel/framework/src/Illuminate/Pipeline/Pipeline.php(209): Illuminate\\Routing\\Middleware\\SubstituteBindings->handle(Object(Illuminate\\Http\\Request), Object(Closure))
#28 /Users/yapi/Adi/appdev/simonas-app/vendor/laravel/framework/src/Illuminate/Auth/Middleware/Authenticate.php(64): Illuminate\\Pipeline\\Pipeline->{closure:{closure:Illuminate\\Pipeline\\Pipeline::carry():184}:185}(Object(Illuminate\\Http\\Request))
#29 /Users/yapi/Adi/appdev/simonas-app/vendor/laravel/framework/src/Illuminate/Pipeline/Pipeline.php(209): Illuminate\\Auth\\Middleware\\Authenticate->handle(Object(Illuminate\\Http\\Request), Object(Closure))
#30 /Users/yapi/Adi/appdev/simonas-app/vendor/laravel/framework/src/Illuminate/Foundation/Http/Middleware/VerifyCsrfToken.php(88): Illuminate\\Pipeline\\Pipeline->{closure:{closure:Illuminate\\Pipeline\\Pipeline::carry():184}:185}(Object(Illuminate\\Http\\Request))
#31 /Users/yapi/Adi/appdev/simonas-app/vendor/laravel/framework/src/Illuminate/Pipeline/Pipeline.php(209): Illuminate\\Foundation\\Http\\Middleware\\VerifyCsrfToken->handle(Object(Illuminate\\Http\\Request), Object(Closure))
#32 /Users/yapi/Adi/appdev/simonas-app/vendor/laravel/framework/src/Illuminate/View/Middleware/ShareErrorsFromSession.php(49): Illuminate\\Pipeline\\Pipeline->{closure:{closure:Illuminate\\Pipeline\\Pipeline::carry():184}:185}(Object(Illuminate\\Http\\Request))
#33 /Users/yapi/Adi/appdev/simonas-app/vendor/laravel/framework/src/Illuminate/Pipeline/Pipeline.php(209): Illuminate\\View\\Middleware\\ShareErrorsFromSession->handle(Object(Illuminate\\Http\\Request), Object(Closure))
#34 /Users/yapi/Adi/appdev/simonas-app/vendor/laravel/framework/src/Illuminate/Session/Middleware/StartSession.php(121): Illuminate\\Pipeline\\Pipeline->{closure:{closure:Illuminate\\Pipeline\\Pipeline::carry():184}:185}(Object(Illuminate\\Http\\Request))
#35 /Users/yapi/Adi/appdev/simonas-app/vendor/laravel/framework/src/Illuminate/Session/Middleware/StartSession.php(64): Illuminate\\Session\\Middleware\\StartSession->handleStatefulRequest(Object(Illuminate\\Http\\Request), Object(Illuminate\\Session\\Store), Object(Closure))
#36 /Users/yapi/Adi/appdev/simonas-app/vendor/laravel/framework/src/Illuminate/Pipeline/Pipeline.php(209): Illuminate\\Session\\Middleware\\StartSession->handle(Object(Illuminate\\Http\\Request), Object(Closure))
#37 /Users/yapi/Adi/appdev/simonas-app/vendor/laravel/framework/src/Illuminate/Cookie/Middleware/AddQueuedCookiesToResponse.php(37): Illuminate\\Pipeline\\Pipeline->{closure:{closure:Illuminate\\Pipeline\\Pipeline::carry():184}:185}(Object(Illuminate\\Http\\Request))
#38 /Users/yapi/Adi/appdev/simonas-app/vendor/laravel/framework/src/Illuminate/Pipeline/Pipeline.php(209): Illuminate\\Cookie\\Middleware\\AddQueuedCookiesToResponse->handle(Object(Illuminate\\Http\\Request), Object(Closure))
#39 /Users/yapi/Adi/appdev/simonas-app/vendor/laravel/framework/src/Illuminate/Cookie/Middleware/EncryptCookies.php(75): Illuminate\\Pipeline\\Pipeline->{closure:{closure:Illuminate\\Pipeline\\Pipeline::carry():184}:185}(Object(Illuminate\\Http\\Request))
#40 /Users/yapi/Adi/appdev/simonas-app/vendor/laravel/framework/src/Illuminate/Pipeline/Pipeline.php(209): Illuminate\\Cookie\\Middleware\\EncryptCookies->handle(Object(Illuminate\\Http\\Request), Object(Closure))
#41 /Users/yapi/Adi/appdev/simonas-app/vendor/laravel/framework/src/Illuminate/Pipeline/Pipeline.php(127): Illuminate\\Pipeline\\Pipeline->{closure:{closure:Illuminate\\Pipeline\\Pipeline::carry():184}:185}(Object(Illuminate\\Http\\Request))
#42 /Users/yapi/Adi/appdev/simonas-app/vendor/laravel/framework/src/Illuminate/Routing/Router.php(807): Illuminate\\Pipeline\\Pipeline->then(Object(Closure))
#43 /Users/yapi/Adi/appdev/simonas-app/vendor/laravel/framework/src/Illuminate/Routing/Router.php(786): Illuminate\\Routing\\Router->runRouteWithinStack(Object(Illuminate\\Routing\\Route), Object(Illuminate\\Http\\Request))
#44 /Users/yapi/Adi/appdev/simonas-app/vendor/laravel/framework/src/Illuminate/Routing/Router.php(750): Illuminate\\Routing\\Router->runRoute(Object(Illuminate\\Http\\Request), Object(Illuminate\\Routing\\Route))
#45 /Users/yapi/Adi/appdev/simonas-app/vendor/laravel/framework/src/Illuminate/Routing/Router.php(739): Illuminate\\Routing\\Router->dispatchToRoute(Object(Illuminate\\Http\\Request))
#46 /Users/yapi/Adi/appdev/simonas-app/vendor/laravel/framework/src/Illuminate/Foundation/Http/Kernel.php(201): Illuminate\\Routing\\Router->dispatch(Object(Illuminate\\Http\\Request))
#47 /Users/yapi/Adi/appdev/simonas-app/vendor/laravel/framework/src/Illuminate/Pipeline/Pipeline.php(170): Illuminate\\Foundation\\Http\\Kernel->{closure:Illuminate\\Foundation\\Http\\Kernel::dispatchToRouter():198}(Object(Illuminate\\Http\\Request))
#48 /Users/yapi/Adi/appdev/simonas-app/vendor/inertiajs/inertia-laravel/src/Middleware/EnsureGetOnRedirect.php(19): Illuminate\\Pipeline\\Pipeline->{closure:Illuminate\\Pipeline\\Pipeline::prepareDestination():168}(Object(Illuminate\\Http\\Request))
#49 /Users/yapi/Adi/appdev/simonas-app/vendor/laravel/framework/src/Illuminate/Pipeline/Pipeline.php(209): Inertia\\Middleware\\EnsureGetOnRedirect->handle(Object(Illuminate\\Http\\Request), Object(Closure))
#50 /Users/yapi/Adi/appdev/simonas-app/app/Http/Middleware/CacheStaticAssets.php(17): Illuminate\\Pipeline\\Pipeline->{closure:{closure:Illuminate\\Pipeline\\Pipeline::carry():184}:185}(Object(Illuminate\\Http\\Request))
#51 /Users/yapi/Adi/appdev/simonas-app/vendor/laravel/framework/src/Illuminate/Pipeline/Pipeline.php(209): App\\Http\\Middleware\\CacheStaticAssets->handle(Object(Illuminate\\Http\\Request), Object(Closure))
#52 /Users/yapi/Adi/appdev/simonas-app/vendor/laravel/framework/src/Illuminate/Foundation/Http/Middleware/TransformsRequest.php(21): Illuminate\\Pipeline\\Pipeline->{closure:{closure:Illuminate\\Pipeline\\Pipeline::carry():184}:185}(Object(Illuminate\\Http\\Request))
#53 /Users/yapi/Adi/appdev/simonas-app/vendor/laravel/framework/src/Illuminate/Foundation/Http/Middleware/ConvertEmptyStringsToNull.php(31): Illuminate\\Foundation\\Http\\Middleware\\TransformsRequest->handle(Object(Illuminate\\Http\\Request), Object(Closure))
#54 /Users/yapi/Adi/appdev/simonas-app/vendor/laravel/framework/src/Illuminate/Pipeline/Pipeline.php(209): Illuminate\\Foundation\\Http\\Middleware\\ConvertEmptyStringsToNull->handle(Object(Illuminate\\Http\\Request), Object(Closure))
#55 /Users/yapi/Adi/appdev/simonas-app/vendor/laravel/framework/src/Illuminate/Foundation/Http/Middleware/TransformsRequest.php(21): Illuminate\\Pipeline\\Pipeline->{closure:{closure:Illuminate\\Pipeline\\Pipeline::carry():184}:185}(Object(Illuminate\\Http\\Request))
#56 /Users/yapi/Adi/appdev/simonas-app/vendor/laravel/framework/src/Illuminate/Foundation/Http/Middleware/TrimStrings.php(51): Illuminate\\Foundation\\Http\\Middleware\\TransformsRequest->handle(Object(Illuminate\\Http\\Request), Object(Closure))
#57 /Users/yapi/Adi/appdev/simonas-app/vendor/laravel/framework/src/Illuminate/Pipeline/Pipeline.php(209): Illuminate\\Foundation\\Http\\Middleware\\TrimStrings->handle(Object(Illuminate\\Http\\Request), Object(Closure))
#58 /Users/yapi/Adi/appdev/simonas-app/vendor/laravel/framework/src/Illuminate/Http/Middleware/ValidatePostSize.php(27): Illuminate\\Pipeline\\Pipeline->{closure:{closure:Illuminate\\Pipeline\\Pipeline::carry():184}:185}(Object(Illuminate\\Http\\Request))
#59 /Users/yapi/Adi/appdev/simonas-app/vendor/laravel/framework/src/Illuminate/Pipeline/Pipeline.php(209): Illuminate\\Http\\Middleware\\ValidatePostSize->handle(Object(Illuminate\\Http\\Request), Object(Closure))
#60 /Users/yapi/Adi/appdev/simonas-app/vendor/laravel/framework/src/Illuminate/Foundation/Http/Middleware/PreventRequestsDuringMaintenance.php(110): Illuminate\\Pipeline\\Pipeline->{closure:{closure:Illuminate\\Pipeline\\Pipeline::carry():184}:185}(Object(Illuminate\\Http\\Request))
#61 /Users/yapi/Adi/appdev/simonas-app/vendor/laravel/framework/src/Illuminate/Pipeline/Pipeline.php(209): Illuminate\\Foundation\\Http\\Middleware\\PreventRequestsDuringMaintenance->handle(Object(Illuminate\\Http\\Request), Object(Closure))
#62 /Users/yapi/Adi/appdev/simonas-app/vendor/laravel/framework/src/Illuminate/Http/Middleware/HandleCors.php(49): Illuminate\\Pipeline\\Pipeline->{closure:{closure:Illuminate\\Pipeline\\Pipeline::carry():184}:185}(Object(Illuminate\\Http\\Request))
#63 /Users/yapi/Adi/appdev/simonas-app/vendor/laravel/framework/src/Illuminate/Pipeline/Pipeline.php(209): Illuminate\\Http\\Middleware\\HandleCors->handle(Object(Illuminate\\Http\\Request), Object(Closure))
#64 /Users/yapi/Adi/appdev/simonas-app/vendor/laravel/framework/src/Illuminate/Http/Middleware/TrustProxies.php(58): Illuminate\\Pipeline\\Pipeline->{closure:{closure:Illuminate\\Pipeline\\Pipeline::carry():184}:185}(Object(Illuminate\\Http\\Request))
#65 /Users/yapi/Adi/appdev/simonas-app/vendor/laravel/framework/src/Illuminate/Pipeline/Pipeline.php(209): Illuminate\\Http\\Middleware\\TrustProxies->handle(Object(Illuminate\\Http\\Request), Object(Closure))
#66 /Users/yapi/Adi/appdev/simonas-app/vendor/laravel/framework/src/Illuminate/Pipeline/Pipeline.php(127): Illuminate\\Pipeline\\Pipeline->{closure:{closure:Illuminate\\Pipeline\\Pipeline::carry():184}:185}(Object(Illuminate\\Http\\Request))
#67 /Users/yapi/Adi/appdev/simonas-app/vendor/laravel/framework/src/Illuminate/Foundation/Http/Kernel.php(176): Illuminate\\Pipeline\\Pipeline->then(Object(Closure))
#68 /Users/yapi/Adi/appdev/simonas-app/vendor/laravel/framework/src/Illuminate/Foundation/Http/Kernel.php(145): Illuminate\\Foundation\\Http\\Kernel->sendRequestThroughRouter(Object(Illuminate\\Http\\Request))
#69 /Users/yapi/Adi/appdev/simonas-app/public/index.php(18): Illuminate\\Foundation\\Http\\Kernel->handle(Object(Illuminate\\Http\\Request))
#70 /Users/yapi/Adi/appdev/simonas-app/server.php(21): require_once('/Users/yapi/Adi...')
#71 {main}

[previous exception] [object] (PDOException(code: 42S22): SQLSTATE[42S22]: Column not found: 1054 Unknown column 'alumni_stories.id' in 'field list' at /Users/yapi/Adi/appdev/simonas-app/vendor/laravel/framework/src/Illuminate/Database/Connection.php:407)
[stacktrace]
#0 /Users/yapi/Adi/appdev/simonas-app/vendor/laravel/framework/src/Illuminate/Database/Connection.php(407): PDO->prepare('select `alumni_...')
#1 /Users/yapi/Adi/appdev/simonas-app/vendor/laravel/framework/src/Illuminate/Database/Connection.php(812): Illuminate\\Database\\Connection->{closure:Illuminate\\Database\\Connection::select():398}('select `alumni_...', Array)
#2 /Users/yapi/Adi/appdev/simonas-app/vendor/laravel/framework/src/Illuminate/Database/Connection.php(779): Illuminate\\Database\\Connection->runQueryCallback('select `alumni_...', Array, Object(Closure))
#3 /Users/yapi/Adi/appdev/simonas-app/vendor/laravel/framework/src/Illuminate/Database/Connection.php(398): Illuminate\\Database\\Connection->run('select `alumni_...', Array, Object(Closure))
#4 /Users/yapi/Adi/appdev/simonas-app/vendor/laravel/framework/src/Illuminate/Database/Query/Builder.php(3106): Illuminate\\Database\\Connection->select('select `alumni_...', Array, true)
#5 /Users/yapi/Adi/appdev/simonas-app/vendor/laravel/framework/src/Illuminate/Database/Query/Builder.php(3362): Illuminate\\Database\\Query\\Builder->runSelect()
#6 /Users/yapi/Adi/appdev/simonas-app/vendor/laravel/framework/src/Illuminate/Database/Query/Builder.php(3676): Illuminate\\Database\\Query\\Builder->{closure:Illuminate\\Database\\Query\\Builder::pluck():3360}()
#7 /Users/yapi/Adi/appdev/simonas-app/vendor/laravel/framework/src/Illuminate/Database/Query/Builder.php(3358): Illuminate\\Database\\Query\\Builder->onceWithColumns(Array, Object(Closure))
#8 /Users/yapi/Adi/appdev/simonas-app/vendor/laravel/framework/src/Illuminate/Database/Eloquent/Builder.php(991): Illuminate\\Database\\Query\\Builder->pluck('alumni_stories....', NULL)
#9 /Users/yapi/Adi/appdev/simonas-app/vendor/laravel/framework/src/Illuminate/Support/Traits/ForwardsCalls.php(23): Illuminate\\Database\\Eloquent\\Builder->pluck('alumni_stories....')
#10 /Users/yapi/Adi/appdev/simonas-app/vendor/laravel/framework/src/Illuminate/Support/Traits/ForwardsCalls.php(52): Illuminate\\Database\\Eloquent\\Relations\\Relation->forwardCallTo(Object(Illuminate\\Database\\Eloquent\\Builder), 'pluck', Array)
#11 /Users/yapi/Adi/appdev/simonas-app/vendor/laravel/framework/src/Illuminate/Database/Eloquent/Relations/Relation.php(538): Illuminate\\Database\\Eloquent\\Relations\\Relation->forwardDecoratedCallTo(Object(Illuminate\\Database\\Eloquent\\Builder), 'pluck', Array)
#12 /Users/yapi/Adi/appdev/simonas-app/app/Http/Controllers/Web/Alumni/AlumniHubController.php(31): Illuminate\\Database\\Eloquent\\Relations\\Relation->__call('pluck', Array)
#13 [internal function]: App\\Http\\Controllers\\Web\\Alumni\\AlumniHubController->{closure:App\\Http\\Controllers\\Web\\Alumni\\AlumniHubController::hub():28}(Object(Illuminate\\Database\\Eloquent\\Collection), 4)
#14 /Users/yapi/Adi/appdev/simonas-app/vendor/laravel/framework/src/Illuminate/Collections/Arr.php(609): array_map(Object(Closure), Array, Array)
#15 /Users/yapi/Adi/appdev/simonas-app/vendor/laravel/framework/src/Illuminate/Collections/Collection.php(799): Illuminate\\Support\\Arr::map(Array, Object(Closure))
#16 /Users/yapi/Adi/appdev/simonas-app/vendor/laravel/framework/src/Illuminate/Database/Eloquent/Collection.php(388): Illuminate\\Support\\Collection->map(Object(Closure))
#17 /Users/yapi/Adi/appdev/simonas-app/app/Http/Controllers/Web/Alumni/AlumniHubController.php(28): Illuminate\\Database\\Eloquent\\Collection->map(Object(Closure))
#18 /Users/yapi/Adi/appdev/simonas-app/vendor/laravel/framework/src/Illuminate/Routing/Controller.php(54): App\\Http\\Controllers\\Web\\Alumni\\AlumniHubController->hub(Object(Illuminate\\Http\\Request))
#19 /Users/yapi/Adi/appdev/simonas-app/vendor/laravel/framework/src/Illuminate/Routing/ControllerDispatcher.php(44): Illuminate\\Routing\\Controller->callAction('hub', Array)
#20 /Users/yapi/Adi/appdev/simonas-app/vendor/laravel/framework/src/Illuminate/Routing/Route.php(266): Illuminate\\Routing\\ControllerDispatcher->dispatch(Object(Illuminate\\Routing\\Route), Object(App\\Http\\Controllers\\Web\\Alumni\\AlumniHubController), 'hub')
#21 /Users/yapi/Adi/appdev/simonas-app/vendor/laravel/framework/src/Illuminate/Routing/Route.php(212): Illuminate\\Routing\\Route->runController()
#22 /Users/yapi/Adi/appdev/simonas-app/vendor/laravel/framework/src/Illuminate/Routing/Router.php(808): Illuminate\\Routing\\Route->run()
#23 /Users/yapi/Adi/appdev/simonas-app/vendor/laravel/framework/src/Illuminate/Pipeline/Pipeline.php(170): Illuminate\\Routing\\Router->{closure:Illuminate\\Routing\\Router::runRouteWithinStack():807}(Object(Illuminate\\Http\\Request))
#24 /Users/yapi/Adi/appdev/simonas-app/vendor/laravel/framework/src/Illuminate/Auth/Middleware/Authorize.php(60): Illuminate\\Pipeline\\Pipeline->{closure:Illuminate\\Pipeline\\Pipeline::prepareDestination():168}(Object(Illuminate\\Http\\Request))
#25 /Users/yapi/Adi/appdev/simonas-app/vendor/laravel/framework/src/Illuminate/Pipeline/Pipeline.php(209): Illuminate\\Auth\\Middleware\\Authorize->handle(Object(Illuminate\\Http\\Request), Object(Closure), 'access-alumni')
#26 /Users/yapi/Adi/appdev/simonas-app/vendor/inertiajs/inertia-laravel/src/Middleware.php(138): Illuminate\\Pipeline\\Pipeline->{closure:{closure:Illuminate\\Pipeline\\Pipeline::carry():184}:185}(Object(Illuminate\\Http\\Request))
#27 /Users/yapi/Adi/appdev/simonas-app/vendor/laravel/framework/src/Illuminate/Pipeline/Pipeline.php(209): Inertia\\Middleware->handle(Object(Illuminate\\Http\\Request), Object(Closure))
#28 /Users/yapi/Adi/appdev/simonas-app/vendor/laravel/framework/src/Illuminate/Routing/Middleware/SubstituteBindings.php(51): Illuminate\\Pipeline\\Pipeline->{closure:{closure:Illuminate\\Pipeline\\Pipeline::carry():184}:185}(Object(Illuminate\\Http\\Request))
#29 /Users/yapi/Adi/appdev/simonas-app/vendor/laravel/framework/src/Illuminate/Pipeline/Pipeline.php(209): Illuminate\\Routing\\Middleware\\SubstituteBindings->handle(Object(Illuminate\\Http\\Request), Object(Closure))
#30 /Users/yapi/Adi/appdev/simonas-app/vendor/laravel/framework/src/Illuminate/Auth/Middleware/Authenticate.php(64): Illuminate\\Pipeline\\Pipeline->{closure:{closure:Illuminate\\Pipeline\\Pipeline::carry():184}:185}(Object(Illuminate\\Http\\Request))
#31 /Users/yapi/Adi/appdev/simonas-app/vendor/laravel/framework/src/Illuminate/Pipeline/Pipeline.php(209): Illuminate\\Auth\\Middleware\\Authenticate->handle(Object(Illuminate\\Http\\Request), Object(Closure))
#32 /Users/yapi/Adi/appdev/simonas-app/vendor/laravel/framework/src/Illuminate/Foundation/Http/Middleware/VerifyCsrfToken.php(88): Illuminate\\Pipeline\\Pipeline->{closure:{closure:Illuminate\\Pipeline\\Pipeline::carry():184}:185}(Object(Illuminate\\Http\\Request))
#33 /Users/yapi/Adi/appdev/simonas-app/vendor/laravel/framework/src/Illuminate/Pipeline/Pipeline.php(209): Illuminate\\Foundation\\Http\\Middleware\\VerifyCsrfToken->handle(Object(Illuminate\\Http\\Request), Object(Closure))
#34 /Users/yapi/Adi/appdev/simonas-app/vendor/laravel/framework/src/Illuminate/View/Middleware/ShareErrorsFromSession.php(49): Illuminate\\Pipeline\\Pipeline->{closure:{closure:Illuminate\\Pipeline\\Pipeline::carry():184}:185}(Object(Illuminate\\Http\\Request))
#35 /Users/yapi/Adi/appdev/simonas-app/vendor/laravel/framework/src/Illuminate/Pipeline/Pipeline.php(209): Illuminate\\View\\Middleware\\ShareErrorsFromSession->handle(Object(Illuminate\\Http\\Request), Object(Closure))
#36 /Users/yapi/Adi/appdev/simonas-app/vendor/laravel/framework/src/Illuminate/Session/Middleware/StartSession.php(121): Illuminate\\Pipeline\\Pipeline->{closure:{closure:Illuminate\\Pipeline\\Pipeline::carry():184}:185}(Object(Illuminate\\Http\\Request))
#37 /Users/yapi/Adi/appdev/simonas-app/vendor/laravel/framework/src/Illuminate/Session/Middleware/StartSession.php(64): Illuminate\\Session\\Middleware\\StartSession->handleStatefulRequest(Object(Illuminate\\Http\\Request), Object(Illuminate\\Session\\Store), Object(Closure))
#38 /Users/yapi/Adi/appdev/simonas-app/vendor/laravel/framework/src/Illuminate/Pipeline/Pipeline.php(209): Illuminate\\Session\\Middleware\\StartSession->handle(Object(Illuminate\\Http\\Request), Object(Closure))
#39 /Users/yapi/Adi/appdev/simonas-app/vendor/laravel/framework/src/Illuminate/Cookie/Middleware/AddQueuedCookiesToResponse.php(37): Illuminate\\Pipeline\\Pipeline->{closure:{closure:Illuminate\\Pipeline\\Pipeline::carry():184}:185}(Object(Illuminate\\Http\\Request))
#40 /Users/yapi/Adi/appdev/simonas-app/vendor/laravel/framework/src/Illuminate/Pipeline/Pipeline.php(209): Illuminate\\Cookie\\Middleware\\AddQueuedCookiesToResponse->handle(Object(Illuminate\\Http\\Request), Object(Closure))
#41 /Users/yapi/Adi/appdev/simonas-app/vendor/laravel/framework/src/Illuminate/Cookie/Middleware/EncryptCookies.php(75): Illuminate\\Pipeline\\Pipeline->{closure:{closure:Illuminate\\Pipeline\\Pipeline::carry():184}:185}(Object(Illuminate\\Http\\Request))
#42 /Users/yapi/Adi/appdev/simonas-app/vendor/laravel/framework/src/Illuminate/Pipeline/Pipeline.php(209): Illuminate\\Cookie\\Middleware\\EncryptCookies->handle(Object(Illuminate\\Http\\Request), Object(Closure))
#43 /Users/yapi/Adi/appdev/simonas-app/vendor/laravel/framework/src/Illuminate/Pipeline/Pipeline.php(127): Illuminate\\Pipeline\\Pipeline->{closure:{closure:Illuminate\\Pipeline\\Pipeline::carry():184}:185}(Object(Illuminate\\Http\\Request))
#44 /Users/yapi/Adi/appdev/simonas-app/vendor/laravel/framework/src/Illuminate/Routing/Router.php(807): Illuminate\\Pipeline\\Pipeline->then(Object(Closure))
#45 /Users/yapi/Adi/appdev/simonas-app/vendor/laravel/framework/src/Illuminate/Routing/Router.php(786): Illuminate\\Routing\\Router->runRouteWithinStack(Object(Illuminate\\Routing\\Route), Object(Illuminate\\Http\\Request))
#46 /Users/yapi/Adi/appdev/simonas-app/vendor/laravel/framework/src/Illuminate/Routing/Router.php(750): Illuminate\\Routing\\Router->runRoute(Object(Illuminate\\Http\\Request), Object(Illuminate\\Routing\\Route))
#47 /Users/yapi/Adi/appdev/simonas-app/vendor/laravel/framework/src/Illuminate/Routing/Router.php(739): Illuminate\\Routing\\Router->dispatchToRoute(Object(Illuminate\\Http\\Request))
#48 /Users/yapi/Adi/appdev/simonas-app/vendor/laravel/framework/src/Illuminate/Foundation/Http/Kernel.php(201): Illuminate\\Routing\\Router->dispatch(Object(Illuminate\\Http\\Request))
#49 /Users/yapi/Adi/appdev/simonas-app/vendor/laravel/framework/src/Illuminate/Pipeline/Pipeline.php(170): Illuminate\\Foundation\\Http\\Kernel->{closure:Illuminate\\Foundation\\Http\\Kernel::dispatchToRouter():198}(Object(Illuminate\\Http\\Request))
#50 /Users/yapi/Adi/appdev/simonas-app/vendor/inertiajs/inertia-laravel/src/Middleware/EnsureGetOnRedirect.php(19): Illuminate\\Pipeline\\Pipeline->{closure:Illuminate\\Pipeline\\Pipeline::prepareDestination():168}(Object(Illuminate\\Http\\Request))
#51 /Users/yapi/Adi/appdev/simonas-app/vendor/laravel/framework/src/Illuminate/Pipeline/Pipeline.php(209): Inertia\\Middleware\\EnsureGetOnRedirect->handle(Object(Illuminate\\Http\\Request), Object(Closure))
#52 /Users/yapi/Adi/appdev/simonas-app/app/Http/Middleware/CacheStaticAssets.php(17): Illuminate\\Pipeline\\Pipeline->{closure:{closure:Illuminate\\Pipeline\\Pipeline::carry():184}:185}(Object(Illuminate\\Http\\Request))
#53 /Users/yapi/Adi/appdev/simonas-app/vendor/laravel/framework/src/Illuminate/Pipeline/Pipeline.php(209): App\\Http\\Middleware\\CacheStaticAssets->handle(Object(Illuminate\\Http\\Request), Object(Closure))
#54 /Users/yapi/Adi/appdev/simonas-app/vendor/laravel/framework/src/Illuminate/Foundation/Http/Middleware/TransformsRequest.php(21): Illuminate\\Pipeline\\Pipeline->{closure:{closure:Illuminate\\Pipeline\\Pipeline::carry():184}:185}(Object(Illuminate\\Http\\Request))
#55 /Users/yapi/Adi/appdev/simonas-app/vendor/laravel/framework/src/Illuminate/Foundation/Http/Middleware/ConvertEmptyStringsToNull.php(31): Illuminate\\Foundation\\Http\\Middleware\\TransformsRequest->handle(Object(Illuminate\\Http\\Request), Object(Closure))
#56 /Users/yapi/Adi/appdev/simonas-app/vendor/laravel/framework/src/Illuminate/Pipeline/Pipeline.php(209): Illuminate\\Foundation\\Http\\Middleware\\ConvertEmptyStringsToNull->handle(Object(Illuminate\\Http\\Request), Object(Closure))
#57 /Users/yapi/Adi/appdev/simonas-app/vendor/laravel/framework/src/Illuminate/Foundation/Http/Middleware/TransformsRequest.php(21): Illuminate\\Pipeline\\Pipeline->{closure:{closure:Illuminate\\Pipeline\\Pipeline::carry():184}:185}(Object(Illuminate\\Http\\Request))
#58 /Users/yapi/Adi/appdev/simonas-app/vendor/laravel/framework/src/Illuminate/Foundation/Http/Middleware/TrimStrings.php(51): Illuminate\\Foundation\\Http\\Middleware\\TransformsRequest->handle(Object(Illuminate\\Http\\Request), Object(Closure))
#59 /Users/yapi/Adi/appdev/simonas-app/vendor/laravel/framework/src/Illuminate/Pipeline/Pipeline.php(209): Illuminate\\Foundation\\Http\\Middleware\\TrimStrings->handle(Object(Illuminate\\Http\\Request), Object(Closure))
#60 /Users/yapi/Adi/appdev/simonas-app/vendor/laravel/framework/src/Illuminate/Http/Middleware/ValidatePostSize.php(27): Illuminate\\Pipeline\\Pipeline->{closure:{closure:Illuminate\\Pipeline\\Pipeline::carry():184}:185}(Object(Illuminate\\Http\\Request))
#61 /Users/yapi/Adi/appdev/simonas-app/vendor/laravel/framework/src/Illuminate/Pipeline/Pipeline.php(209): Illuminate\\Http\\Middleware\\ValidatePostSize->handle(Object(Illuminate\\Http\\Request), Object(Closure))
#62 /Users/yapi/Adi/appdev/simonas-app/vendor/laravel/framework/src/Illuminate/Foundation/Http/Middleware/PreventRequestsDuringMaintenance.php(110): Illuminate\\Pipeline\\Pipeline->{closure:{closure:Illuminate\\Pipeline\\Pipeline::carry():184}:185}(Object(Illuminate\\Http\\Request))
#63 /Users/yapi/Adi/appdev/simonas-app/vendor/laravel/framework/src/Illuminate/Pipeline/Pipeline.php(209): Illuminate\\Foundation\\Http\\Middleware\\PreventRequestsDuringMaintenance->handle(Object(Illuminate\\Http\\Request), Object(Closure))
#64 /Users/yapi/Adi/appdev/simonas-app/vendor/laravel/framework/src/Illuminate/Http/Middleware/HandleCors.php(49): Illuminate\\Pipeline\\Pipeline->{closure:{closure:Illuminate\\Pipeline\\Pipeline::carry():184}:185}(Object(Illuminate\\Http\\Request))
#65 /Users/yapi/Adi/appdev/simonas-app/vendor/laravel/framework/src/Illuminate/Pipeline/Pipeline.php(209): Illuminate\\Http\\Middleware\\HandleCors->handle(Object(Illuminate\\Http\\Request), Object(Closure))
#66 /Users/yapi/Adi/appdev/simonas-app/vendor/laravel/framework/src/Illuminate/Http/Middleware/TrustProxies.php(58): Illuminate\\Pipeline\\Pipeline->{closure:{closure:Illuminate\\Pipeline\\Pipeline::carry():184}:185}(Object(Illuminate\\Http\\Request))
#67 /Users/yapi/Adi/appdev/simonas-app/vendor/laravel/framework/src/Illuminate/Pipeline/Pipeline.php(209): Illuminate\\Http\\Middleware\\TrustProxies->handle(Object(Illuminate\\Http\\Request), Object(Closure))
#68 /Users/yapi/Adi/appdev/simonas-app/vendor/laravel/framework/src/Illuminate/Pipeline/Pipeline.php(127): Illuminate\\Pipeline\\Pipeline->{closure:{closure:Illuminate\\Pipeline\\Pipeline::carry():184}:185}(Object(Illuminate\\Http\\Request))
#69 /Users/yapi/Adi/appdev/simonas-app/vendor/laravel/framework/src/Illuminate/Foundation/Http/Kernel.php(176): Illuminate\\Pipeline\\Pipeline->then(Object(Closure))
#70 /Users/yapi/Adi/appdev/simonas-app/vendor/laravel/framework/src/Illuminate/Foundation/Http/Kernel.php(145): Illuminate\\Foundation\\Http\\Kernel->sendRequestThroughRouter(Object(Illuminate\\Http\\Request))
#71 /Users/yapi/Adi/appdev/simonas-app/public/index.php(18): Illuminate\\Foundation\\Http\\Kernel->handle(Object(Illuminate\\Http\\Request))
#72 /Users/yapi/Adi/appdev/simonas-app/server.php(21): require_once('/Users/yapi/Adi...')
#73 {main}
"} 
[2026-05-01 16:32:07] local.ERROR: Call to undefined method Illuminate\Database\Eloquent\Builder::addEagerConstraints() {"userId":4,"exception":"[object] (BadMethodCallException(code: 0): Call to undefined method Illuminate\\Database\\Eloquent\\Builder::addEagerConstraints() at /Users/yapi/Adi/appdev/simonas-app/vendor/laravel/framework/src/Illuminate/Support/Traits/ForwardsCalls.php:67)
[stacktrace]
#0 /Users/yapi/Adi/appdev/simonas-app/vendor/laravel/framework/src/Illuminate/Support/Traits/ForwardsCalls.php(36): Illuminate\\Database\\Eloquent\\Builder::throwBadMethodCallException('addEagerConstra...')
#1 /Users/yapi/Adi/appdev/simonas-app/vendor/laravel/framework/src/Illuminate/Database/Eloquent/Builder.php(2123): Illuminate\\Database\\Eloquent\\Builder->forwardCallTo(Object(Illuminate\\Database\\Query\\Builder), 'addEagerConstra...', Array)
#2 /Users/yapi/Adi/appdev/simonas-app/vendor/laravel/framework/src/Illuminate/Database/Eloquent/Builder.php(850): Illuminate\\Database\\Eloquent\\Builder->__call('addEagerConstra...', Array)
#3 /Users/yapi/Adi/appdev/simonas-app/vendor/laravel/framework/src/Illuminate/Database/Eloquent/Builder.php(828): Illuminate\\Database\\Eloquent\\Builder->eagerLoadRelation(Array, 'alumni', Object(Closure))
#4 /Users/yapi/Adi/appdev/simonas-app/vendor/laravel/framework/src/Illuminate/Database/Eloquent/Builder.php(794): Illuminate\\Database\\Eloquent\\Builder->eagerLoadRelations(Array)
#5 /Users/yapi/Adi/appdev/simonas-app/vendor/laravel/framework/src/Illuminate/Database/Eloquent/Builder.php(1034): Illuminate\\Database\\Eloquent\\Builder->get(Array)
#6 /Users/yapi/Adi/appdev/simonas-app/app/Http/Controllers/Web/Alumni/AlumniDatabaseController.php(33): Illuminate\\Database\\Eloquent\\Builder->paginate(12)
#7 /Users/yapi/Adi/appdev/simonas-app/vendor/laravel/framework/src/Illuminate/Routing/Controller.php(54): App\\Http\\Controllers\\Web\\Alumni\\AlumniDatabaseController->index(Object(Illuminate\\Http\\Request))
#8 /Users/yapi/Adi/appdev/simonas-app/vendor/laravel/framework/src/Illuminate/Routing/ControllerDispatcher.php(44): Illuminate\\Routing\\Controller->callAction('index', Array)
#9 /Users/yapi/Adi/appdev/simonas-app/vendor/laravel/framework/src/Illuminate/Routing/Route.php(266): Illuminate\\Routing\\ControllerDispatcher->dispatch(Object(Illuminate\\Routing\\Route), Object(App\\Http\\Controllers\\Web\\Alumni\\AlumniDatabaseController), 'index')
#10 /Users/yapi/Adi/appdev/simonas-app/vendor/laravel/framework/src/Illuminate/Routing/Route.php(212): Illuminate\\Routing\\Route->runController()
#11 /Users/yapi/Adi/appdev/simonas-app/vendor/laravel/framework/src/Illuminate/Routing/Router.php(808): Illuminate\\Routing\\Route->run()
#12 /Users/yapi/Adi/appdev/simonas-app/vendor/laravel/framework/src/Illuminate/Pipeline/Pipeline.php(170): Illuminate\\Routing\\Router->{closure:Illuminate\\Routing\\Router::runRouteWithinStack():807}(Object(Illuminate\\Http\\Request))
#13 /Users/yapi/Adi/appdev/simonas-app/vendor/laravel/framework/src/Illuminate/Auth/Middleware/Authorize.php(60): Illuminate\\Pipeline\\Pipeline->{closure:Illuminate\\Pipeline\\Pipeline::prepareDestination():168}(Object(Illuminate\\Http\\Request))
#14 /Users/yapi/Adi/appdev/simonas-app/vendor/laravel/framework/src/Illuminate/Pipeline/Pipeline.php(209): Illuminate\\Auth\\Middleware\\Authorize->handle(Object(Illuminate\\Http\\Request), Object(Closure), 'access-alumni')
#15 /Users/yapi/Adi/appdev/simonas-app/vendor/inertiajs/inertia-laravel/src/Middleware.php(138): Illuminate\\Pipeline\\Pipeline->{closure:{closure:Illuminate\\Pipeline\\Pipeline::carry():184}:185}(Object(Illuminate\\Http\\Request))
#16 /Users/yapi/Adi/appdev/simonas-app/vendor/laravel/framework/src/Illuminate/Pipeline/Pipeline.php(209): Inertia\\Middleware->handle(Object(Illuminate\\Http\\Request), Object(Closure))
#17 /Users/yapi/Adi/appdev/simonas-app/vendor/laravel/framework/src/Illuminate/Routing/Middleware/SubstituteBindings.php(51): Illuminate\\Pipeline\\Pipeline->{closure:{closure:Illuminate\\Pipeline\\Pipeline::carry():184}:185}(Object(Illuminate\\Http\\Request))
#18 /Users/yapi/Adi/appdev/simonas-app/vendor/laravel/framework/src/Illuminate/Pipeline/Pipeline.php(209): Illuminate\\Routing\\Middleware\\SubstituteBindings->handle(Object(Illuminate\\Http\\Request), Object(Closure))
#19 /Users/yapi/Adi/appdev/simonas-app/vendor/laravel/framework/src/Illuminate/Auth/Middleware/Authenticate.php(64): Illuminate\\Pipeline\\Pipeline->{closure:{closure:Illuminate\\Pipeline\\Pipeline::carry():184}:185}(Object(Illuminate\\Http\\Request))
#20 /Users/yapi/Adi/appdev/simonas-app/vendor/laravel/framework/src/Illuminate/Pipeline/Pipeline.php(209): Illuminate\\Auth\\Middleware\\Authenticate->handle(Object(Illuminate\\Http\\Request), Object(Closure))
#21 /Users/yapi/Adi/appdev/simonas-app/vendor/laravel/framework/src/Illuminate/Foundation/Http/Middleware/VerifyCsrfToken.php(88): Illuminate\\Pipeline\\Pipeline->{closure:{closure:Illuminate\\Pipeline\\Pipeline::carry():184}:185}(Object(Illuminate\\Http\\Request))
#22 /Users/yapi/Adi/appdev/simonas-app/vendor/laravel/framework/src/Illuminate/Pipeline/Pipeline.php(209): Illuminate\\Foundation\\Http\\Middleware\\VerifyCsrfToken->handle(Object(Illuminate\\Http\\Request), Object(Closure))
#23 /Users/yapi/Adi/appdev/simonas-app/vendor/laravel/framework/src/Illuminate/View/Middleware/ShareErrorsFromSession.php(49): Illuminate\\Pipeline\\Pipeline->{closure:{closure:Illuminate\\Pipeline\\Pipeline::carry():184}:185}(Object(Illuminate\\Http\\Request))
#24 /Users/yapi/Adi/appdev/simonas-app/vendor/laravel/framework/src/Illuminate/Pipeline/Pipeline.php(209): Illuminate\\View\\Middleware\\ShareErrorsFromSession->handle(Object(Illuminate\\Http\\Request), Object(Closure))
#25 /Users/yapi/Adi/appdev/simonas-app/vendor/laravel/framework/src/Illuminate/Session/Middleware/StartSession.php(121): Illuminate\\Pipeline\\Pipeline->{closure:{closure:Illuminate\\Pipeline\\Pipeline::carry():184}:185}(Object(Illuminate\\Http\\Request))
#26 /Users/yapi/Adi/appdev/simonas-app/vendor/laravel/framework/src/Illuminate/Session/Middleware/StartSession.php(64): Illuminate\\Session\\Middleware\\StartSession->handleStatefulRequest(Object(Illuminate\\Http\\Request), Object(Illuminate\\Session\\Store), Object(Closure))
#27 /Users/yapi/Adi/appdev/simonas-app/vendor/laravel/framework/src/Illuminate/Pipeline/Pipeline.php(209): Illuminate\\Session\\Middleware\\StartSession->handle(Object(Illuminate\\Http\\Request), Object(Closure))
#28 /Users/yapi/Adi/appdev/simonas-app/vendor/laravel/framework/src/Illuminate/Cookie/Middleware/AddQueuedCookiesToResponse.php(37): Illuminate\\Pipeline\\Pipeline->{closure:{closure:Illuminate\\Pipeline\\Pipeline::carry():184}:185}(Object(Illuminate\\Http\\Request))
#29 /Users/yapi/Adi/appdev/simonas-app/vendor/laravel/framework/src/Illuminate/Pipeline/Pipeline.php(209): Illuminate\\Cookie\\Middleware\\AddQueuedCookiesToResponse->handle(Object(Illuminate\\Http\\Request), Object(Closure))
#30 /Users/yapi/Adi/appdev/simonas-app/vendor/laravel/framework/src/Illuminate/Cookie/Middleware/EncryptCookies.php(75): Illuminate\\Pipeline\\Pipeline->{closure:{closure:Illuminate\\Pipeline\\Pipeline::carry():184}:185}(Object(Illuminate\\Http\\Request))
#31 /Users/yapi/Adi/appdev/simonas-app/vendor/laravel/framework/src/Illuminate/Pipeline/Pipeline.php(209): Illuminate\\Cookie\\Middleware\\EncryptCookies->handle(Object(Illuminate\\Http\\Request), Object(Closure))
#32 /Users/yapi/Adi/appdev/simonas-app/vendor/laravel/framework/src/Illuminate/Pipeline/Pipeline.php(127): Illuminate\\Pipeline\\Pipeline->{closure:{closure:Illuminate\\Pipeline\\Pipeline::carry():184}:185}(Object(Illuminate\\Http\\Request))
#33 /Users/yapi/Adi/appdev/simonas-app/vendor/laravel/framework/src/Illuminate/Routing/Router.php(807): Illuminate\\Pipeline\\Pipeline->then(Object(Closure))
#34 /Users/yapi/Adi/appdev/simonas-app/vendor/laravel/framework/src/Illuminate/Routing/Router.php(786): Illuminate\\Routing\\Router->runRouteWithinStack(Object(Illuminate\\Routing\\Route), Object(Illuminate\\Http\\Request))
#35 /Users/yapi/Adi/appdev/simonas-app/vendor/laravel/framework/src/Illuminate/Routing/Router.php(750): Illuminate\\Routing\\Router->runRoute(Object(Illuminate\\Http\\Request), Object(Illuminate\\Routing\\Route))
#36 /Users/yapi/Adi/appdev/simonas-app/vendor/laravel/framework/src/Illuminate/Routing/Router.php(739): Illuminate\\Routing\\Router->dispatchToRoute(Object(Illuminate\\Http\\Request))
#37 /Users/yapi/Adi/appdev/simonas-app/vendor/laravel/framework/src/Illuminate/Foundation/Http/Kernel.php(201): Illuminate\\Routing\\Router->dispatch(Object(Illuminate\\Http\\Request))
#38 /Users/yapi/Adi/appdev/simonas-app/vendor/laravel/framework/src/Illuminate/Pipeline/Pipeline.php(170): Illuminate\\Foundation\\Http\\Kernel->{closure:Illuminate\\Foundation\\Http\\Kernel::dispatchToRouter():198}(Object(Illuminate\\Http\\Request))
#39 /Users/yapi/Adi/appdev/simonas-app/vendor/inertiajs/inertia-laravel/src/Middleware/EnsureGetOnRedirect.php(19): Illuminate\\Pipeline\\Pipeline->{closure:Illuminate\\Pipeline\\Pipeline::prepareDestination():168}(Object(Illuminate\\Http\\Request))
#40 /Users/yapi/Adi/appdev/simonas-app/vendor/laravel/framework/src/Illuminate/Pipeline/Pipeline.php(209): Inertia\\Middleware\\EnsureGetOnRedirect->handle(Object(Illuminate\\Http\\Request), Object(Closure))
#41 /Users/yapi/Adi/appdev/simonas-app/app/Http/Middleware/CacheStaticAssets.php(17): Illuminate\\Pipeline\\Pipeline->{closure:{closure:Illuminate\\Pipeline\\Pipeline::carry():184}:185}(Object(Illuminate\\Http\\Request))
#42 /Users/yapi/Adi/appdev/simonas-app/vendor/laravel/framework/src/Illuminate/Pipeline/Pipeline.php(209): App\\Http\\Middleware\\CacheStaticAssets->handle(Object(Illuminate\\Http\\Request), Object(Closure))
#43 /Users/yapi/Adi/appdev/simonas-app/vendor/laravel/framework/src/Illuminate/Foundation/Http/Middleware/TransformsRequest.php(21): Illuminate\\Pipeline\\Pipeline->{closure:{closure:Illuminate\\Pipeline\\Pipeline::carry():184}:185}(Object(Illuminate\\Http\\Request))
#44 /Users/yapi/Adi/appdev/simonas-app/vendor/laravel/framework/src/Illuminate/Foundation/Http/Middleware/ConvertEmptyStringsToNull.php(31): Illuminate\\Foundation\\Http\\Middleware\\TransformsRequest->handle(Object(Illuminate\\Http\\Request), Object(Closure))
#45 /Users/yapi/Adi/appdev/simonas-app/vendor/laravel/framework/src/Illuminate/Pipeline/Pipeline.php(209): Illuminate\\Foundation\\Http\\Middleware\\ConvertEmptyStringsToNull->handle(Object(Illuminate\\Http\\Request), Object(Closure))
#46 /Users/yapi/Adi/appdev/simonas-app/vendor/laravel/framework/src/Illuminate/Foundation/Http/Middleware/TransformsRequest.php(21): Illuminate\\Pipeline\\Pipeline->{closure:{closure:Illuminate\\Pipeline\\Pipeline::carry():184}:185}(Object(Illuminate\\Http\\Request))
#47 /Users/yapi/Adi/appdev/simonas-app/vendor/laravel/framework/src/Illuminate/Foundation/Http/Middleware/TrimStrings.php(51): Illuminate\\Foundation\\Http\\Middleware\\TransformsRequest->handle(Object(Illuminate\\Http\\Request), Object(Closure))
#48 /Users/yapi/Adi/appdev/simonas-app/vendor/laravel/framework/src/Illuminate/Pipeline/Pipeline.php(209): Illuminate\\Foundation\\Http\\Middleware\\TrimStrings->handle(Object(Illuminate\\Http\\Request), Object(Closure))
#49 /Users/yapi/Adi/appdev/simonas-app/vendor/laravel/framework/src/Illuminate/Http/Middleware/ValidatePostSize.php(27): Illuminate\\Pipeline\\Pipeline->{closure:{closure:Illuminate\\Pipeline\\Pipeline::carry():184}:185}(Object(Illuminate\\Http\\Request))
#50 /Users/yapi/Adi/appdev/simonas-app/vendor/laravel/framework/src/Illuminate/Pipeline/Pipeline.php(209): Illuminate\\Http\\Middleware\\ValidatePostSize->handle(Object(Illuminate\\Http\\Request), Object(Closure))
#51 /Users/yapi/Adi/appdev/simonas-app/vendor/laravel/framework/src/Illuminate/Foundation/Http/Middleware/PreventRequestsDuringMaintenance.php(110): Illuminate\\Pipeline\\Pipeline->{closure:{closure:Illuminate\\Pipeline\\Pipeline::carry():184}:185}(Object(Illuminate\\Http\\Request))
#52 /Users/yapi/Adi/appdev/simonas-app/vendor/laravel/framework/src/Illuminate/Pipeline/Pipeline.php(209): Illuminate\\Foundation\\Http\\Middleware\\PreventRequestsDuringMaintenance->handle(Object(Illuminate\\Http\\Request), Object(Closure))
#53 /Users/yapi/Adi/appdev/simonas-app/vendor/laravel/framework/src/Illuminate/Http/Middleware/HandleCors.php(49): Illuminate\\Pipeline\\Pipeline->{closure:{closure:Illuminate\\Pipeline\\Pipeline::carry():184}:185}(Object(Illuminate\\Http\\Request))
#54 /Users/yapi/Adi/appdev/simonas-app/vendor/laravel/framework/src/Illuminate/Pipeline/Pipeline.php(209): Illuminate\\Http\\Middleware\\HandleCors->handle(Object(Illuminate\\Http\\Request), Object(Closure))
#55 /Users/yapi/Adi/appdev/simonas-app/vendor/laravel/framework/src/Illuminate/Http/Middleware/TrustProxies.php(58): Illuminate\\Pipeline\\Pipeline->{closure:{closure:Illuminate\\Pipeline\\Pipeline::carry():184}:185}(Object(Illuminate\\Http\\Request))
#56 /Users/yapi/Adi/appdev/simonas-app/vendor/laravel/framework/src/Illuminate/Pipeline/Pipeline.php(209): Illuminate\\Http\\Middleware\\TrustProxies->handle(Object(Illuminate\\Http\\Request), Object(Closure))
#57 /Users/yapi/Adi/appdev/simonas-app/vendor/laravel/framework/src/Illuminate/Pipeline/Pipeline.php(127): Illuminate\\Pipeline\\Pipeline->{closure:{closure:Illuminate\\Pipeline\\Pipeline::carry():184}:185}(Object(Illuminate\\Http\\Request))
#58 /Users/yapi/Adi/appdev/simonas-app/vendor/laravel/framework/src/Illuminate/Foundation/Http/Kernel.php(176): Illuminate\\Pipeline\\Pipeline->then(Object(Closure))
#59 /Users/yapi/Adi/appdev/simonas-app/vendor/laravel/framework/src/Illuminate/Foundation/Http/Kernel.php(145): Illuminate\\Foundation\\Http\\Kernel->sendRequestThroughRouter(Object(Illuminate\\Http\\Request))
#60 /Users/yapi/Adi/appdev/simonas-app/public/index.php(18): Illuminate\\Foundation\\Http\\Kernel->handle(Object(Illuminate\\Http\\Request))
#61 /Users/yapi/Adi/appdev/simonas-app/server.php(21): require_once('/Users/yapi/Adi...')
#62 {main}
"} 
[2026-05-02 01:05:33] local.ERROR: Call to undefined relationship [komponen] on model [App\Models\Leadership]. {"userId":2,"exception":"[object] (Illuminate\\Database\\Eloquent\\RelationNotFoundException(code: 0): Call to undefined relationship [komponen] on model [App\\Models\\Leadership]. at /Users/yapi/Adi/appdev/simonas-app/vendor/laravel/framework/src/Illuminate/Database/Eloquent/RelationNotFoundException.php:35)
[stacktrace]
#0 /Users/yapi/Adi/appdev/simonas-app/vendor/laravel/framework/src/Illuminate/Database/Eloquent/Builder.php(878): Illuminate\\Database\\Eloquent\\RelationNotFoundException::make(Object(App\\Models\\Leadership), 'komponen')
#1 /Users/yapi/Adi/appdev/simonas-app/vendor/laravel/framework/src/Illuminate/Database/Eloquent/Relations/Relation.php(120): Illuminate\\Database\\Eloquent\\Builder->{closure:Illuminate\\Database\\Eloquent\\Builder::getRelation():874}()
#2 /Users/yapi/Adi/appdev/simonas-app/vendor/laravel/framework/src/Illuminate/Database/Eloquent/Builder.php(874): Illuminate\\Database\\Eloquent\\Relations\\Relation::noConstraints(Object(Closure))
#3 /Users/yapi/Adi/appdev/simonas-app/vendor/laravel/framework/src/Illuminate/Database/Eloquent/Builder.php(848): Illuminate\\Database\\Eloquent\\Builder->getRelation('komponen')
#4 /Users/yapi/Adi/appdev/simonas-app/vendor/laravel/framework/src/Illuminate/Database/Eloquent/Builder.php(828): Illuminate\\Database\\Eloquent\\Builder->eagerLoadRelation(Array, 'komponen', Object(Closure))
#5 /Users/yapi/Adi/appdev/simonas-app/vendor/laravel/framework/src/Illuminate/Database/Eloquent/Builder.php(794): Illuminate\\Database\\Eloquent\\Builder->eagerLoadRelations(Array)
#6 /Users/yapi/Adi/appdev/simonas-app/app/Http/Controllers/Web/Mahasiswa/AktivitasController.php(44): Illuminate\\Database\\Eloquent\\Builder->get()
#7 /Users/yapi/Adi/appdev/simonas-app/vendor/laravel/framework/src/Illuminate/Routing/Controller.php(54): App\\Http\\Controllers\\Web\\Mahasiswa\\AktivitasController->index(Object(Illuminate\\Http\\Request))
#8 /Users/yapi/Adi/appdev/simonas-app/vendor/laravel/framework/src/Illuminate/Routing/ControllerDispatcher.php(44): Illuminate\\Routing\\Controller->callAction('index', Array)
#9 /Users/yapi/Adi/appdev/simonas-app/vendor/laravel/framework/src/Illuminate/Routing/Route.php(266): Illuminate\\Routing\\ControllerDispatcher->dispatch(Object(Illuminate\\Routing\\Route), Object(App\\Http\\Controllers\\Web\\Mahasiswa\\AktivitasController), 'index')
#10 /Users/yapi/Adi/appdev/simonas-app/vendor/laravel/framework/src/Illuminate/Routing/Route.php(212): Illuminate\\Routing\\Route->runController()
#11 /Users/yapi/Adi/appdev/simonas-app/vendor/laravel/framework/src/Illuminate/Routing/Router.php(808): Illuminate\\Routing\\Route->run()
#12 /Users/yapi/Adi/appdev/simonas-app/vendor/laravel/framework/src/Illuminate/Pipeline/Pipeline.php(170): Illuminate\\Routing\\Router->{closure:Illuminate\\Routing\\Router::runRouteWithinStack():807}(Object(Illuminate\\Http\\Request))
#13 /Users/yapi/Adi/appdev/simonas-app/vendor/laravel/framework/src/Illuminate/Auth/Middleware/Authorize.php(60): Illuminate\\Pipeline\\Pipeline->{closure:Illuminate\\Pipeline\\Pipeline::prepareDestination():168}(Object(Illuminate\\Http\\Request))
#14 /Users/yapi/Adi/appdev/simonas-app/vendor/laravel/framework/src/Illuminate/Pipeline/Pipeline.php(209): Illuminate\\Auth\\Middleware\\Authorize->handle(Object(Illuminate\\Http\\Request), Object(Closure), 'access-mahasisw...')
#15 /Users/yapi/Adi/appdev/simonas-app/vendor/inertiajs/inertia-laravel/src/Middleware.php(138): Illuminate\\Pipeline\\Pipeline->{closure:{closure:Illuminate\\Pipeline\\Pipeline::carry():184}:185}(Object(Illuminate\\Http\\Request))
#16 /Users/yapi/Adi/appdev/simonas-app/vendor/laravel/framework/src/Illuminate/Pipeline/Pipeline.php(209): Inertia\\Middleware->handle(Object(Illuminate\\Http\\Request), Object(Closure))
#17 /Users/yapi/Adi/appdev/simonas-app/vendor/laravel/framework/src/Illuminate/Routing/Middleware/SubstituteBindings.php(51): Illuminate\\Pipeline\\Pipeline->{closure:{closure:Illuminate\\Pipeline\\Pipeline::carry():184}:185}(Object(Illuminate\\Http\\Request))
#18 /Users/yapi/Adi/appdev/simonas-app/vendor/laravel/framework/src/Illuminate/Pipeline/Pipeline.php(209): Illuminate\\Routing\\Middleware\\SubstituteBindings->handle(Object(Illuminate\\Http\\Request), Object(Closure))
#19 /Users/yapi/Adi/appdev/simonas-app/vendor/laravel/framework/src/Illuminate/Auth/Middleware/Authenticate.php(64): Illuminate\\Pipeline\\Pipeline->{closure:{closure:Illuminate\\Pipeline\\Pipeline::carry():184}:185}(Object(Illuminate\\Http\\Request))
#20 /Users/yapi/Adi/appdev/simonas-app/vendor/laravel/framework/src/Illuminate/Pipeline/Pipeline.php(209): Illuminate\\Auth\\Middleware\\Authenticate->handle(Object(Illuminate\\Http\\Request), Object(Closure))
#21 /Users/yapi/Adi/appdev/simonas-app/vendor/laravel/framework/src/Illuminate/Foundation/Http/Middleware/VerifyCsrfToken.php(88): Illuminate\\Pipeline\\Pipeline->{closure:{closure:Illuminate\\Pipeline\\Pipeline::carry():184}:185}(Object(Illuminate\\Http\\Request))
#22 /Users/yapi/Adi/appdev/simonas-app/vendor/laravel/framework/src/Illuminate/Pipeline/Pipeline.php(209): Illuminate\\Foundation\\Http\\Middleware\\VerifyCsrfToken->handle(Object(Illuminate\\Http\\Request), Object(Closure))
#23 /Users/yapi/Adi/appdev/simonas-app/vendor/laravel/framework/src/Illuminate/View/Middleware/ShareErrorsFromSession.php(49): Illuminate\\Pipeline\\Pipeline->{closure:{closure:Illuminate\\Pipeline\\Pipeline::carry():184}:185}(Object(Illuminate\\Http\\Request))
#24 /Users/yapi/Adi/appdev/simonas-app/vendor/laravel/framework/src/Illuminate/Pipeline/Pipeline.php(209): Illuminate\\View\\Middleware\\ShareErrorsFromSession->handle(Object(Illuminate\\Http\\Request), Object(Closure))
#25 /Users/yapi/Adi/appdev/simonas-app/vendor/laravel/framework/src/Illuminate/Session/Middleware/StartSession.php(121): Illuminate\\Pipeline\\Pipeline->{closure:{closure:Illuminate\\Pipeline\\Pipeline::carry():184}:185}(Object(Illuminate\\Http\\Request))
#26 /Users/yapi/Adi/appdev/simonas-app/vendor/laravel/framework/src/Illuminate/Session/Middleware/StartSession.php(64): Illuminate\\Session\\Middleware\\StartSession->handleStatefulRequest(Object(Illuminate\\Http\\Request), Object(Illuminate\\Session\\Store), Object(Closure))
#27 /Users/yapi/Adi/appdev/simonas-app/vendor/laravel/framework/src/Illuminate/Pipeline/Pipeline.php(209): Illuminate\\Session\\Middleware\\StartSession->handle(Object(Illuminate\\Http\\Request), Object(Closure))
#28 /Users/yapi/Adi/appdev/simonas-app/vendor/laravel/framework/src/Illuminate/Cookie/Middleware/AddQueuedCookiesToResponse.php(37): Illuminate\\Pipeline\\Pipeline->{closure:{closure:Illuminate\\Pipeline\\Pipeline::carry():184}:185}(Object(Illuminate\\Http\\Request))
#29 /Users/yapi/Adi/appdev/simonas-app/vendor/laravel/framework/src/Illuminate/Pipeline/Pipeline.php(209): Illuminate\\Cookie\\Middleware\\AddQueuedCookiesToResponse->handle(Object(Illuminate\\Http\\Request), Object(Closure))
#30 /Users/yapi/Adi/appdev/simonas-app/vendor/laravel/framework/src/Illuminate/Cookie/Middleware/EncryptCookies.php(75): Illuminate\\Pipeline\\Pipeline->{closure:{closure:Illuminate\\Pipeline\\Pipeline::carry():184}:185}(Object(Illuminate\\Http\\Request))
#31 /Users/yapi/Adi/appdev/simonas-app/vendor/laravel/framework/src/Illuminate/Pipeline/Pipeline.php(209): Illuminate\\Cookie\\Middleware\\EncryptCookies->handle(Object(Illuminate\\Http\\Request), Object(Closure))
#32 /Users/yapi/Adi/appdev/simonas-app/vendor/laravel/framework/src/Illuminate/Pipeline/Pipeline.php(127): Illuminate\\Pipeline\\Pipeline->{closure:{closure:Illuminate\\Pipeline\\Pipeline::carry():184}:185}(Object(Illuminate\\Http\\Request))
#33 /Users/yapi/Adi/appdev/simonas-app/vendor/laravel/framework/src/Illuminate/Routing/Router.php(807): Illuminate\\Pipeline\\Pipeline->then(Object(Closure))
#34 /Users/yapi/Adi/appdev/simonas-app/vendor/laravel/framework/src/Illuminate/Routing/Router.php(786): Illuminate\\Routing\\Router->runRouteWithinStack(Object(Illuminate\\Routing\\Route), Object(Illuminate\\Http\\Request))
#35 /Users/yapi/Adi/appdev/simonas-app/vendor/laravel/framework/src/Illuminate/Routing/Router.php(750): Illuminate\\Routing\\Router->runRoute(Object(Illuminate\\Http\\Request), Object(Illuminate\\Routing\\Route))
#36 /Users/yapi/Adi/appdev/simonas-app/vendor/laravel/framework/src/Illuminate/Routing/Router.php(739): Illuminate\\Routing\\Router->dispatchToRoute(Object(Illuminate\\Http\\Request))
#37 /Users/yapi/Adi/appdev/simonas-app/vendor/laravel/framework/src/Illuminate/Foundation/Http/Kernel.php(201): Illuminate\\Routing\\Router->dispatch(Object(Illuminate\\Http\\Request))
#38 /Users/yapi/Adi/appdev/simonas-app/vendor/laravel/framework/src/Illuminate/Pipeline/Pipeline.php(170): Illuminate\\Foundation\\Http\\Kernel->{closure:Illuminate\\Foundation\\Http\\Kernel::dispatchToRouter():198}(Object(Illuminate\\Http\\Request))
#39 /Users/yapi/Adi/appdev/simonas-app/vendor/inertiajs/inertia-laravel/src/Middleware/EnsureGetOnRedirect.php(19): Illuminate\\Pipeline\\Pipeline->{closure:Illuminate\\Pipeline\\Pipeline::prepareDestination():168}(Object(Illuminate\\Http\\Request))
#40 /Users/yapi/Adi/appdev/simonas-app/vendor/laravel/framework/src/Illuminate/Pipeline/Pipeline.php(209): Inertia\\Middleware\\EnsureGetOnRedirect->handle(Object(Illuminate\\Http\\Request), Object(Closure))
#41 /Users/yapi/Adi/appdev/simonas-app/app/Http/Middleware/CacheStaticAssets.php(17): Illuminate\\Pipeline\\Pipeline->{closure:{closure:Illuminate\\Pipeline\\Pipeline::carry():184}:185}(Object(Illuminate\\Http\\Request))
#42 /Users/yapi/Adi/appdev/simonas-app/vendor/laravel/framework/src/Illuminate/Pipeline/Pipeline.php(209): App\\Http\\Middleware\\CacheStaticAssets->handle(Object(Illuminate\\Http\\Request), Object(Closure))
#43 /Users/yapi/Adi/appdev/simonas-app/vendor/laravel/framework/src/Illuminate/Foundation/Http/Middleware/TransformsRequest.php(21): Illuminate\\Pipeline\\Pipeline->{closure:{closure:Illuminate\\Pipeline\\Pipeline::carry():184}:185}(Object(Illuminate\\Http\\Request))
#44 /Users/yapi/Adi/appdev/simonas-app/vendor/laravel/framework/src/Illuminate/Foundation/Http/Middleware/ConvertEmptyStringsToNull.php(31): Illuminate\\Foundation\\Http\\Middleware\\TransformsRequest->handle(Object(Illuminate\\Http\\Request), Object(Closure))
#45 /Users/yapi/Adi/appdev/simonas-app/vendor/laravel/framework/src/Illuminate/Pipeline/Pipeline.php(209): Illuminate\\Foundation\\Http\\Middleware\\ConvertEmptyStringsToNull->handle(Object(Illuminate\\Http\\Request), Object(Closure))
#46 /Users/yapi/Adi/appdev/simonas-app/vendor/laravel/framework/src/Illuminate/Foundation/Http/Middleware/TransformsRequest.php(21): Illuminate\\Pipeline\\Pipeline->{closure:{closure:Illuminate\\Pipeline\\Pipeline::carry():184}:185}(Object(Illuminate\\Http\\Request))
#47 /Users/yapi/Adi/appdev/simonas-app/vendor/laravel/framework/src/Illuminate/Foundation/Http/Middleware/TrimStrings.php(51): Illuminate\\Foundation\\Http\\Middleware\\TransformsRequest->handle(Object(Illuminate\\Http\\Request), Object(Closure))
#48 /Users/yapi/Adi/appdev/simonas-app/vendor/laravel/framework/src/Illuminate/Pipeline/Pipeline.php(209): Illuminate\\Foundation\\Http\\Middleware\\TrimStrings->handle(Object(Illuminate\\Http\\Request), Object(Closure))
#49 /Users/yapi/Adi/appdev/simonas-app/vendor/laravel/framework/src/Illuminate/Http/Middleware/ValidatePostSize.php(27): Illuminate\\Pipeline\\Pipeline->{closure:{closure:Illuminate\\Pipeline\\Pipeline::carry():184}:185}(Object(Illuminate\\Http\\Request))
#50 /Users/yapi/Adi/appdev/simonas-app/vendor/laravel/framework/src/Illuminate/Pipeline/Pipeline.php(209): Illuminate\\Http\\Middleware\\ValidatePostSize->handle(Object(Illuminate\\Http\\Request), Object(Closure))
#51 /Users/yapi/Adi/appdev/simonas-app/vendor/laravel/framework/src/Illuminate/Foundation/Http/Middleware/PreventRequestsDuringMaintenance.php(110): Illuminate\\Pipeline\\Pipeline->{closure:{closure:Illuminate\\Pipeline\\Pipeline::carry():184}:185}(Object(Illuminate\\Http\\Request))
#52 /Users/yapi/Adi/appdev/simonas-app/vendor/laravel/framework/src/Illuminate/Pipeline/Pipeline.php(209): Illuminate\\Foundation\\Http\\Middleware\\PreventRequestsDuringMaintenance->handle(Object(Illuminate\\Http\\Request), Object(Closure))
#53 /Users/yapi/Adi/appdev/simonas-app/vendor/laravel/framework/src/Illuminate/Http/Middleware/HandleCors.php(49): Illuminate\\Pipeline\\Pipeline->{closure:{closure:Illuminate\\Pipeline\\Pipeline::carry():184}:185}(Object(Illuminate\\Http\\Request))
#54 /Users/yapi/Adi/appdev/simonas-app/vendor/laravel/framework/src/Illuminate/Pipeline/Pipeline.php(209): Illuminate\\Http\\Middleware\\HandleCors->handle(Object(Illuminate\\Http\\Request), Object(Closure))
#55 /Users/yapi/Adi/appdev/simonas-app/vendor/laravel/framework/src/Illuminate/Http/Middleware/TrustProxies.php(58): Illuminate\\Pipeline\\Pipeline->{closure:{closure:Illuminate\\Pipeline\\Pipeline::carry():184}:185}(Object(Illuminate\\Http\\Request))
#56 /Users/yapi/Adi/appdev/simonas-app/vendor/laravel/framework/src/Illuminate/Pipeline/Pipeline.php(209): Illuminate\\Http\\Middleware\\TrustProxies->handle(Object(Illuminate\\Http\\Request), Object(Closure))
#57 /Users/yapi/Adi/appdev/simonas-app/vendor/laravel/framework/src/Illuminate/Pipeline/Pipeline.php(127): Illuminate\\Pipeline\\Pipeline->{closure:{closure:Illuminate\\Pipeline\\Pipeline::carry():184}:185}(Object(Illuminate\\Http\\Request))
#58 /Users/yapi/Adi/appdev/simonas-app/vendor/laravel/framework/src/Illuminate/Foundation/Http/Kernel.php(176): Illuminate\\Pipeline\\Pipeline->then(Object(Closure))
#59 /Users/yapi/Adi/appdev/simonas-app/vendor/laravel/framework/src/Illuminate/Foundation/Http/Kernel.php(145): Illuminate\\Foundation\\Http\\Kernel->sendRequestThroughRouter(Object(Illuminate\\Http\\Request))
#60 /Users/yapi/Adi/appdev/simonas-app/public/index.php(18): Illuminate\\Foundation\\Http\\Kernel->handle(Object(Illuminate\\Http\\Request))
#61 /Users/yapi/Adi/appdev/simonas-app/server.php(21): require_once('/Users/yapi/Adi...')
#62 {main}
"} 
[2026-05-02 01:06:07] local.ERROR: Call to undefined relationship [komponen] on model [App\Models\Leadership]. {"userId":2,"exception":"[object] (Illuminate\\Database\\Eloquent\\RelationNotFoundException(code: 0): Call to undefined relationship [komponen] on model [App\\Models\\Leadership]. at /Users/yapi/Adi/appdev/simonas-app/vendor/laravel/framework/src/Illuminate/Database/Eloquent/RelationNotFoundException.php:35)
[stacktrace]
#0 /Users/yapi/Adi/appdev/simonas-app/vendor/laravel/framework/src/Illuminate/Database/Eloquent/Builder.php(878): Illuminate\\Database\\Eloquent\\RelationNotFoundException::make(Object(App\\Models\\Leadership), 'komponen')
#1 /Users/yapi/Adi/appdev/simonas-app/vendor/laravel/framework/src/Illuminate/Database/Eloquent/Relations/Relation.php(120): Illuminate\\Database\\Eloquent\\Builder->{closure:Illuminate\\Database\\Eloquent\\Builder::getRelation():874}()
#2 /Users/yapi/Adi/appdev/simonas-app/vendor/laravel/framework/src/Illuminate/Database/Eloquent/Builder.php(874): Illuminate\\Database\\Eloquent\\Relations\\Relation::noConstraints(Object(Closure))
#3 /Users/yapi/Adi/appdev/simonas-app/vendor/laravel/framework/src/Illuminate/Database/Eloquent/Builder.php(848): Illuminate\\Database\\Eloquent\\Builder->getRelation('komponen')
#4 /Users/yapi/Adi/appdev/simonas-app/vendor/laravel/framework/src/Illuminate/Database/Eloquent/Builder.php(828): Illuminate\\Database\\Eloquent\\Builder->eagerLoadRelation(Array, 'komponen', Object(Closure))
#5 /Users/yapi/Adi/appdev/simonas-app/vendor/laravel/framework/src/Illuminate/Database/Eloquent/Builder.php(794): Illuminate\\Database\\Eloquent\\Builder->eagerLoadRelations(Array)
#6 /Users/yapi/Adi/appdev/simonas-app/app/Http/Controllers/Web/Mahasiswa/AktivitasController.php(44): Illuminate\\Database\\Eloquent\\Builder->get()
#7 /Users/yapi/Adi/appdev/simonas-app/vendor/laravel/framework/src/Illuminate/Routing/Controller.php(54): App\\Http\\Controllers\\Web\\Mahasiswa\\AktivitasController->index(Object(Illuminate\\Http\\Request))
#8 /Users/yapi/Adi/appdev/simonas-app/vendor/laravel/framework/src/Illuminate/Routing/ControllerDispatcher.php(44): Illuminate\\Routing\\Controller->callAction('index', Array)
#9 /Users/yapi/Adi/appdev/simonas-app/vendor/laravel/framework/src/Illuminate/Routing/Route.php(266): Illuminate\\Routing\\ControllerDispatcher->dispatch(Object(Illuminate\\Routing\\Route), Object(App\\Http\\Controllers\\Web\\Mahasiswa\\AktivitasController), 'index')
#10 /Users/yapi/Adi/appdev/simonas-app/vendor/laravel/framework/src/Illuminate/Routing/Route.php(212): Illuminate\\Routing\\Route->runController()
#11 /Users/yapi/Adi/appdev/simonas-app/vendor/laravel/framework/src/Illuminate/Routing/Router.php(808): Illuminate\\Routing\\Route->run()
#12 /Users/yapi/Adi/appdev/simonas-app/vendor/laravel/framework/src/Illuminate/Pipeline/Pipeline.php(170): Illuminate\\Routing\\Router->{closure:Illuminate\\Routing\\Router::runRouteWithinStack():807}(Object(Illuminate\\Http\\Request))
#13 /Users/yapi/Adi/appdev/simonas-app/vendor/laravel/framework/src/Illuminate/Auth/Middleware/Authorize.php(60): Illuminate\\Pipeline\\Pipeline->{closure:Illuminate\\Pipeline\\Pipeline::prepareDestination():168}(Object(Illuminate\\Http\\Request))
#14 /Users/yapi/Adi/appdev/simonas-app/vendor/laravel/framework/src/Illuminate/Pipeline/Pipeline.php(209): Illuminate\\Auth\\Middleware\\Authorize->handle(Object(Illuminate\\Http\\Request), Object(Closure), 'access-mahasisw...')
#15 /Users/yapi/Adi/appdev/simonas-app/vendor/inertiajs/inertia-laravel/src/Middleware.php(138): Illuminate\\Pipeline\\Pipeline->{closure:{closure:Illuminate\\Pipeline\\Pipeline::carry():184}:185}(Object(Illuminate\\Http\\Request))
#16 /Users/yapi/Adi/appdev/simonas-app/vendor/laravel/framework/src/Illuminate/Pipeline/Pipeline.php(209): Inertia\\Middleware->handle(Object(Illuminate\\Http\\Request), Object(Closure))
#17 /Users/yapi/Adi/appdev/simonas-app/vendor/laravel/framework/src/Illuminate/Routing/Middleware/SubstituteBindings.php(51): Illuminate\\Pipeline\\Pipeline->{closure:{closure:Illuminate\\Pipeline\\Pipeline::carry():184}:185}(Object(Illuminate\\Http\\Request))
#18 /Users/yapi/Adi/appdev/simonas-app/vendor/laravel/framework/src/Illuminate/Pipeline/Pipeline.php(209): Illuminate\\Routing\\Middleware\\SubstituteBindings->handle(Object(Illuminate\\Http\\Request), Object(Closure))
#19 /Users/yapi/Adi/appdev/simonas-app/vendor/laravel/framework/src/Illuminate/Auth/Middleware/Authenticate.php(64): Illuminate\\Pipeline\\Pipeline->{closure:{closure:Illuminate\\Pipeline\\Pipeline::carry():184}:185}(Object(Illuminate\\Http\\Request))
#20 /Users/yapi/Adi/appdev/simonas-app/vendor/laravel/framework/src/Illuminate/Pipeline/Pipeline.php(209): Illuminate\\Auth\\Middleware\\Authenticate->handle(Object(Illuminate\\Http\\Request), Object(Closure))
#21 /Users/yapi/Adi/appdev/simonas-app/vendor/laravel/framework/src/Illuminate/Foundation/Http/Middleware/VerifyCsrfToken.php(88): Illuminate\\Pipeline\\Pipeline->{closure:{closure:Illuminate\\Pipeline\\Pipeline::carry():184}:185}(Object(Illuminate\\Http\\Request))
#22 /Users/yapi/Adi/appdev/simonas-app/vendor/laravel/framework/src/Illuminate/Pipeline/Pipeline.php(209): Illuminate\\Foundation\\Http\\Middleware\\VerifyCsrfToken->handle(Object(Illuminate\\Http\\Request), Object(Closure))
#23 /Users/yapi/Adi/appdev/simonas-app/vendor/laravel/framework/src/Illuminate/View/Middleware/ShareErrorsFromSession.php(49): Illuminate\\Pipeline\\Pipeline->{closure:{closure:Illuminate\\Pipeline\\Pipeline::carry():184}:185}(Object(Illuminate\\Http\\Request))
#24 /Users/yapi/Adi/appdev/simonas-app/vendor/laravel/framework/src/Illuminate/Pipeline/Pipeline.php(209): Illuminate\\View\\Middleware\\ShareErrorsFromSession->handle(Object(Illuminate\\Http\\Request), Object(Closure))
#25 /Users/yapi/Adi/appdev/simonas-app/vendor/laravel/framework/src/Illuminate/Session/Middleware/StartSession.php(121): Illuminate\\Pipeline\\Pipeline->{closure:{closure:Illuminate\\Pipeline\\Pipeline::carry():184}:185}(Object(Illuminate\\Http\\Request))
#26 /Users/yapi/Adi/appdev/simonas-app/vendor/laravel/framework/src/Illuminate/Session/Middleware/StartSession.php(64): Illuminate\\Session\\Middleware\\StartSession->handleStatefulRequest(Object(Illuminate\\Http\\Request), Object(Illuminate\\Session\\Store), Object(Closure))
#27 /Users/yapi/Adi/appdev/simonas-app/vendor/laravel/framework/src/Illuminate/Pipeline/Pipeline.php(209): Illuminate\\Session\\Middleware\\StartSession->handle(Object(Illuminate\\Http\\Request), Object(Closure))
#28 /Users/yapi/Adi/appdev/simonas-app/vendor/laravel/framework/src/Illuminate/Cookie/Middleware/AddQueuedCookiesToResponse.php(37): Illuminate\\Pipeline\\Pipeline->{closure:{closure:Illuminate\\Pipeline\\Pipeline::carry():184}:185}(Object(Illuminate\\Http\\Request))
#29 /Users/yapi/Adi/appdev/simonas-app/vendor/laravel/framework/src/Illuminate/Pipeline/Pipeline.php(209): Illuminate\\Cookie\\Middleware\\AddQueuedCookiesToResponse->handle(Object(Illuminate\\Http\\Request), Object(Closure))
#30 /Users/yapi/Adi/appdev/simonas-app/vendor/laravel/framework/src/Illuminate/Cookie/Middleware/EncryptCookies.php(75): Illuminate\\Pipeline\\Pipeline->{closure:{closure:Illuminate\\Pipeline\\Pipeline::carry():184}:185}(Object(Illuminate\\Http\\Request))
#31 /Users/yapi/Adi/appdev/simonas-app/vendor/laravel/framework/src/Illuminate/Pipeline/Pipeline.php(209): Illuminate\\Cookie\\Middleware\\EncryptCookies->handle(Object(Illuminate\\Http\\Request), Object(Closure))
#32 /Users/yapi/Adi/appdev/simonas-app/vendor/laravel/framework/src/Illuminate/Pipeline/Pipeline.php(127): Illuminate\\Pipeline\\Pipeline->{closure:{closure:Illuminate\\Pipeline\\Pipeline::carry():184}:185}(Object(Illuminate\\Http\\Request))
#33 /Users/yapi/Adi/appdev/simonas-app/vendor/laravel/framework/src/Illuminate/Routing/Router.php(807): Illuminate\\Pipeline\\Pipeline->then(Object(Closure))
#34 /Users/yapi/Adi/appdev/simonas-app/vendor/laravel/framework/src/Illuminate/Routing/Router.php(786): Illuminate\\Routing\\Router->runRouteWithinStack(Object(Illuminate\\Routing\\Route), Object(Illuminate\\Http\\Request))
#35 /Users/yapi/Adi/appdev/simonas-app/vendor/laravel/framework/src/Illuminate/Routing/Router.php(750): Illuminate\\Routing\\Router->runRoute(Object(Illuminate\\Http\\Request), Object(Illuminate\\Routing\\Route))
#36 /Users/yapi/Adi/appdev/simonas-app/vendor/laravel/framework/src/Illuminate/Routing/Router.php(739): Illuminate\\Routing\\Router->dispatchToRoute(Object(Illuminate\\Http\\Request))
#37 /Users/yapi/Adi/appdev/simonas-app/vendor/laravel/framework/src/Illuminate/Foundation/Http/Kernel.php(201): Illuminate\\Routing\\Router->dispatch(Object(Illuminate\\Http\\Request))
#38 /Users/yapi/Adi/appdev/simonas-app/vendor/laravel/framework/src/Illuminate/Pipeline/Pipeline.php(170): Illuminate\\Foundation\\Http\\Kernel->{closure:Illuminate\\Foundation\\Http\\Kernel::dispatchToRouter():198}(Object(Illuminate\\Http\\Request))
#39 /Users/yapi/Adi/appdev/simonas-app/vendor/inertiajs/inertia-laravel/src/Middleware/EnsureGetOnRedirect.php(19): Illuminate\\Pipeline\\Pipeline->{closure:Illuminate\\Pipeline\\Pipeline::prepareDestination():168}(Object(Illuminate\\Http\\Request))
#40 /Users/yapi/Adi/appdev/simonas-app/vendor/laravel/framework/src/Illuminate/Pipeline/Pipeline.php(209): Inertia\\Middleware\\EnsureGetOnRedirect->handle(Object(Illuminate\\Http\\Request), Object(Closure))
#41 /Users/yapi/Adi/appdev/simonas-app/app/Http/Middleware/CacheStaticAssets.php(17): Illuminate\\Pipeline\\Pipeline->{closure:{closure:Illuminate\\Pipeline\\Pipeline::carry():184}:185}(Object(Illuminate\\Http\\Request))
#42 /Users/yapi/Adi/appdev/simonas-app/vendor/laravel/framework/src/Illuminate/Pipeline/Pipeline.php(209): App\\Http\\Middleware\\CacheStaticAssets->handle(Object(Illuminate\\Http\\Request), Object(Closure))
#43 /Users/yapi/Adi/appdev/simonas-app/vendor/laravel/framework/src/Illuminate/Foundation/Http/Middleware/TransformsRequest.php(21): Illuminate\\Pipeline\\Pipeline->{closure:{closure:Illuminate\\Pipeline\\Pipeline::carry():184}:185}(Object(Illuminate\\Http\\Request))
#44 /Users/yapi/Adi/appdev/simonas-app/vendor/laravel/framework/src/Illuminate/Foundation/Http/Middleware/ConvertEmptyStringsToNull.php(31): Illuminate\\Foundation\\Http\\Middleware\\TransformsRequest->handle(Object(Illuminate\\Http\\Request), Object(Closure))
#45 /Users/yapi/Adi/appdev/simonas-app/vendor/laravel/framework/src/Illuminate/Pipeline/Pipeline.php(209): Illuminate\\Foundation\\Http\\Middleware\\ConvertEmptyStringsToNull->handle(Object(Illuminate\\Http\\Request), Object(Closure))
#46 /Users/yapi/Adi/appdev/simonas-app/vendor/laravel/framework/src/Illuminate/Foundation/Http/Middleware/TransformsRequest.php(21): Illuminate\\Pipeline\\Pipeline->{closure:{closure:Illuminate\\Pipeline\\Pipeline::carry():184}:185}(Object(Illuminate\\Http\\Request))
#47 /Users/yapi/Adi/appdev/simonas-app/vendor/laravel/framework/src/Illuminate/Foundation/Http/Middleware/TrimStrings.php(51): Illuminate\\Foundation\\Http\\Middleware\\TransformsRequest->handle(Object(Illuminate\\Http\\Request), Object(Closure))
#48 /Users/yapi/Adi/appdev/simonas-app/vendor/laravel/framework/src/Illuminate/Pipeline/Pipeline.php(209): Illuminate\\Foundation\\Http\\Middleware\\TrimStrings->handle(Object(Illuminate\\Http\\Request), Object(Closure))
#49 /Users/yapi/Adi/appdev/simonas-app/vendor/laravel/framework/src/Illuminate/Http/Middleware/ValidatePostSize.php(27): Illuminate\\Pipeline\\Pipeline->{closure:{closure:Illuminate\\Pipeline\\Pipeline::carry():184}:185}(Object(Illuminate\\Http\\Request))
#50 /Users/yapi/Adi/appdev/simonas-app/vendor/laravel/framework/src/Illuminate/Pipeline/Pipeline.php(209): Illuminate\\Http\\Middleware\\ValidatePostSize->handle(Object(Illuminate\\Http\\Request), Object(Closure))
#51 /Users/yapi/Adi/appdev/simonas-app/vendor/laravel/framework/src/Illuminate/Foundation/Http/Middleware/PreventRequestsDuringMaintenance.php(110): Illuminate\\Pipeline\\Pipeline->{closure:{closure:Illuminate\\Pipeline\\Pipeline::carry():184}:185}(Object(Illuminate\\Http\\Request))
#52 /Users/yapi/Adi/appdev/simonas-app/vendor/laravel/framework/src/Illuminate/Pipeline/Pipeline.php(209): Illuminate\\Foundation\\Http\\Middleware\\PreventRequestsDuringMaintenance->handle(Object(Illuminate\\Http\\Request), Object(Closure))
#53 /Users/yapi/Adi/appdev/simonas-app/vendor/laravel/framework/src/Illuminate/Http/Middleware/HandleCors.php(49): Illuminate\\Pipeline\\Pipeline->{closure:{closure:Illuminate\\Pipeline\\Pipeline::carry():184}:185}(Object(Illuminate\\Http\\Request))
#54 /Users/yapi/Adi/appdev/simonas-app/vendor/laravel/framework/src/Illuminate/Pipeline/Pipeline.php(209): Illuminate\\Http\\Middleware\\HandleCors->handle(Object(Illuminate\\Http\\Request), Object(Closure))
#55 /Users/yapi/Adi/appdev/simonas-app/vendor/laravel/framework/src/Illuminate/Http/Middleware/TrustProxies.php(58): Illuminate\\Pipeline\\Pipeline->{closure:{closure:Illuminate\\Pipeline\\Pipeline::carry():184}:185}(Object(Illuminate\\Http\\Request))
#56 /Users/yapi/Adi/appdev/simonas-app/vendor/laravel/framework/src/Illuminate/Pipeline/Pipeline.php(209): Illuminate\\Http\\Middleware\\TrustProxies->handle(Object(Illuminate\\Http\\Request), Object(Closure))
#57 /Users/yapi/Adi/appdev/simonas-app/vendor/laravel/framework/src/Illuminate/Pipeline/Pipeline.php(127): Illuminate\\Pipeline\\Pipeline->{closure:{closure:Illuminate\\Pipeline\\Pipeline::carry():184}:185}(Object(Illuminate\\Http\\Request))
#58 /Users/yapi/Adi/appdev/simonas-app/vendor/laravel/framework/src/Illuminate/Foundation/Http/Kernel.php(176): Illuminate\\Pipeline\\Pipeline->then(Object(Closure))
#59 /Users/yapi/Adi/appdev/simonas-app/vendor/laravel/framework/src/Illuminate/Foundation/Http/Kernel.php(145): Illuminate\\Foundation\\Http\\Kernel->sendRequestThroughRouter(Object(Illuminate\\Http\\Request))
#60 /Users/yapi/Adi/appdev/simonas-app/public/index.php(18): Illuminate\\Foundation\\Http\\Kernel->handle(Object(Illuminate\\Http\\Request))
#61 /Users/yapi/Adi/appdev/simonas-app/server.php(21): require_once('/Users/yapi/Adi...')
#62 {main}
"} 
[2026-05-02 01:46:56] local.ERROR: SQLSTATE[42S02]: Base table or view not found: 1146 Table 'simonas_local.alumni_academic' doesn't exist (Connection: mysql, SQL: select * from `alumni_academic` where `alumni_academic`.`id_alumni` in (1)) {"userId":1,"exception":"[object] (Illuminate\\Database\\QueryException(code: 42S02): SQLSTATE[42S02]: Base table or view not found: 1146 Table 'simonas_local.alumni_academic' doesn't exist (Connection: mysql, SQL: select * from `alumni_academic` where `alumni_academic`.`id_alumni` in (1)) at /Users/yapi/Adi/appdev/simonas-app/vendor/laravel/framework/src/Illuminate/Database/Connection.php:825)
[stacktrace]
#0 /Users/yapi/Adi/appdev/simonas-app/vendor/laravel/framework/src/Illuminate/Database/Connection.php(779): Illuminate\\Database\\Connection->runQueryCallback('select * from `...', Array, Object(Closure))
#1 /Users/yapi/Adi/appdev/simonas-app/vendor/laravel/framework/src/Illuminate/Database/Connection.php(398): Illuminate\\Database\\Connection->run('select * from `...', Array, Object(Closure))
#2 /Users/yapi/Adi/appdev/simonas-app/vendor/laravel/framework/src/Illuminate/Database/Query/Builder.php(3106): Illuminate\\Database\\Connection->select('select * from `...', Array, true)
#3 /Users/yapi/Adi/appdev/simonas-app/vendor/laravel/framework/src/Illuminate/Database/Query/Builder.php(3091): Illuminate\\Database\\Query\\Builder->runSelect()
#4 /Users/yapi/Adi/appdev/simonas-app/vendor/laravel/framework/src/Illuminate/Database/Query/Builder.php(3676): Illuminate\\Database\\Query\\Builder->{closure:Illuminate\\Database\\Query\\Builder::get():3090}()
#5 /Users/yapi/Adi/appdev/simonas-app/vendor/laravel/framework/src/Illuminate/Database/Query/Builder.php(3090): Illuminate\\Database\\Query\\Builder->onceWithColumns(Array, Object(Closure))
#6 /Users/yapi/Adi/appdev/simonas-app/vendor/laravel/framework/src/Illuminate/Database/Eloquent/Builder.php(811): Illuminate\\Database\\Query\\Builder->get(Array)
#7 /Users/yapi/Adi/appdev/simonas-app/vendor/laravel/framework/src/Illuminate/Database/Eloquent/Builder.php(793): Illuminate\\Database\\Eloquent\\Builder->getModels(Array)
#8 /Users/yapi/Adi/appdev/simonas-app/vendor/laravel/framework/src/Illuminate/Database/Eloquent/Relations/Relation.php(213): Illuminate\\Database\\Eloquent\\Builder->get(Array)
#9 /Users/yapi/Adi/appdev/simonas-app/vendor/laravel/framework/src/Illuminate/Database/Eloquent/Relations/Relation.php(176): Illuminate\\Database\\Eloquent\\Relations\\Relation->get()
#10 /Users/yapi/Adi/appdev/simonas-app/vendor/laravel/framework/src/Illuminate/Database/Eloquent/Builder.php(859): Illuminate\\Database\\Eloquent\\Relations\\Relation->getEager()
#11 /Users/yapi/Adi/appdev/simonas-app/vendor/laravel/framework/src/Illuminate/Database/Eloquent/Builder.php(828): Illuminate\\Database\\Eloquent\\Builder->eagerLoadRelation(Array, 'pendidikan', Object(Closure))
#12 /Users/yapi/Adi/appdev/simonas-app/vendor/laravel/framework/src/Illuminate/Database/Eloquent/Builder.php(794): Illuminate\\Database\\Eloquent\\Builder->eagerLoadRelations(Array)
#13 /Users/yapi/Adi/appdev/simonas-app/vendor/laravel/framework/src/Illuminate/Database/Eloquent/Builder.php(1034): Illuminate\\Database\\Eloquent\\Builder->get(Array)
#14 /Users/yapi/Adi/appdev/simonas-app/app/Http/Controllers/Web/Super/SuperController.php(71): Illuminate\\Database\\Eloquent\\Builder->paginate(12)
#15 /Users/yapi/Adi/appdev/simonas-app/vendor/laravel/framework/src/Illuminate/Routing/Controller.php(54): App\\Http\\Controllers\\Web\\Super\\SuperController->alumni(Object(Illuminate\\Http\\Request))
#16 /Users/yapi/Adi/appdev/simonas-app/vendor/laravel/framework/src/Illuminate/Routing/ControllerDispatcher.php(44): Illuminate\\Routing\\Controller->callAction('alumni', Array)
#17 /Users/yapi/Adi/appdev/simonas-app/vendor/laravel/framework/src/Illuminate/Routing/Route.php(266): Illuminate\\Routing\\ControllerDispatcher->dispatch(Object(Illuminate\\Routing\\Route), Object(App\\Http\\Controllers\\Web\\Super\\SuperController), 'alumni')
#18 /Users/yapi/Adi/appdev/simonas-app/vendor/laravel/framework/src/Illuminate/Routing/Route.php(212): Illuminate\\Routing\\Route->runController()
#19 /Users/yapi/Adi/appdev/simonas-app/vendor/laravel/framework/src/Illuminate/Routing/Router.php(808): Illuminate\\Routing\\Route->run()
#20 /Users/yapi/Adi/appdev/simonas-app/vendor/laravel/framework/src/Illuminate/Pipeline/Pipeline.php(170): Illuminate\\Routing\\Router->{closure:Illuminate\\Routing\\Router::runRouteWithinStack():807}(Object(Illuminate\\Http\\Request))
#21 /Users/yapi/Adi/appdev/simonas-app/vendor/laravel/framework/src/Illuminate/Auth/Middleware/Authorize.php(60): Illuminate\\Pipeline\\Pipeline->{closure:Illuminate\\Pipeline\\Pipeline::prepareDestination():168}(Object(Illuminate\\Http\\Request))
#22 /Users/yapi/Adi/appdev/simonas-app/vendor/laravel/framework/src/Illuminate/Pipeline/Pipeline.php(209): Illuminate\\Auth\\Middleware\\Authorize->handle(Object(Illuminate\\Http\\Request), Object(Closure), 'access-super')
#23 /Users/yapi/Adi/appdev/simonas-app/vendor/inertiajs/inertia-laravel/src/Middleware.php(138): Illuminate\\Pipeline\\Pipeline->{closure:{closure:Illuminate\\Pipeline\\Pipeline::carry():184}:185}(Object(Illuminate\\Http\\Request))
#24 /Users/yapi/Adi/appdev/simonas-app/vendor/laravel/framework/src/Illuminate/Pipeline/Pipeline.php(209): Inertia\\Middleware->handle(Object(Illuminate\\Http\\Request), Object(Closure))
#25 /Users/yapi/Adi/appdev/simonas-app/vendor/laravel/framework/src/Illuminate/Routing/Middleware/SubstituteBindings.php(51): Illuminate\\Pipeline\\Pipeline->{closure:{closure:Illuminate\\Pipeline\\Pipeline::carry():184}:185}(Object(Illuminate\\Http\\Request))
#26 /Users/yapi/Adi/appdev/simonas-app/vendor/laravel/framework/src/Illuminate/Pipeline/Pipeline.php(209): Illuminate\\Routing\\Middleware\\SubstituteBindings->handle(Object(Illuminate\\Http\\Request), Object(Closure))
#27 /Users/yapi/Adi/appdev/simonas-app/vendor/laravel/framework/src/Illuminate/Auth/Middleware/Authenticate.php(64): Illuminate\\Pipeline\\Pipeline->{closure:{closure:Illuminate\\Pipeline\\Pipeline::carry():184}:185}(Object(Illuminate\\Http\\Request))
#28 /Users/yapi/Adi/appdev/simonas-app/vendor/laravel/framework/src/Illuminate/Pipeline/Pipeline.php(209): Illuminate\\Auth\\Middleware\\Authenticate->handle(Object(Illuminate\\Http\\Request), Object(Closure))
#29 /Users/yapi/Adi/appdev/simonas-app/vendor/laravel/framework/src/Illuminate/Foundation/Http/Middleware/VerifyCsrfToken.php(88): Illuminate\\Pipeline\\Pipeline->{closure:{closure:Illuminate\\Pipeline\\Pipeline::carry():184}:185}(Object(Illuminate\\Http\\Request))
#30 /Users/yapi/Adi/appdev/simonas-app/vendor/laravel/framework/src/Illuminate/Pipeline/Pipeline.php(209): Illuminate\\Foundation\\Http\\Middleware\\VerifyCsrfToken->handle(Object(Illuminate\\Http\\Request), Object(Closure))
#31 /Users/yapi/Adi/appdev/simonas-app/vendor/laravel/framework/src/Illuminate/View/Middleware/ShareErrorsFromSession.php(49): Illuminate\\Pipeline\\Pipeline->{closure:{closure:Illuminate\\Pipeline\\Pipeline::carry():184}:185}(Object(Illuminate\\Http\\Request))
#32 /Users/yapi/Adi/appdev/simonas-app/vendor/laravel/framework/src/Illuminate/Pipeline/Pipeline.php(209): Illuminate\\View\\Middleware\\ShareErrorsFromSession->handle(Object(Illuminate\\Http\\Request), Object(Closure))
#33 /Users/yapi/Adi/appdev/simonas-app/vendor/laravel/framework/src/Illuminate/Session/Middleware/StartSession.php(121): Illuminate\\Pipeline\\Pipeline->{closure:{closure:Illuminate\\Pipeline\\Pipeline::carry():184}:185}(Object(Illuminate\\Http\\Request))
#34 /Users/yapi/Adi/appdev/simonas-app/vendor/laravel/framework/src/Illuminate/Session/Middleware/StartSession.php(64): Illuminate\\Session\\Middleware\\StartSession->handleStatefulRequest(Object(Illuminate\\Http\\Request), Object(Illuminate\\Session\\Store), Object(Closure))
#35 /Users/yapi/Adi/appdev/simonas-app/vendor/laravel/framework/src/Illuminate/Pipeline/Pipeline.php(209): Illuminate\\Session\\Middleware\\StartSession->handle(Object(Illuminate\\Http\\Request), Object(Closure))
#36 /Users/yapi/Adi/appdev/simonas-app/vendor/laravel/framework/src/Illuminate/Cookie/Middleware/AddQueuedCookiesToResponse.php(37): Illuminate\\Pipeline\\Pipeline->{closure:{closure:Illuminate\\Pipeline\\Pipeline::carry():184}:185}(Object(Illuminate\\Http\\Request))
#37 /Users/yapi/Adi/appdev/simonas-app/vendor/laravel/framework/src/Illuminate/Pipeline/Pipeline.php(209): Illuminate\\Cookie\\Middleware\\AddQueuedCookiesToResponse->handle(Object(Illuminate\\Http\\Request), Object(Closure))
#38 /Users/yapi/Adi/appdev/simonas-app/vendor/laravel/framework/src/Illuminate/Cookie/Middleware/EncryptCookies.php(75): Illuminate\\Pipeline\\Pipeline->{closure:{closure:Illuminate\\Pipeline\\Pipeline::carry():184}:185}(Object(Illuminate\\Http\\Request))
#39 /Users/yapi/Adi/appdev/simonas-app/vendor/laravel/framework/src/Illuminate/Pipeline/Pipeline.php(209): Illuminate\\Cookie\\Middleware\\EncryptCookies->handle(Object(Illuminate\\Http\\Request), Object(Closure))
#40 /Users/yapi/Adi/appdev/simonas-app/vendor/laravel/framework/src/Illuminate/Pipeline/Pipeline.php(127): Illuminate\\Pipeline\\Pipeline->{closure:{closure:Illuminate\\Pipeline\\Pipeline::carry():184}:185}(Object(Illuminate\\Http\\Request))
#41 /Users/yapi/Adi/appdev/simonas-app/vendor/laravel/framework/src/Illuminate/Routing/Router.php(807): Illuminate\\Pipeline\\Pipeline->then(Object(Closure))
#42 /Users/yapi/Adi/appdev/simonas-app/vendor/laravel/framework/src/Illuminate/Routing/Router.php(786): Illuminate\\Routing\\Router->runRouteWithinStack(Object(Illuminate\\Routing\\Route), Object(Illuminate\\Http\\Request))
#43 /Users/yapi/Adi/appdev/simonas-app/vendor/laravel/framework/src/Illuminate/Routing/Router.php(750): Illuminate\\Routing\\Router->runRoute(Object(Illuminate\\Http\\Request), Object(Illuminate\\Routing\\Route))
#44 /Users/yapi/Adi/appdev/simonas-app/vendor/laravel/framework/src/Illuminate/Routing/Router.php(739): Illuminate\\Routing\\Router->dispatchToRoute(Object(Illuminate\\Http\\Request))
#45 /Users/yapi/Adi/appdev/simonas-app/vendor/laravel/framework/src/Illuminate/Foundation/Http/Kernel.php(201): Illuminate\\Routing\\Router->dispatch(Object(Illuminate\\Http\\Request))
#46 /Users/yapi/Adi/appdev/simonas-app/vendor/laravel/framework/src/Illuminate/Pipeline/Pipeline.php(170): Illuminate\\Foundation\\Http\\Kernel->{closure:Illuminate\\Foundation\\Http\\Kernel::dispatchToRouter():198}(Object(Illuminate\\Http\\Request))
#47 /Users/yapi/Adi/appdev/simonas-app/vendor/inertiajs/inertia-laravel/src/Middleware/EnsureGetOnRedirect.php(19): Illuminate\\Pipeline\\Pipeline->{closure:Illuminate\\Pipeline\\Pipeline::prepareDestination():168}(Object(Illuminate\\Http\\Request))
#48 /Users/yapi/Adi/appdev/simonas-app/vendor/laravel/framework/src/Illuminate/Pipeline/Pipeline.php(209): Inertia\\Middleware\\EnsureGetOnRedirect->handle(Object(Illuminate\\Http\\Request), Object(Closure))
#49 /Users/yapi/Adi/appdev/simonas-app/app/Http/Middleware/CacheStaticAssets.php(17): Illuminate\\Pipeline\\Pipeline->{closure:{closure:Illuminate\\Pipeline\\Pipeline::carry():184}:185}(Object(Illuminate\\Http\\Request))
#50 /Users/yapi/Adi/appdev/simonas-app/vendor/laravel/framework/src/Illuminate/Pipeline/Pipeline.php(209): App\\Http\\Middleware\\CacheStaticAssets->handle(Object(Illuminate\\Http\\Request), Object(Closure))
#51 /Users/yapi/Adi/appdev/simonas-app/vendor/laravel/framework/src/Illuminate/Foundation/Http/Middleware/TransformsRequest.php(21): Illuminate\\Pipeline\\Pipeline->{closure:{closure:Illuminate\\Pipeline\\Pipeline::carry():184}:185}(Object(Illuminate\\Http\\Request))
#52 /Users/yapi/Adi/appdev/simonas-app/vendor/laravel/framework/src/Illuminate/Foundation/Http/Middleware/ConvertEmptyStringsToNull.php(31): Illuminate\\Foundation\\Http\\Middleware\\TransformsRequest->handle(Object(Illuminate\\Http\\Request), Object(Closure))
#53 /Users/yapi/Adi/appdev/simonas-app/vendor/laravel/framework/src/Illuminate/Pipeline/Pipeline.php(209): Illuminate\\Foundation\\Http\\Middleware\\ConvertEmptyStringsToNull->handle(Object(Illuminate\\Http\\Request), Object(Closure))
#54 /Users/yapi/Adi/appdev/simonas-app/vendor/laravel/framework/src/Illuminate/Foundation/Http/Middleware/TransformsRequest.php(21): Illuminate\\Pipeline\\Pipeline->{closure:{closure:Illuminate\\Pipeline\\Pipeline::carry():184}:185}(Object(Illuminate\\Http\\Request))
#55 /Users/yapi/Adi/appdev/simonas-app/vendor/laravel/framework/src/Illuminate/Foundation/Http/Middleware/TrimStrings.php(51): Illuminate\\Foundation\\Http\\Middleware\\TransformsRequest->handle(Object(Illuminate\\Http\\Request), Object(Closure))
#56 /Users/yapi/Adi/appdev/simonas-app/vendor/laravel/framework/src/Illuminate/Pipeline/Pipeline.php(209): Illuminate\\Foundation\\Http\\Middleware\\TrimStrings->handle(Object(Illuminate\\Http\\Request), Object(Closure))
#57 /Users/yapi/Adi/appdev/simonas-app/vendor/laravel/framework/src/Illuminate/Http/Middleware/ValidatePostSize.php(27): Illuminate\\Pipeline\\Pipeline->{closure:{closure:Illuminate\\Pipeline\\Pipeline::carry():184}:185}(Object(Illuminate\\Http\\Request))
#58 /Users/yapi/Adi/appdev/simonas-app/vendor/laravel/framework/src/Illuminate/Pipeline/Pipeline.php(209): Illuminate\\Http\\Middleware\\ValidatePostSize->handle(Object(Illuminate\\Http\\Request), Object(Closure))
#59 /Users/yapi/Adi/appdev/simonas-app/vendor/laravel/framework/src/Illuminate/Foundation/Http/Middleware/PreventRequestsDuringMaintenance.php(110): Illuminate\\Pipeline\\Pipeline->{closure:{closure:Illuminate\\Pipeline\\Pipeline::carry():184}:185}(Object(Illuminate\\Http\\Request))
#60 /Users/yapi/Adi/appdev/simonas-app/vendor/laravel/framework/src/Illuminate/Pipeline/Pipeline.php(209): Illuminate\\Foundation\\Http\\Middleware\\PreventRequestsDuringMaintenance->handle(Object(Illuminate\\Http\\Request), Object(Closure))
#61 /Users/yapi/Adi/appdev/simonas-app/vendor/laravel/framework/src/Illuminate/Http/Middleware/HandleCors.php(49): Illuminate\\Pipeline\\Pipeline->{closure:{closure:Illuminate\\Pipeline\\Pipeline::carry():184}:185}(Object(Illuminate\\Http\\Request))
#62 /Users/yapi/Adi/appdev/simonas-app/vendor/laravel/framework/src/Illuminate/Pipeline/Pipeline.php(209): Illuminate\\Http\\Middleware\\HandleCors->handle(Object(Illuminate\\Http\\Request), Object(Closure))
#63 /Users/yapi/Adi/appdev/simonas-app/vendor/laravel/framework/src/Illuminate/Http/Middleware/TrustProxies.php(58): Illuminate\\Pipeline\\Pipeline->{closure:{closure:Illuminate\\Pipeline\\Pipeline::carry():184}:185}(Object(Illuminate\\Http\\Request))
#64 /Users/yapi/Adi/appdev/simonas-app/vendor/laravel/framework/src/Illuminate/Pipeline/Pipeline.php(209): Illuminate\\Http\\Middleware\\TrustProxies->handle(Object(Illuminate\\Http\\Request), Object(Closure))
#65 /Users/yapi/Adi/appdev/simonas-app/vendor/laravel/framework/src/Illuminate/Pipeline/Pipeline.php(127): Illuminate\\Pipeline\\Pipeline->{closure:{closure:Illuminate\\Pipeline\\Pipeline::carry():184}:185}(Object(Illuminate\\Http\\Request))
#66 /Users/yapi/Adi/appdev/simonas-app/vendor/laravel/framework/src/Illuminate/Foundation/Http/Kernel.php(176): Illuminate\\Pipeline\\Pipeline->then(Object(Closure))
#67 /Users/yapi/Adi/appdev/simonas-app/vendor/laravel/framework/src/Illuminate/Foundation/Http/Kernel.php(145): Illuminate\\Foundation\\Http\\Kernel->sendRequestThroughRouter(Object(Illuminate\\Http\\Request))
#68 /Users/yapi/Adi/appdev/simonas-app/public/index.php(18): Illuminate\\Foundation\\Http\\Kernel->handle(Object(Illuminate\\Http\\Request))
#69 /Users/yapi/Adi/appdev/simonas-app/server.php(21): require_once('/Users/yapi/Adi...')
#70 {main}

[previous exception] [object] (PDOException(code: 42S02): SQLSTATE[42S02]: Base table or view not found: 1146 Table 'simonas_local.alumni_academic' doesn't exist at /Users/yapi/Adi/appdev/simonas-app/vendor/laravel/framework/src/Illuminate/Database/Connection.php:407)
[stacktrace]
#0 /Users/yapi/Adi/appdev/simonas-app/vendor/laravel/framework/src/Illuminate/Database/Connection.php(407): PDO->prepare('select * from `...')
#1 /Users/yapi/Adi/appdev/simonas-app/vendor/laravel/framework/src/Illuminate/Database/Connection.php(812): Illuminate\\Database\\Connection->{closure:Illuminate\\Database\\Connection::select():398}('select * from `...', Array)
#2 /Users/yapi/Adi/appdev/simonas-app/vendor/laravel/framework/src/Illuminate/Database/Connection.php(779): Illuminate\\Database\\Connection->runQueryCallback('select * from `...', Array, Object(Closure))
#3 /Users/yapi/Adi/appdev/simonas-app/vendor/laravel/framework/src/Illuminate/Database/Connection.php(398): Illuminate\\Database\\Connection->run('select * from `...', Array, Object(Closure))
#4 /Users/yapi/Adi/appdev/simonas-app/vendor/laravel/framework/src/Illuminate/Database/Query/Builder.php(3106): Illuminate\\Database\\Connection->select('select * from `...', Array, true)
#5 /Users/yapi/Adi/appdev/simonas-app/vendor/laravel/framework/src/Illuminate/Database/Query/Builder.php(3091): Illuminate\\Database\\Query\\Builder->runSelect()
#6 /Users/yapi/Adi/appdev/simonas-app/vendor/laravel/framework/src/Illuminate/Database/Query/Builder.php(3676): Illuminate\\Database\\Query\\Builder->{closure:Illuminate\\Database\\Query\\Builder::get():3090}()
#7 /Users/yapi/Adi/appdev/simonas-app/vendor/laravel/framework/src/Illuminate/Database/Query/Builder.php(3090): Illuminate\\Database\\Query\\Builder->onceWithColumns(Array, Object(Closure))
#8 /Users/yapi/Adi/appdev/simonas-app/vendor/laravel/framework/src/Illuminate/Database/Eloquent/Builder.php(811): Illuminate\\Database\\Query\\Builder->get(Array)
#9 /Users/yapi/Adi/appdev/simonas-app/vendor/laravel/framework/src/Illuminate/Database/Eloquent/Builder.php(793): Illuminate\\Database\\Eloquent\\Builder->getModels(Array)
#10 /Users/yapi/Adi/appdev/simonas-app/vendor/laravel/framework/src/Illuminate/Database/Eloquent/Relations/Relation.php(213): Illuminate\\Database\\Eloquent\\Builder->get(Array)
#11 /Users/yapi/Adi/appdev/simonas-app/vendor/laravel/framework/src/Illuminate/Database/Eloquent/Relations/Relation.php(176): Illuminate\\Database\\Eloquent\\Relations\\Relation->get()
#12 /Users/yapi/Adi/appdev/simonas-app/vendor/laravel/framework/src/Illuminate/Database/Eloquent/Builder.php(859): Illuminate\\Database\\Eloquent\\Relations\\Relation->getEager()
#13 /Users/yapi/Adi/appdev/simonas-app/vendor/laravel/framework/src/Illuminate/Database/Eloquent/Builder.php(828): Illuminate\\Database\\Eloquent\\Builder->eagerLoadRelation(Array, 'pendidikan', Object(Closure))
#14 /Users/yapi/Adi/appdev/simonas-app/vendor/laravel/framework/src/Illuminate/Database/Eloquent/Builder.php(794): Illuminate\\Database\\Eloquent\\Builder->eagerLoadRelations(Array)
#15 /Users/yapi/Adi/appdev/simonas-app/vendor/laravel/framework/src/Illuminate/Database/Eloquent/Builder.php(1034): Illuminate\\Database\\Eloquent\\Builder->get(Array)
#16 /Users/yapi/Adi/appdev/simonas-app/app/Http/Controllers/Web/Super/SuperController.php(71): Illuminate\\Database\\Eloquent\\Builder->paginate(12)
#17 /Users/yapi/Adi/appdev/simonas-app/vendor/laravel/framework/src/Illuminate/Routing/Controller.php(54): App\\Http\\Controllers\\Web\\Super\\SuperController->alumni(Object(Illuminate\\Http\\Request))
#18 /Users/yapi/Adi/appdev/simonas-app/vendor/laravel/framework/src/Illuminate/Routing/ControllerDispatcher.php(44): Illuminate\\Routing\\Controller->callAction('alumni', Array)
#19 /Users/yapi/Adi/appdev/simonas-app/vendor/laravel/framework/src/Illuminate/Routing/Route.php(266): Illuminate\\Routing\\ControllerDispatcher->dispatch(Object(Illuminate\\Routing\\Route), Object(App\\Http\\Controllers\\Web\\Super\\SuperController), 'alumni')
#20 /Users/yapi/Adi/appdev/simonas-app/vendor/laravel/framework/src/Illuminate/Routing/Route.php(212): Illuminate\\Routing\\Route->runController()
#21 /Users/yapi/Adi/appdev/simonas-app/vendor/laravel/framework/src/Illuminate/Routing/Router.php(808): Illuminate\\Routing\\Route->run()
#22 /Users/yapi/Adi/appdev/simonas-app/vendor/laravel/framework/src/Illuminate/Pipeline/Pipeline.php(170): Illuminate\\Routing\\Router->{closure:Illuminate\\Routing\\Router::runRouteWithinStack():807}(Object(Illuminate\\Http\\Request))
#23 /Users/yapi/Adi/appdev/simonas-app/vendor/laravel/framework/src/Illuminate/Auth/Middleware/Authorize.php(60): Illuminate\\Pipeline\\Pipeline->{closure:Illuminate\\Pipeline\\Pipeline::prepareDestination():168}(Object(Illuminate\\Http\\Request))
#24 /Users/yapi/Adi/appdev/simonas-app/vendor/laravel/framework/src/Illuminate/Pipeline/Pipeline.php(209): Illuminate\\Auth\\Middleware\\Authorize->handle(Object(Illuminate\\Http\\Request), Object(Closure), 'access-super')
#25 /Users/yapi/Adi/appdev/simonas-app/vendor/inertiajs/inertia-laravel/src/Middleware.php(138): Illuminate\\Pipeline\\Pipeline->{closure:{closure:Illuminate\\Pipeline\\Pipeline::carry():184}:185}(Object(Illuminate\\Http\\Request))
#26 /Users/yapi/Adi/appdev/simonas-app/vendor/laravel/framework/src/Illuminate/Pipeline/Pipeline.php(209): Inertia\\Middleware->handle(Object(Illuminate\\Http\\Request), Object(Closure))
#27 /Users/yapi/Adi/appdev/simonas-app/vendor/laravel/framework/src/Illuminate/Routing/Middleware/SubstituteBindings.php(51): Illuminate\\Pipeline\\Pipeline->{closure:{closure:Illuminate\\Pipeline\\Pipeline::carry():184}:185}(Object(Illuminate\\Http\\Request))
#28 /Users/yapi/Adi/appdev/simonas-app/vendor/laravel/framework/src/Illuminate/Pipeline/Pipeline.php(209): Illuminate\\Routing\\Middleware\\SubstituteBindings->handle(Object(Illuminate\\Http\\Request), Object(Closure))
#29 /Users/yapi/Adi/appdev/simonas-app/vendor/laravel/framework/src/Illuminate/Auth/Middleware/Authenticate.php(64): Illuminate\\Pipeline\\Pipeline->{closure:{closure:Illuminate\\Pipeline\\Pipeline::carry():184}:185}(Object(Illuminate\\Http\\Request))
#30 /Users/yapi/Adi/appdev/simonas-app/vendor/laravel/framework/src/Illuminate/Pipeline/Pipeline.php(209): Illuminate\\Auth\\Middleware\\Authenticate->handle(Object(Illuminate\\Http\\Request), Object(Closure))
#31 /Users/yapi/Adi/appdev/simonas-app/vendor/laravel/framework/src/Illuminate/Foundation/Http/Middleware/VerifyCsrfToken.php(88): Illuminate\\Pipeline\\Pipeline->{closure:{closure:Illuminate\\Pipeline\\Pipeline::carry():184}:185}(Object(Illuminate\\Http\\Request))
#32 /Users/yapi/Adi/appdev/simonas-app/vendor/laravel/framework/src/Illuminate/Pipeline/Pipeline.php(209): Illuminate\\Foundation\\Http\\Middleware\\VerifyCsrfToken->handle(Object(Illuminate\\Http\\Request), Object(Closure))
#33 /Users/yapi/Adi/appdev/simonas-app/vendor/laravel/framework/src/Illuminate/View/Middleware/ShareErrorsFromSession.php(49): Illuminate\\Pipeline\\Pipeline->{closure:{closure:Illuminate\\Pipeline\\Pipeline::carry():184}:185}(Object(Illuminate\\Http\\Request))
#34 /Users/yapi/Adi/appdev/simonas-app/vendor/laravel/framework/src/Illuminate/Pipeline/Pipeline.php(209): Illuminate\\View\\Middleware\\ShareErrorsFromSession->handle(Object(Illuminate\\Http\\Request), Object(Closure))
#35 /Users/yapi/Adi/appdev/simonas-app/vendor/laravel/framework/src/Illuminate/Session/Middleware/StartSession.php(121): Illuminate\\Pipeline\\Pipeline->{closure:{closure:Illuminate\\Pipeline\\Pipeline::carry():184}:185}(Object(Illuminate\\Http\\Request))
#36 /Users/yapi/Adi/appdev/simonas-app/vendor/laravel/framework/src/Illuminate/Session/Middleware/StartSession.php(64): Illuminate\\Session\\Middleware\\StartSession->handleStatefulRequest(Object(Illuminate\\Http\\Request), Object(Illuminate\\Session\\Store), Object(Closure))
#37 /Users/yapi/Adi/appdev/simonas-app/vendor/laravel/framework/src/Illuminate/Pipeline/Pipeline.php(209): Illuminate\\Session\\Middleware\\StartSession->handle(Object(Illuminate\\Http\\Request), Object(Closure))
#38 /Users/yapi/Adi/appdev/simonas-app/vendor/laravel/framework/src/Illuminate/Cookie/Middleware/AddQueuedCookiesToResponse.php(37): Illuminate\\Pipeline\\Pipeline->{closure:{closure:Illuminate\\Pipeline\\Pipeline::carry():184}:185}(Object(Illuminate\\Http\\Request))
#39 /Users/yapi/Adi/appdev/simonas-app/vendor/laravel/framework/src/Illuminate/Pipeline/Pipeline.php(209): Illuminate\\Cookie\\Middleware\\AddQueuedCookiesToResponse->handle(Object(Illuminate\\Http\\Request), Object(Closure))
#40 /Users/yapi/Adi/appdev/simonas-app/vendor/laravel/framework/src/Illuminate/Cookie/Middleware/EncryptCookies.php(75): Illuminate\\Pipeline\\Pipeline->{closure:{closure:Illuminate\\Pipeline\\Pipeline::carry():184}:185}(Object(Illuminate\\Http\\Request))
#41 /Users/yapi/Adi/appdev/simonas-app/vendor/laravel/framework/src/Illuminate/Pipeline/Pipeline.php(209): Illuminate\\Cookie\\Middleware\\EncryptCookies->handle(Object(Illuminate\\Http\\Request), Object(Closure))
#42 /Users/yapi/Adi/appdev/simonas-app/vendor/laravel/framework/src/Illuminate/Pipeline/Pipeline.php(127): Illuminate\\Pipeline\\Pipeline->{closure:{closure:Illuminate\\Pipeline\\Pipeline::carry():184}:185}(Object(Illuminate\\Http\\Request))
#43 /Users/yapi/Adi/appdev/simonas-app/vendor/laravel/framework/src/Illuminate/Routing/Router.php(807): Illuminate\\Pipeline\\Pipeline->then(Object(Closure))
#44 /Users/yapi/Adi/appdev/simonas-app/vendor/laravel/framework/src/Illuminate/Routing/Router.php(786): Illuminate\\Routing\\Router->runRouteWithinStack(Object(Illuminate\\Routing\\Route), Object(Illuminate\\Http\\Request))
#45 /Users/yapi/Adi/appdev/simonas-app/vendor/laravel/framework/src/Illuminate/Routing/Router.php(750): Illuminate\\Routing\\Router->runRoute(Object(Illuminate\\Http\\Request), Object(Illuminate\\Routing\\Route))
#46 /Users/yapi/Adi/appdev/simonas-app/vendor/laravel/framework/src/Illuminate/Routing/Router.php(739): Illuminate\\Routing\\Router->dispatchToRoute(Object(Illuminate\\Http\\Request))
#47 /Users/yapi/Adi/appdev/simonas-app/vendor/laravel/framework/src/Illuminate/Foundation/Http/Kernel.php(201): Illuminate\\Routing\\Router->dispatch(Object(Illuminate\\Http\\Request))
#48 /Users/yapi/Adi/appdev/simonas-app/vendor/laravel/framework/src/Illuminate/Pipeline/Pipeline.php(170): Illuminate\\Foundation\\Http\\Kernel->{closure:Illuminate\\Foundation\\Http\\Kernel::dispatchToRouter():198}(Object(Illuminate\\Http\\Request))
#49 /Users/yapi/Adi/appdev/simonas-app/vendor/inertiajs/inertia-laravel/src/Middleware/EnsureGetOnRedirect.php(19): Illuminate\\Pipeline\\Pipeline->{closure:Illuminate\\Pipeline\\Pipeline::prepareDestination():168}(Object(Illuminate\\Http\\Request))
#50 /Users/yapi/Adi/appdev/simonas-app/vendor/laravel/framework/src/Illuminate/Pipeline/Pipeline.php(209): Inertia\\Middleware\\EnsureGetOnRedirect->handle(Object(Illuminate\\Http\\Request), Object(Closure))
#51 /Users/yapi/Adi/appdev/simonas-app/app/Http/Middleware/CacheStaticAssets.php(17): Illuminate\\Pipeline\\Pipeline->{closure:{closure:Illuminate\\Pipeline\\Pipeline::carry():184}:185}(Object(Illuminate\\Http\\Request))
#52 /Users/yapi/Adi/appdev/simonas-app/vendor/laravel/framework/src/Illuminate/Pipeline/Pipeline.php(209): App\\Http\\Middleware\\CacheStaticAssets->handle(Object(Illuminate\\Http\\Request), Object(Closure))
#53 /Users/yapi/Adi/appdev/simonas-app/vendor/laravel/framework/src/Illuminate/Foundation/Http/Middleware/TransformsRequest.php(21): Illuminate\\Pipeline\\Pipeline->{closure:{closure:Illuminate\\Pipeline\\Pipeline::carry():184}:185}(Object(Illuminate\\Http\\Request))
#54 /Users/yapi/Adi/appdev/simonas-app/vendor/laravel/framework/src/Illuminate/Foundation/Http/Middleware/ConvertEmptyStringsToNull.php(31): Illuminate\\Foundation\\Http\\Middleware\\TransformsRequest->handle(Object(Illuminate\\Http\\Request), Object(Closure))
#55 /Users/yapi/Adi/appdev/simonas-app/vendor/laravel/framework/src/Illuminate/Pipeline/Pipeline.php(209): Illuminate\\Foundation\\Http\\Middleware\\ConvertEmptyStringsToNull->handle(Object(Illuminate\\Http\\Request), Object(Closure))
#56 /Users/yapi/Adi/appdev/simonas-app/vendor/laravel/framework/src/Illuminate/Foundation/Http/Middleware/TransformsRequest.php(21): Illuminate\\Pipeline\\Pipeline->{closure:{closure:Illuminate\\Pipeline\\Pipeline::carry():184}:185}(Object(Illuminate\\Http\\Request))
#57 /Users/yapi/Adi/appdev/simonas-app/vendor/laravel/framework/src/Illuminate/Foundation/Http/Middleware/TrimStrings.php(51): Illuminate\\Foundation\\Http\\Middleware\\TransformsRequest->handle(Object(Illuminate\\Http\\Request), Object(Closure))
#58 /Users/yapi/Adi/appdev/simonas-app/vendor/laravel/framework/src/Illuminate/Pipeline/Pipeline.php(209): Illuminate\\Foundation\\Http\\Middleware\\TrimStrings->handle(Object(Illuminate\\Http\\Request), Object(Closure))
#59 /Users/yapi/Adi/appdev/simonas-app/vendor/laravel/framework/src/Illuminate/Http/Middleware/ValidatePostSize.php(27): Illuminate\\Pipeline\\Pipeline->{closure:{closure:Illuminate\\Pipeline\\Pipeline::carry():184}:185}(Object(Illuminate\\Http\\Request))
#60 /Users/yapi/Adi/appdev/simonas-app/vendor/laravel/framework/src/Illuminate/Pipeline/Pipeline.php(209): Illuminate\\Http\\Middleware\\ValidatePostSize->handle(Object(Illuminate\\Http\\Request), Object(Closure))
#61 /Users/yapi/Adi/appdev/simonas-app/vendor/laravel/framework/src/Illuminate/Foundation/Http/Middleware/PreventRequestsDuringMaintenance.php(110): Illuminate\\Pipeline\\Pipeline->{closure:{closure:Illuminate\\Pipeline\\Pipeline::carry():184}:185}(Object(Illuminate\\Http\\Request))
#62 /Users/yapi/Adi/appdev/simonas-app/vendor/laravel/framework/src/Illuminate/Pipeline/Pipeline.php(209): Illuminate\\Foundation\\Http\\Middleware\\PreventRequestsDuringMaintenance->handle(Object(Illuminate\\Http\\Request), Object(Closure))
#63 /Users/yapi/Adi/appdev/simonas-app/vendor/laravel/framework/src/Illuminate/Http/Middleware/HandleCors.php(49): Illuminate\\Pipeline\\Pipeline->{closure:{closure:Illuminate\\Pipeline\\Pipeline::carry():184}:185}(Object(Illuminate\\Http\\Request))
#64 /Users/yapi/Adi/appdev/simonas-app/vendor/laravel/framework/src/Illuminate/Pipeline/Pipeline.php(209): Illuminate\\Http\\Middleware\\HandleCors->handle(Object(Illuminate\\Http\\Request), Object(Closure))
#65 /Users/yapi/Adi/appdev/simonas-app/vendor/laravel/framework/src/Illuminate/Http/Middleware/TrustProxies.php(58): Illuminate\\Pipeline\\Pipeline->{closure:{closure:Illuminate\\Pipeline\\Pipeline::carry():184}:185}(Object(Illuminate\\Http\\Request))
#66 /Users/yapi/Adi/appdev/simonas-app/vendor/laravel/framework/src/Illuminate/Pipeline/Pipeline.php(209): Illuminate\\Http\\Middleware\\TrustProxies->handle(Object(Illuminate\\Http\\Request), Object(Closure))
#67 /Users/yapi/Adi/appdev/simonas-app/vendor/laravel/framework/src/Illuminate/Pipeline/Pipeline.php(127): Illuminate\\Pipeline\\Pipeline->{closure:{closure:Illuminate\\Pipeline\\Pipeline::carry():184}:185}(Object(Illuminate\\Http\\Request))
#68 /Users/yapi/Adi/appdev/simonas-app/vendor/laravel/framework/src/Illuminate/Foundation/Http/Kernel.php(176): Illuminate\\Pipeline\\Pipeline->then(Object(Closure))
#69 /Users/yapi/Adi/appdev/simonas-app/vendor/laravel/framework/src/Illuminate/Foundation/Http/Kernel.php(145): Illuminate\\Foundation\\Http\\Kernel->sendRequestThroughRouter(Object(Illuminate\\Http\\Request))
#70 /Users/yapi/Adi/appdev/simonas-app/public/index.php(18): Illuminate\\Foundation\\Http\\Kernel->handle(Object(Illuminate\\Http\\Request))
#71 /Users/yapi/Adi/appdev/simonas-app/server.php(21): require_once('/Users/yapi/Adi...')
#72 {main}
"} 
[2026-05-02 02:24:14] local.ERROR: compact(): Undefined variable $featured_mentee {"userId":3,"exception":"[object] (ErrorException(code: 0): compact(): Undefined variable $featured_mentee at /Users/yapi/Adi/appdev/simonas-app/app/Http/Controllers/Web/Mentor/DashboardController.php:131)
[stacktrace]
#0 /Users/yapi/Adi/appdev/simonas-app/vendor/laravel/framework/src/Illuminate/Foundation/Bootstrap/HandleExceptions.php(258): Illuminate\\Foundation\\Bootstrap\\HandleExceptions->handleError(2, 'compact(): Unde...', '/Users/yapi/Adi...', 131)
#1 [internal function]: Illuminate\\Foundation\\Bootstrap\\HandleExceptions->{closure:Illuminate\\Foundation\\Bootstrap\\HandleExceptions::forwardsTo():257}(2, 'compact(): Unde...', '/Users/yapi/Adi...', 131)
#2 /Users/yapi/Adi/appdev/simonas-app/app/Http/Controllers/Web/Mentor/DashboardController.php(131): compact('stats', 'performance_tre...', 'mentees', 'featured_mentee')
#3 /Users/yapi/Adi/appdev/simonas-app/vendor/laravel/framework/src/Illuminate/Routing/Controller.php(54): App\\Http\\Controllers\\Web\\Mentor\\DashboardController->index(Object(Illuminate\\Http\\Request))
#4 /Users/yapi/Adi/appdev/simonas-app/vendor/laravel/framework/src/Illuminate/Routing/ControllerDispatcher.php(44): Illuminate\\Routing\\Controller->callAction('index', Array)
#5 /Users/yapi/Adi/appdev/simonas-app/vendor/laravel/framework/src/Illuminate/Routing/Route.php(266): Illuminate\\Routing\\ControllerDispatcher->dispatch(Object(Illuminate\\Routing\\Route), Object(App\\Http\\Controllers\\Web\\Mentor\\DashboardController), 'index')
#6 /Users/yapi/Adi/appdev/simonas-app/vendor/laravel/framework/src/Illuminate/Routing/Route.php(212): Illuminate\\Routing\\Route->runController()
#7 /Users/yapi/Adi/appdev/simonas-app/vendor/laravel/framework/src/Illuminate/Routing/Router.php(808): Illuminate\\Routing\\Route->run()
#8 /Users/yapi/Adi/appdev/simonas-app/vendor/laravel/framework/src/Illuminate/Pipeline/Pipeline.php(170): Illuminate\\Routing\\Router->{closure:Illuminate\\Routing\\Router::runRouteWithinStack():807}(Object(Illuminate\\Http\\Request))
#9 /Users/yapi/Adi/appdev/simonas-app/vendor/laravel/framework/src/Illuminate/Auth/Middleware/Authorize.php(60): Illuminate\\Pipeline\\Pipeline->{closure:Illuminate\\Pipeline\\Pipeline::prepareDestination():168}(Object(Illuminate\\Http\\Request))
#10 /Users/yapi/Adi/appdev/simonas-app/vendor/laravel/framework/src/Illuminate/Pipeline/Pipeline.php(209): Illuminate\\Auth\\Middleware\\Authorize->handle(Object(Illuminate\\Http\\Request), Object(Closure), 'access-mentor')
#11 /Users/yapi/Adi/appdev/simonas-app/vendor/inertiajs/inertia-laravel/src/Middleware.php(138): Illuminate\\Pipeline\\Pipeline->{closure:{closure:Illuminate\\Pipeline\\Pipeline::carry():184}:185}(Object(Illuminate\\Http\\Request))
#12 /Users/yapi/Adi/appdev/simonas-app/vendor/laravel/framework/src/Illuminate/Pipeline/Pipeline.php(209): Inertia\\Middleware->handle(Object(Illuminate\\Http\\Request), Object(Closure))
#13 /Users/yapi/Adi/appdev/simonas-app/vendor/laravel/framework/src/Illuminate/Routing/Middleware/SubstituteBindings.php(51): Illuminate\\Pipeline\\Pipeline->{closure:{closure:Illuminate\\Pipeline\\Pipeline::carry():184}:185}(Object(Illuminate\\Http\\Request))
#14 /Users/yapi/Adi/appdev/simonas-app/vendor/laravel/framework/src/Illuminate/Pipeline/Pipeline.php(209): Illuminate\\Routing\\Middleware\\SubstituteBindings->handle(Object(Illuminate\\Http\\Request), Object(Closure))
#15 /Users/yapi/Adi/appdev/simonas-app/vendor/laravel/framework/src/Illuminate/Auth/Middleware/Authenticate.php(64): Illuminate\\Pipeline\\Pipeline->{closure:{closure:Illuminate\\Pipeline\\Pipeline::carry():184}:185}(Object(Illuminate\\Http\\Request))
#16 /Users/yapi/Adi/appdev/simonas-app/vendor/laravel/framework/src/Illuminate/Pipeline/Pipeline.php(209): Illuminate\\Auth\\Middleware\\Authenticate->handle(Object(Illuminate\\Http\\Request), Object(Closure))
#17 /Users/yapi/Adi/appdev/simonas-app/vendor/laravel/framework/src/Illuminate/Foundation/Http/Middleware/VerifyCsrfToken.php(88): Illuminate\\Pipeline\\Pipeline->{closure:{closure:Illuminate\\Pipeline\\Pipeline::carry():184}:185}(Object(Illuminate\\Http\\Request))
#18 /Users/yapi/Adi/appdev/simonas-app/vendor/laravel/framework/src/Illuminate/Pipeline/Pipeline.php(209): Illuminate\\Foundation\\Http\\Middleware\\VerifyCsrfToken->handle(Object(Illuminate\\Http\\Request), Object(Closure))
#19 /Users/yapi/Adi/appdev/simonas-app/vendor/laravel/framework/src/Illuminate/View/Middleware/ShareErrorsFromSession.php(49): Illuminate\\Pipeline\\Pipeline->{closure:{closure:Illuminate\\Pipeline\\Pipeline::carry():184}:185}(Object(Illuminate\\Http\\Request))
#20 /Users/yapi/Adi/appdev/simonas-app/vendor/laravel/framework/src/Illuminate/Pipeline/Pipeline.php(209): Illuminate\\View\\Middleware\\ShareErrorsFromSession->handle(Object(Illuminate\\Http\\Request), Object(Closure))
#21 /Users/yapi/Adi/appdev/simonas-app/vendor/laravel/framework/src/Illuminate/Session/Middleware/StartSession.php(121): Illuminate\\Pipeline\\Pipeline->{closure:{closure:Illuminate\\Pipeline\\Pipeline::carry():184}:185}(Object(Illuminate\\Http\\Request))
#22 /Users/yapi/Adi/appdev/simonas-app/vendor/laravel/framework/src/Illuminate/Session/Middleware/StartSession.php(64): Illuminate\\Session\\Middleware\\StartSession->handleStatefulRequest(Object(Illuminate\\Http\\Request), Object(Illuminate\\Session\\Store), Object(Closure))
#23 /Users/yapi/Adi/appdev/simonas-app/vendor/laravel/framework/src/Illuminate/Pipeline/Pipeline.php(209): Illuminate\\Session\\Middleware\\StartSession->handle(Object(Illuminate\\Http\\Request), Object(Closure))
#24 /Users/yapi/Adi/appdev/simonas-app/vendor/laravel/framework/src/Illuminate/Cookie/Middleware/AddQueuedCookiesToResponse.php(37): Illuminate\\Pipeline\\Pipeline->{closure:{closure:Illuminate\\Pipeline\\Pipeline::carry():184}:185}(Object(Illuminate\\Http\\Request))
#25 /Users/yapi/Adi/appdev/simonas-app/vendor/laravel/framework/src/Illuminate/Pipeline/Pipeline.php(209): Illuminate\\Cookie\\Middleware\\AddQueuedCookiesToResponse->handle(Object(Illuminate\\Http\\Request), Object(Closure))
#26 /Users/yapi/Adi/appdev/simonas-app/vendor/laravel/framework/src/Illuminate/Cookie/Middleware/EncryptCookies.php(75): Illuminate\\Pipeline\\Pipeline->{closure:{closure:Illuminate\\Pipeline\\Pipeline::carry():184}:185}(Object(Illuminate\\Http\\Request))
#27 /Users/yapi/Adi/appdev/simonas-app/vendor/laravel/framework/src/Illuminate/Pipeline/Pipeline.php(209): Illuminate\\Cookie\\Middleware\\EncryptCookies->handle(Object(Illuminate\\Http\\Request), Object(Closure))
#28 /Users/yapi/Adi/appdev/simonas-app/vendor/laravel/framework/src/Illuminate/Pipeline/Pipeline.php(127): Illuminate\\Pipeline\\Pipeline->{closure:{closure:Illuminate\\Pipeline\\Pipeline::carry():184}:185}(Object(Illuminate\\Http\\Request))
#29 /Users/yapi/Adi/appdev/simonas-app/vendor/laravel/framework/src/Illuminate/Routing/Router.php(807): Illuminate\\Pipeline\\Pipeline->then(Object(Closure))
#30 /Users/yapi/Adi/appdev/simonas-app/vendor/laravel/framework/src/Illuminate/Routing/Router.php(786): Illuminate\\Routing\\Router->runRouteWithinStack(Object(Illuminate\\Routing\\Route), Object(Illuminate\\Http\\Request))
#31 /Users/yapi/Adi/appdev/simonas-app/vendor/laravel/framework/src/Illuminate/Routing/Router.php(750): Illuminate\\Routing\\Router->runRoute(Object(Illuminate\\Http\\Request), Object(Illuminate\\Routing\\Route))
#32 /Users/yapi/Adi/appdev/simonas-app/vendor/laravel/framework/src/Illuminate/Routing/Router.php(739): Illuminate\\Routing\\Router->dispatchToRoute(Object(Illuminate\\Http\\Request))
#33 /Users/yapi/Adi/appdev/simonas-app/vendor/laravel/framework/src/Illuminate/Foundation/Http/Kernel.php(201): Illuminate\\Routing\\Router->dispatch(Object(Illuminate\\Http\\Request))
#34 /Users/yapi/Adi/appdev/simonas-app/vendor/laravel/framework/src/Illuminate/Pipeline/Pipeline.php(170): Illuminate\\Foundation\\Http\\Kernel->{closure:Illuminate\\Foundation\\Http\\Kernel::dispatchToRouter():198}(Object(Illuminate\\Http\\Request))
#35 /Users/yapi/Adi/appdev/simonas-app/vendor/inertiajs/inertia-laravel/src/Middleware/EnsureGetOnRedirect.php(19): Illuminate\\Pipeline\\Pipeline->{closure:Illuminate\\Pipeline\\Pipeline::prepareDestination():168}(Object(Illuminate\\Http\\Request))
#36 /Users/yapi/Adi/appdev/simonas-app/vendor/laravel/framework/src/Illuminate/Pipeline/Pipeline.php(209): Inertia\\Middleware\\EnsureGetOnRedirect->handle(Object(Illuminate\\Http\\Request), Object(Closure))
#37 /Users/yapi/Adi/appdev/simonas-app/app/Http/Middleware/CacheStaticAssets.php(17): Illuminate\\Pipeline\\Pipeline->{closure:{closure:Illuminate\\Pipeline\\Pipeline::carry():184}:185}(Object(Illuminate\\Http\\Request))
#38 /Users/yapi/Adi/appdev/simonas-app/vendor/laravel/framework/src/Illuminate/Pipeline/Pipeline.php(209): App\\Http\\Middleware\\CacheStaticAssets->handle(Object(Illuminate\\Http\\Request), Object(Closure))
#39 /Users/yapi/Adi/appdev/simonas-app/vendor/laravel/framework/src/Illuminate/Foundation/Http/Middleware/TransformsRequest.php(21): Illuminate\\Pipeline\\Pipeline->{closure:{closure:Illuminate\\Pipeline\\Pipeline::carry():184}:185}(Object(Illuminate\\Http\\Request))
#40 /Users/yapi/Adi/appdev/simonas-app/vendor/laravel/framework/src/Illuminate/Foundation/Http/Middleware/ConvertEmptyStringsToNull.php(31): Illuminate\\Foundation\\Http\\Middleware\\TransformsRequest->handle(Object(Illuminate\\Http\\Request), Object(Closure))
#41 /Users/yapi/Adi/appdev/simonas-app/vendor/laravel/framework/src/Illuminate/Pipeline/Pipeline.php(209): Illuminate\\Foundation\\Http\\Middleware\\ConvertEmptyStringsToNull->handle(Object(Illuminate\\Http\\Request), Object(Closure))
#42 /Users/yapi/Adi/appdev/simonas-app/vendor/laravel/framework/src/Illuminate/Foundation/Http/Middleware/TransformsRequest.php(21): Illuminate\\Pipeline\\Pipeline->{closure:{closure:Illuminate\\Pipeline\\Pipeline::carry():184}:185}(Object(Illuminate\\Http\\Request))
#43 /Users/yapi/Adi/appdev/simonas-app/vendor/laravel/framework/src/Illuminate/Foundation/Http/Middleware/TrimStrings.php(51): Illuminate\\Foundation\\Http\\Middleware\\TransformsRequest->handle(Object(Illuminate\\Http\\Request), Object(Closure))
#44 /Users/yapi/Adi/appdev/simonas-app/vendor/laravel/framework/src/Illuminate/Pipeline/Pipeline.php(209): Illuminate\\Foundation\\Http\\Middleware\\TrimStrings->handle(Object(Illuminate\\Http\\Request), Object(Closure))
#45 /Users/yapi/Adi/appdev/simonas-app/vendor/laravel/framework/src/Illuminate/Http/Middleware/ValidatePostSize.php(27): Illuminate\\Pipeline\\Pipeline->{closure:{closure:Illuminate\\Pipeline\\Pipeline::carry():184}:185}(Object(Illuminate\\Http\\Request))
#46 /Users/yapi/Adi/appdev/simonas-app/vendor/laravel/framework/src/Illuminate/Pipeline/Pipeline.php(209): Illuminate\\Http\\Middleware\\ValidatePostSize->handle(Object(Illuminate\\Http\\Request), Object(Closure))
#47 /Users/yapi/Adi/appdev/simonas-app/vendor/laravel/framework/src/Illuminate/Foundation/Http/Middleware/PreventRequestsDuringMaintenance.php(110): Illuminate\\Pipeline\\Pipeline->{closure:{closure:Illuminate\\Pipeline\\Pipeline::carry():184}:185}(Object(Illuminate\\Http\\Request))
#48 /Users/yapi/Adi/appdev/simonas-app/vendor/laravel/framework/src/Illuminate/Pipeline/Pipeline.php(209): Illuminate\\Foundation\\Http\\Middleware\\PreventRequestsDuringMaintenance->handle(Object(Illuminate\\Http\\Request), Object(Closure))
#49 /Users/yapi/Adi/appdev/simonas-app/vendor/laravel/framework/src/Illuminate/Http/Middleware/HandleCors.php(49): Illuminate\\Pipeline\\Pipeline->{closure:{closure:Illuminate\\Pipeline\\Pipeline::carry():184}:185}(Object(Illuminate\\Http\\Request))
#50 /Users/yapi/Adi/appdev/simonas-app/vendor/laravel/framework/src/Illuminate/Pipeline/Pipeline.php(209): Illuminate\\Http\\Middleware\\HandleCors->handle(Object(Illuminate\\Http\\Request), Object(Closure))
#51 /Users/yapi/Adi/appdev/simonas-app/vendor/laravel/framework/src/Illuminate/Http/Middleware/TrustProxies.php(58): Illuminate\\Pipeline\\Pipeline->{closure:{closure:Illuminate\\Pipeline\\Pipeline::carry():184}:185}(Object(Illuminate\\Http\\Request))
#52 /Users/yapi/Adi/appdev/simonas-app/vendor/laravel/framework/src/Illuminate/Pipeline/Pipeline.php(209): Illuminate\\Http\\Middleware\\TrustProxies->handle(Object(Illuminate\\Http\\Request), Object(Closure))
#53 /Users/yapi/Adi/appdev/simonas-app/vendor/laravel/framework/src/Illuminate/Pipeline/Pipeline.php(127): Illuminate\\Pipeline\\Pipeline->{closure:{closure:Illuminate\\Pipeline\\Pipeline::carry():184}:185}(Object(Illuminate\\Http\\Request))
#54 /Users/yapi/Adi/appdev/simonas-app/vendor/laravel/framework/src/Illuminate/Foundation/Http/Kernel.php(176): Illuminate\\Pipeline\\Pipeline->then(Object(Closure))
#55 /Users/yapi/Adi/appdev/simonas-app/vendor/laravel/framework/src/Illuminate/Foundation/Http/Kernel.php(145): Illuminate\\Foundation\\Http\\Kernel->sendRequestThroughRouter(Object(Illuminate\\Http\\Request))
#56 /Users/yapi/Adi/appdev/simonas-app/public/index.php(18): Illuminate\\Foundation\\Http\\Kernel->handle(Object(Illuminate\\Http\\Request))
#57 /Users/yapi/Adi/appdev/simonas-app/server.php(21): require_once('/Users/yapi/Adi...')
#58 {main}
"} 
[2026-05-02 02:26:32] local.ERROR: compact(): Undefined variable $featured_mentee {"userId":3,"exception":"[object] (ErrorException(code: 0): compact(): Undefined variable $featured_mentee at /Users/yapi/Adi/appdev/simonas-app/app/Http/Controllers/Web/Mentor/DashboardController.php:131)
[stacktrace]
#0 /Users/yapi/Adi/appdev/simonas-app/vendor/laravel/framework/src/Illuminate/Foundation/Bootstrap/HandleExceptions.php(258): Illuminate\\Foundation\\Bootstrap\\HandleExceptions->handleError(2, 'compact(): Unde...', '/Users/yapi/Adi...', 131)
#1 [internal function]: Illuminate\\Foundation\\Bootstrap\\HandleExceptions->{closure:Illuminate\\Foundation\\Bootstrap\\HandleExceptions::forwardsTo():257}(2, 'compact(): Unde...', '/Users/yapi/Adi...', 131)
#2 /Users/yapi/Adi/appdev/simonas-app/app/Http/Controllers/Web/Mentor/DashboardController.php(131): compact('stats', 'performance_tre...', 'mentees', 'featured_mentee')
#3 /Users/yapi/Adi/appdev/simonas-app/vendor/laravel/framework/src/Illuminate/Routing/Controller.php(54): App\\Http\\Controllers\\Web\\Mentor\\DashboardController->index(Object(Illuminate\\Http\\Request))
#4 /Users/yapi/Adi/appdev/simonas-app/vendor/laravel/framework/src/Illuminate/Routing/ControllerDispatcher.php(44): Illuminate\\Routing\\Controller->callAction('index', Array)
#5 /Users/yapi/Adi/appdev/simonas-app/vendor/laravel/framework/src/Illuminate/Routing/Route.php(266): Illuminate\\Routing\\ControllerDispatcher->dispatch(Object(Illuminate\\Routing\\Route), Object(App\\Http\\Controllers\\Web\\Mentor\\DashboardController), 'index')
#6 /Users/yapi/Adi/appdev/simonas-app/vendor/laravel/framework/src/Illuminate/Routing/Route.php(212): Illuminate\\Routing\\Route->runController()
#7 /Users/yapi/Adi/appdev/simonas-app/vendor/laravel/framework/src/Illuminate/Routing/Router.php(808): Illuminate\\Routing\\Route->run()
#8 /Users/yapi/Adi/appdev/simonas-app/vendor/laravel/framework/src/Illuminate/Pipeline/Pipeline.php(170): Illuminate\\Routing\\Router->{closure:Illuminate\\Routing\\Router::runRouteWithinStack():807}(Object(Illuminate\\Http\\Request))
#9 /Users/yapi/Adi/appdev/simonas-app/vendor/laravel/framework/src/Illuminate/Auth/Middleware/Authorize.php(60): Illuminate\\Pipeline\\Pipeline->{closure:Illuminate\\Pipeline\\Pipeline::prepareDestination():168}(Object(Illuminate\\Http\\Request))
#10 /Users/yapi/Adi/appdev/simonas-app/vendor/laravel/framework/src/Illuminate/Pipeline/Pipeline.php(209): Illuminate\\Auth\\Middleware\\Authorize->handle(Object(Illuminate\\Http\\Request), Object(Closure), 'access-mentor')
#11 /Users/yapi/Adi/appdev/simonas-app/vendor/inertiajs/inertia-laravel/src/Middleware.php(138): Illuminate\\Pipeline\\Pipeline->{closure:{closure:Illuminate\\Pipeline\\Pipeline::carry():184}:185}(Object(Illuminate\\Http\\Request))
#12 /Users/yapi/Adi/appdev/simonas-app/vendor/laravel/framework/src/Illuminate/Pipeline/Pipeline.php(209): Inertia\\Middleware->handle(Object(Illuminate\\Http\\Request), Object(Closure))
#13 /Users/yapi/Adi/appdev/simonas-app/vendor/laravel/framework/src/Illuminate/Routing/Middleware/SubstituteBindings.php(51): Illuminate\\Pipeline\\Pipeline->{closure:{closure:Illuminate\\Pipeline\\Pipeline::carry():184}:185}(Object(Illuminate\\Http\\Request))
#14 /Users/yapi/Adi/appdev/simonas-app/vendor/laravel/framework/src/Illuminate/Pipeline/Pipeline.php(209): Illuminate\\Routing\\Middleware\\SubstituteBindings->handle(Object(Illuminate\\Http\\Request), Object(Closure))
#15 /Users/yapi/Adi/appdev/simonas-app/vendor/laravel/framework/src/Illuminate/Auth/Middleware/Authenticate.php(64): Illuminate\\Pipeline\\Pipeline->{closure:{closure:Illuminate\\Pipeline\\Pipeline::carry():184}:185}(Object(Illuminate\\Http\\Request))
#16 /Users/yapi/Adi/appdev/simonas-app/vendor/laravel/framework/src/Illuminate/Pipeline/Pipeline.php(209): Illuminate\\Auth\\Middleware\\Authenticate->handle(Object(Illuminate\\Http\\Request), Object(Closure))
#17 /Users/yapi/Adi/appdev/simonas-app/vendor/laravel/framework/src/Illuminate/Foundation/Http/Middleware/VerifyCsrfToken.php(88): Illuminate\\Pipeline\\Pipeline->{closure:{closure:Illuminate\\Pipeline\\Pipeline::carry():184}:185}(Object(Illuminate\\Http\\Request))
#18 /Users/yapi/Adi/appdev/simonas-app/vendor/laravel/framework/src/Illuminate/Pipeline/Pipeline.php(209): Illuminate\\Foundation\\Http\\Middleware\\VerifyCsrfToken->handle(Object(Illuminate\\Http\\Request), Object(Closure))
#19 /Users/yapi/Adi/appdev/simonas-app/vendor/laravel/framework/src/Illuminate/View/Middleware/ShareErrorsFromSession.php(49): Illuminate\\Pipeline\\Pipeline->{closure:{closure:Illuminate\\Pipeline\\Pipeline::carry():184}:185}(Object(Illuminate\\Http\\Request))
#20 /Users/yapi/Adi/appdev/simonas-app/vendor/laravel/framework/src/Illuminate/Pipeline/Pipeline.php(209): Illuminate\\View\\Middleware\\ShareErrorsFromSession->handle(Object(Illuminate\\Http\\Request), Object(Closure))
#21 /Users/yapi/Adi/appdev/simonas-app/vendor/laravel/framework/src/Illuminate/Session/Middleware/StartSession.php(121): Illuminate\\Pipeline\\Pipeline->{closure:{closure:Illuminate\\Pipeline\\Pipeline::carry():184}:185}(Object(Illuminate\\Http\\Request))
#22 /Users/yapi/Adi/appdev/simonas-app/vendor/laravel/framework/src/Illuminate/Session/Middleware/StartSession.php(64): Illuminate\\Session\\Middleware\\StartSession->handleStatefulRequest(Object(Illuminate\\Http\\Request), Object(Illuminate\\Session\\Store), Object(Closure))
#23 /Users/yapi/Adi/appdev/simonas-app/vendor/laravel/framework/src/Illuminate/Pipeline/Pipeline.php(209): Illuminate\\Session\\Middleware\\StartSession->handle(Object(Illuminate\\Http\\Request), Object(Closure))
#24 /Users/yapi/Adi/appdev/simonas-app/vendor/laravel/framework/src/Illuminate/Cookie/Middleware/AddQueuedCookiesToResponse.php(37): Illuminate\\Pipeline\\Pipeline->{closure:{closure:Illuminate\\Pipeline\\Pipeline::carry():184}:185}(Object(Illuminate\\Http\\Request))
#25 /Users/yapi/Adi/appdev/simonas-app/vendor/laravel/framework/src/Illuminate/Pipeline/Pipeline.php(209): Illuminate\\Cookie\\Middleware\\AddQueuedCookiesToResponse->handle(Object(Illuminate\\Http\\Request), Object(Closure))
#26 /Users/yapi/Adi/appdev/simonas-app/vendor/laravel/framework/src/Illuminate/Cookie/Middleware/EncryptCookies.php(75): Illuminate\\Pipeline\\Pipeline->{closure:{closure:Illuminate\\Pipeline\\Pipeline::carry():184}:185}(Object(Illuminate\\Http\\Request))
#27 /Users/yapi/Adi/appdev/simonas-app/vendor/laravel/framework/src/Illuminate/Pipeline/Pipeline.php(209): Illuminate\\Cookie\\Middleware\\EncryptCookies->handle(Object(Illuminate\\Http\\Request), Object(Closure))
#28 /Users/yapi/Adi/appdev/simonas-app/vendor/laravel/framework/src/Illuminate/Pipeline/Pipeline.php(127): Illuminate\\Pipeline\\Pipeline->{closure:{closure:Illuminate\\Pipeline\\Pipeline::carry():184}:185}(Object(Illuminate\\Http\\Request))
#29 /Users/yapi/Adi/appdev/simonas-app/vendor/laravel/framework/src/Illuminate/Routing/Router.php(807): Illuminate\\Pipeline\\Pipeline->then(Object(Closure))
#30 /Users/yapi/Adi/appdev/simonas-app/vendor/laravel/framework/src/Illuminate/Routing/Router.php(786): Illuminate\\Routing\\Router->runRouteWithinStack(Object(Illuminate\\Routing\\Route), Object(Illuminate\\Http\\Request))
#31 /Users/yapi/Adi/appdev/simonas-app/vendor/laravel/framework/src/Illuminate/Routing/Router.php(750): Illuminate\\Routing\\Router->runRoute(Object(Illuminate\\Http\\Request), Object(Illuminate\\Routing\\Route))
#32 /Users/yapi/Adi/appdev/simonas-app/vendor/laravel/framework/src/Illuminate/Routing/Router.php(739): Illuminate\\Routing\\Router->dispatchToRoute(Object(Illuminate\\Http\\Request))
#33 /Users/yapi/Adi/appdev/simonas-app/vendor/laravel/framework/src/Illuminate/Foundation/Http/Kernel.php(201): Illuminate\\Routing\\Router->dispatch(Object(Illuminate\\Http\\Request))
#34 /Users/yapi/Adi/appdev/simonas-app/vendor/laravel/framework/src/Illuminate/Pipeline/Pipeline.php(170): Illuminate\\Foundation\\Http\\Kernel->{closure:Illuminate\\Foundation\\Http\\Kernel::dispatchToRouter():198}(Object(Illuminate\\Http\\Request))
#35 /Users/yapi/Adi/appdev/simonas-app/vendor/inertiajs/inertia-laravel/src/Middleware/EnsureGetOnRedirect.php(19): Illuminate\\Pipeline\\Pipeline->{closure:Illuminate\\Pipeline\\Pipeline::prepareDestination():168}(Object(Illuminate\\Http\\Request))
#36 /Users/yapi/Adi/appdev/simonas-app/vendor/laravel/framework/src/Illuminate/Pipeline/Pipeline.php(209): Inertia\\Middleware\\EnsureGetOnRedirect->handle(Object(Illuminate\\Http\\Request), Object(Closure))
#37 /Users/yapi/Adi/appdev/simonas-app/app/Http/Middleware/CacheStaticAssets.php(17): Illuminate\\Pipeline\\Pipeline->{closure:{closure:Illuminate\\Pipeline\\Pipeline::carry():184}:185}(Object(Illuminate\\Http\\Request))
#38 /Users/yapi/Adi/appdev/simonas-app/vendor/laravel/framework/src/Illuminate/Pipeline/Pipeline.php(209): App\\Http\\Middleware\\CacheStaticAssets->handle(Object(Illuminate\\Http\\Request), Object(Closure))
#39 /Users/yapi/Adi/appdev/simonas-app/vendor/laravel/framework/src/Illuminate/Foundation/Http/Middleware/TransformsRequest.php(21): Illuminate\\Pipeline\\Pipeline->{closure:{closure:Illuminate\\Pipeline\\Pipeline::carry():184}:185}(Object(Illuminate\\Http\\Request))
#40 /Users/yapi/Adi/appdev/simonas-app/vendor/laravel/framework/src/Illuminate/Foundation/Http/Middleware/ConvertEmptyStringsToNull.php(31): Illuminate\\Foundation\\Http\\Middleware\\TransformsRequest->handle(Object(Illuminate\\Http\\Request), Object(Closure))
#41 /Users/yapi/Adi/appdev/simonas-app/vendor/laravel/framework/src/Illuminate/Pipeline/Pipeline.php(209): Illuminate\\Foundation\\Http\\Middleware\\ConvertEmptyStringsToNull->handle(Object(Illuminate\\Http\\Request), Object(Closure))
#42 /Users/yapi/Adi/appdev/simonas-app/vendor/laravel/framework/src/Illuminate/Foundation/Http/Middleware/TransformsRequest.php(21): Illuminate\\Pipeline\\Pipeline->{closure:{closure:Illuminate\\Pipeline\\Pipeline::carry():184}:185}(Object(Illuminate\\Http\\Request))
#43 /Users/yapi/Adi/appdev/simonas-app/vendor/laravel/framework/src/Illuminate/Foundation/Http/Middleware/TrimStrings.php(51): Illuminate\\Foundation\\Http\\Middleware\\TransformsRequest->handle(Object(Illuminate\\Http\\Request), Object(Closure))
#44 /Users/yapi/Adi/appdev/simonas-app/vendor/laravel/framework/src/Illuminate/Pipeline/Pipeline.php(209): Illuminate\\Foundation\\Http\\Middleware\\TrimStrings->handle(Object(Illuminate\\Http\\Request), Object(Closure))
#45 /Users/yapi/Adi/appdev/simonas-app/vendor/laravel/framework/src/Illuminate/Http/Middleware/ValidatePostSize.php(27): Illuminate\\Pipeline\\Pipeline->{closure:{closure:Illuminate\\Pipeline\\Pipeline::carry():184}:185}(Object(Illuminate\\Http\\Request))
#46 /Users/yapi/Adi/appdev/simonas-app/vendor/laravel/framework/src/Illuminate/Pipeline/Pipeline.php(209): Illuminate\\Http\\Middleware\\ValidatePostSize->handle(Object(Illuminate\\Http\\Request), Object(Closure))
#47 /Users/yapi/Adi/appdev/simonas-app/vendor/laravel/framework/src/Illuminate/Foundation/Http/Middleware/PreventRequestsDuringMaintenance.php(110): Illuminate\\Pipeline\\Pipeline->{closure:{closure:Illuminate\\Pipeline\\Pipeline::carry():184}:185}(Object(Illuminate\\Http\\Request))
#48 /Users/yapi/Adi/appdev/simonas-app/vendor/laravel/framework/src/Illuminate/Pipeline/Pipeline.php(209): Illuminate\\Foundation\\Http\\Middleware\\PreventRequestsDuringMaintenance->handle(Object(Illuminate\\Http\\Request), Object(Closure))
#49 /Users/yapi/Adi/appdev/simonas-app/vendor/laravel/framework/src/Illuminate/Http/Middleware/HandleCors.php(49): Illuminate\\Pipeline\\Pipeline->{closure:{closure:Illuminate\\Pipeline\\Pipeline::carry():184}:185}(Object(Illuminate\\Http\\Request))
#50 /Users/yapi/Adi/appdev/simonas-app/vendor/laravel/framework/src/Illuminate/Pipeline/Pipeline.php(209): Illuminate\\Http\\Middleware\\HandleCors->handle(Object(Illuminate\\Http\\Request), Object(Closure))
#51 /Users/yapi/Adi/appdev/simonas-app/vendor/laravel/framework/src/Illuminate/Http/Middleware/TrustProxies.php(58): Illuminate\\Pipeline\\Pipeline->{closure:{closure:Illuminate\\Pipeline\\Pipeline::carry():184}:185}(Object(Illuminate\\Http\\Request))
#52 /Users/yapi/Adi/appdev/simonas-app/vendor/laravel/framework/src/Illuminate/Pipeline/Pipeline.php(209): Illuminate\\Http\\Middleware\\TrustProxies->handle(Object(Illuminate\\Http\\Request), Object(Closure))
#53 /Users/yapi/Adi/appdev/simonas-app/vendor/laravel/framework/src/Illuminate/Pipeline/Pipeline.php(127): Illuminate\\Pipeline\\Pipeline->{closure:{closure:Illuminate\\Pipeline\\Pipeline::carry():184}:185}(Object(Illuminate\\Http\\Request))
#54 /Users/yapi/Adi/appdev/simonas-app/vendor/laravel/framework/src/Illuminate/Foundation/Http/Kernel.php(176): Illuminate\\Pipeline\\Pipeline->then(Object(Closure))
#55 /Users/yapi/Adi/appdev/simonas-app/vendor/laravel/framework/src/Illuminate/Foundation/Http/Kernel.php(145): Illuminate\\Foundation\\Http\\Kernel->sendRequestThroughRouter(Object(Illuminate\\Http\\Request))
#56 /Users/yapi/Adi/appdev/simonas-app/public/index.php(18): Illuminate\\Foundation\\Http\\Kernel->handle(Object(Illuminate\\Http\\Request))
#57 /Users/yapi/Adi/appdev/simonas-app/server.php(21): require_once('/Users/yapi/Adi...')
#58 {main}
"} 
[2026-05-02 02:30:31] local.ERROR: SQLSTATE[42S22]: Column not found: 1054 Unknown column 'progress_percent' in 'field list' (Connection: mysql, SQL: select avg(`progress_percent`) as aggregate from `hafalans` where 0 = 1) {"userId":3,"exception":"[object] (Illuminate\\Database\\QueryException(code: 42S22): SQLSTATE[42S22]: Column not found: 1054 Unknown column 'progress_percent' in 'field list' (Connection: mysql, SQL: select avg(`progress_percent`) as aggregate from `hafalans` where 0 = 1) at /Users/yapi/Adi/appdev/simonas-app/vendor/laravel/framework/src/Illuminate/Database/Connection.php:825)
[stacktrace]
#0 /Users/yapi/Adi/appdev/simonas-app/vendor/laravel/framework/src/Illuminate/Database/Connection.php(779): Illuminate\\Database\\Connection->runQueryCallback('select avg(`pro...', Array, Object(Closure))
#1 /Users/yapi/Adi/appdev/simonas-app/vendor/laravel/framework/src/Illuminate/Database/Connection.php(398): Illuminate\\Database\\Connection->run('select avg(`pro...', Array, Object(Closure))
#2 /Users/yapi/Adi/appdev/simonas-app/vendor/laravel/framework/src/Illuminate/Database/Query/Builder.php(3106): Illuminate\\Database\\Connection->select('select avg(`pro...', Array, true)
#3 /Users/yapi/Adi/appdev/simonas-app/vendor/laravel/framework/src/Illuminate/Database/Query/Builder.php(3091): Illuminate\\Database\\Query\\Builder->runSelect()
#4 /Users/yapi/Adi/appdev/simonas-app/vendor/laravel/framework/src/Illuminate/Database/Query/Builder.php(3676): Illuminate\\Database\\Query\\Builder->{closure:Illuminate\\Database\\Query\\Builder::get():3090}()
#5 /Users/yapi/Adi/appdev/simonas-app/vendor/laravel/framework/src/Illuminate/Database/Query/Builder.php(3090): Illuminate\\Database\\Query\\Builder->onceWithColumns(Array, Object(Closure))
#6 /Users/yapi/Adi/appdev/simonas-app/vendor/laravel/framework/src/Illuminate/Database/Query/Builder.php(3603): Illuminate\\Database\\Query\\Builder->get(Array)
#7 /Users/yapi/Adi/appdev/simonas-app/vendor/laravel/framework/src/Illuminate/Database/Query/Builder.php(3577): Illuminate\\Database\\Query\\Builder->aggregate('avg', Array)
#8 /Users/yapi/Adi/appdev/simonas-app/vendor/laravel/framework/src/Illuminate/Database/Eloquent/Builder.php(2120): Illuminate\\Database\\Query\\Builder->avg('progress_percen...')
#9 /Users/yapi/Adi/appdev/simonas-app/app/Http/Controllers/Web/DashboardController.php(186): Illuminate\\Database\\Eloquent\\Builder->__call('avg', Array)
#10 /Users/yapi/Adi/appdev/simonas-app/app/Http/Controllers/Web/DashboardController.php(27): App\\Http\\Controllers\\Web\\DashboardController->mentorPayload(Object(App\\Models\\User))
#11 /Users/yapi/Adi/appdev/simonas-app/vendor/laravel/framework/src/Illuminate/Routing/Controller.php(54): App\\Http\\Controllers\\Web\\DashboardController->index(Object(Illuminate\\Http\\Request))
#12 /Users/yapi/Adi/appdev/simonas-app/vendor/laravel/framework/src/Illuminate/Routing/ControllerDispatcher.php(44): Illuminate\\Routing\\Controller->callAction('index', Array)
#13 /Users/yapi/Adi/appdev/simonas-app/vendor/laravel/framework/src/Illuminate/Routing/Route.php(266): Illuminate\\Routing\\ControllerDispatcher->dispatch(Object(Illuminate\\Routing\\Route), Object(App\\Http\\Controllers\\Web\\DashboardController), 'index')
#14 /Users/yapi/Adi/appdev/simonas-app/vendor/laravel/framework/src/Illuminate/Routing/Route.php(212): Illuminate\\Routing\\Route->runController()
#15 /Users/yapi/Adi/appdev/simonas-app/vendor/laravel/framework/src/Illuminate/Routing/Router.php(808): Illuminate\\Routing\\Route->run()
#16 /Users/yapi/Adi/appdev/simonas-app/vendor/laravel/framework/src/Illuminate/Pipeline/Pipeline.php(170): Illuminate\\Routing\\Router->{closure:Illuminate\\Routing\\Router::runRouteWithinStack():807}(Object(Illuminate\\Http\\Request))
#17 /Users/yapi/Adi/appdev/simonas-app/vendor/inertiajs/inertia-laravel/src/Middleware.php(138): Illuminate\\Pipeline\\Pipeline->{closure:Illuminate\\Pipeline\\Pipeline::prepareDestination():168}(Object(Illuminate\\Http\\Request))
#18 /Users/yapi/Adi/appdev/simonas-app/vendor/laravel/framework/src/Illuminate/Pipeline/Pipeline.php(209): Inertia\\Middleware->handle(Object(Illuminate\\Http\\Request), Object(Closure))
#19 /Users/yapi/Adi/appdev/simonas-app/vendor/laravel/framework/src/Illuminate/Routing/Middleware/SubstituteBindings.php(51): Illuminate\\Pipeline\\Pipeline->{closure:{closure:Illuminate\\Pipeline\\Pipeline::carry():184}:185}(Object(Illuminate\\Http\\Request))
#20 /Users/yapi/Adi/appdev/simonas-app/vendor/laravel/framework/src/Illuminate/Pipeline/Pipeline.php(209): Illuminate\\Routing\\Middleware\\SubstituteBindings->handle(Object(Illuminate\\Http\\Request), Object(Closure))
#21 /Users/yapi/Adi/appdev/simonas-app/vendor/laravel/framework/src/Illuminate/Auth/Middleware/Authenticate.php(64): Illuminate\\Pipeline\\Pipeline->{closure:{closure:Illuminate\\Pipeline\\Pipeline::carry():184}:185}(Object(Illuminate\\Http\\Request))
#22 /Users/yapi/Adi/appdev/simonas-app/vendor/laravel/framework/src/Illuminate/Pipeline/Pipeline.php(209): Illuminate\\Auth\\Middleware\\Authenticate->handle(Object(Illuminate\\Http\\Request), Object(Closure))
#23 /Users/yapi/Adi/appdev/simonas-app/vendor/laravel/framework/src/Illuminate/Foundation/Http/Middleware/VerifyCsrfToken.php(88): Illuminate\\Pipeline\\Pipeline->{closure:{closure:Illuminate\\Pipeline\\Pipeline::carry():184}:185}(Object(Illuminate\\Http\\Request))
#24 /Users/yapi/Adi/appdev/simonas-app/vendor/laravel/framework/src/Illuminate/Pipeline/Pipeline.php(209): Illuminate\\Foundation\\Http\\Middleware\\VerifyCsrfToken->handle(Object(Illuminate\\Http\\Request), Object(Closure))
#25 /Users/yapi/Adi/appdev/simonas-app/vendor/laravel/framework/src/Illuminate/View/Middleware/ShareErrorsFromSession.php(49): Illuminate\\Pipeline\\Pipeline->{closure:{closure:Illuminate\\Pipeline\\Pipeline::carry():184}:185}(Object(Illuminate\\Http\\Request))
#26 /Users/yapi/Adi/appdev/simonas-app/vendor/laravel/framework/src/Illuminate/Pipeline/Pipeline.php(209): Illuminate\\View\\Middleware\\ShareErrorsFromSession->handle(Object(Illuminate\\Http\\Request), Object(Closure))
#27 /Users/yapi/Adi/appdev/simonas-app/vendor/laravel/framework/src/Illuminate/Session/Middleware/StartSession.php(121): Illuminate\\Pipeline\\Pipeline->{closure:{closure:Illuminate\\Pipeline\\Pipeline::carry():184}:185}(Object(Illuminate\\Http\\Request))
#28 /Users/yapi/Adi/appdev/simonas-app/vendor/laravel/framework/src/Illuminate/Session/Middleware/StartSession.php(64): Illuminate\\Session\\Middleware\\StartSession->handleStatefulRequest(Object(Illuminate\\Http\\Request), Object(Illuminate\\Session\\Store), Object(Closure))
#29 /Users/yapi/Adi/appdev/simonas-app/vendor/laravel/framework/src/Illuminate/Pipeline/Pipeline.php(209): Illuminate\\Session\\Middleware\\StartSession->handle(Object(Illuminate\\Http\\Request), Object(Closure))
#30 /Users/yapi/Adi/appdev/simonas-app/vendor/laravel/framework/src/Illuminate/Cookie/Middleware/AddQueuedCookiesToResponse.php(37): Illuminate\\Pipeline\\Pipeline->{closure:{closure:Illuminate\\Pipeline\\Pipeline::carry():184}:185}(Object(Illuminate\\Http\\Request))
#31 /Users/yapi/Adi/appdev/simonas-app/vendor/laravel/framework/src/Illuminate/Pipeline/Pipeline.php(209): Illuminate\\Cookie\\Middleware\\AddQueuedCookiesToResponse->handle(Object(Illuminate\\Http\\Request), Object(Closure))
#32 /Users/yapi/Adi/appdev/simonas-app/vendor/laravel/framework/src/Illuminate/Cookie/Middleware/EncryptCookies.php(75): Illuminate\\Pipeline\\Pipeline->{closure:{closure:Illuminate\\Pipeline\\Pipeline::carry():184}:185}(Object(Illuminate\\Http\\Request))
#33 /Users/yapi/Adi/appdev/simonas-app/vendor/laravel/framework/src/Illuminate/Pipeline/Pipeline.php(209): Illuminate\\Cookie\\Middleware\\EncryptCookies->handle(Object(Illuminate\\Http\\Request), Object(Closure))
#34 /Users/yapi/Adi/appdev/simonas-app/vendor/laravel/framework/src/Illuminate/Pipeline/Pipeline.php(127): Illuminate\\Pipeline\\Pipeline->{closure:{closure:Illuminate\\Pipeline\\Pipeline::carry():184}:185}(Object(Illuminate\\Http\\Request))
#35 /Users/yapi/Adi/appdev/simonas-app/vendor/laravel/framework/src/Illuminate/Routing/Router.php(807): Illuminate\\Pipeline\\Pipeline->then(Object(Closure))
#36 /Users/yapi/Adi/appdev/simonas-app/vendor/laravel/framework/src/Illuminate/Routing/Router.php(786): Illuminate\\Routing\\Router->runRouteWithinStack(Object(Illuminate\\Routing\\Route), Object(Illuminate\\Http\\Request))
#37 /Users/yapi/Adi/appdev/simonas-app/vendor/laravel/framework/src/Illuminate/Routing/Router.php(750): Illuminate\\Routing\\Router->runRoute(Object(Illuminate\\Http\\Request), Object(Illuminate\\Routing\\Route))
#38 /Users/yapi/Adi/appdev/simonas-app/vendor/laravel/framework/src/Illuminate/Routing/Router.php(739): Illuminate\\Routing\\Router->dispatchToRoute(Object(Illuminate\\Http\\Request))
#39 /Users/yapi/Adi/appdev/simonas-app/vendor/laravel/framework/src/Illuminate/Foundation/Http/Kernel.php(201): Illuminate\\Routing\\Router->dispatch(Object(Illuminate\\Http\\Request))
#40 /Users/yapi/Adi/appdev/simonas-app/vendor/laravel/framework/src/Illuminate/Pipeline/Pipeline.php(170): Illuminate\\Foundation\\Http\\Kernel->{closure:Illuminate\\Foundation\\Http\\Kernel::dispatchToRouter():198}(Object(Illuminate\\Http\\Request))
#41 /Users/yapi/Adi/appdev/simonas-app/vendor/inertiajs/inertia-laravel/src/Middleware/EnsureGetOnRedirect.php(19): Illuminate\\Pipeline\\Pipeline->{closure:Illuminate\\Pipeline\\Pipeline::prepareDestination():168}(Object(Illuminate\\Http\\Request))
#42 /Users/yapi/Adi/appdev/simonas-app/vendor/laravel/framework/src/Illuminate/Pipeline/Pipeline.php(209): Inertia\\Middleware\\EnsureGetOnRedirect->handle(Object(Illuminate\\Http\\Request), Object(Closure))
#43 /Users/yapi/Adi/appdev/simonas-app/app/Http/Middleware/CacheStaticAssets.php(17): Illuminate\\Pipeline\\Pipeline->{closure:{closure:Illuminate\\Pipeline\\Pipeline::carry():184}:185}(Object(Illuminate\\Http\\Request))
#44 /Users/yapi/Adi/appdev/simonas-app/vendor/laravel/framework/src/Illuminate/Pipeline/Pipeline.php(209): App\\Http\\Middleware\\CacheStaticAssets->handle(Object(Illuminate\\Http\\Request), Object(Closure))
#45 /Users/yapi/Adi/appdev/simonas-app/vendor/laravel/framework/src/Illuminate/Foundation/Http/Middleware/TransformsRequest.php(21): Illuminate\\Pipeline\\Pipeline->{closure:{closure:Illuminate\\Pipeline\\Pipeline::carry():184}:185}(Object(Illuminate\\Http\\Request))
#46 /Users/yapi/Adi/appdev/simonas-app/vendor/laravel/framework/src/Illuminate/Foundation/Http/Middleware/ConvertEmptyStringsToNull.php(31): Illuminate\\Foundation\\Http\\Middleware\\TransformsRequest->handle(Object(Illuminate\\Http\\Request), Object(Closure))
#47 /Users/yapi/Adi/appdev/simonas-app/vendor/laravel/framework/src/Illuminate/Pipeline/Pipeline.php(209): Illuminate\\Foundation\\Http\\Middleware\\ConvertEmptyStringsToNull->handle(Object(Illuminate\\Http\\Request), Object(Closure))
#48 /Users/yapi/Adi/appdev/simonas-app/vendor/laravel/framework/src/Illuminate/Foundation/Http/Middleware/TransformsRequest.php(21): Illuminate\\Pipeline\\Pipeline->{closure:{closure:Illuminate\\Pipeline\\Pipeline::carry():184}:185}(Object(Illuminate\\Http\\Request))
#49 /Users/yapi/Adi/appdev/simonas-app/vendor/laravel/framework/src/Illuminate/Foundation/Http/Middleware/TrimStrings.php(51): Illuminate\\Foundation\\Http\\Middleware\\TransformsRequest->handle(Object(Illuminate\\Http\\Request), Object(Closure))
#50 /Users/yapi/Adi/appdev/simonas-app/vendor/laravel/framework/src/Illuminate/Pipeline/Pipeline.php(209): Illuminate\\Foundation\\Http\\Middleware\\TrimStrings->handle(Object(Illuminate\\Http\\Request), Object(Closure))
#51 /Users/yapi/Adi/appdev/simonas-app/vendor/laravel/framework/src/Illuminate/Http/Middleware/ValidatePostSize.php(27): Illuminate\\Pipeline\\Pipeline->{closure:{closure:Illuminate\\Pipeline\\Pipeline::carry():184}:185}(Object(Illuminate\\Http\\Request))
#52 /Users/yapi/Adi/appdev/simonas-app/vendor/laravel/framework/src/Illuminate/Pipeline/Pipeline.php(209): Illuminate\\Http\\Middleware\\ValidatePostSize->handle(Object(Illuminate\\Http\\Request), Object(Closure))
#53 /Users/yapi/Adi/appdev/simonas-app/vendor/laravel/framework/src/Illuminate/Foundation/Http/Middleware/PreventRequestsDuringMaintenance.php(110): Illuminate\\Pipeline\\Pipeline->{closure:{closure:Illuminate\\Pipeline\\Pipeline::carry():184}:185}(Object(Illuminate\\Http\\Request))
#54 /Users/yapi/Adi/appdev/simonas-app/vendor/laravel/framework/src/Illuminate/Pipeline/Pipeline.php(209): Illuminate\\Foundation\\Http\\Middleware\\PreventRequestsDuringMaintenance->handle(Object(Illuminate\\Http\\Request), Object(Closure))
#55 /Users/yapi/Adi/appdev/simonas-app/vendor/laravel/framework/src/Illuminate/Http/Middleware/HandleCors.php(49): Illuminate\\Pipeline\\Pipeline->{closure:{closure:Illuminate\\Pipeline\\Pipeline::carry():184}:185}(Object(Illuminate\\Http\\Request))
#56 /Users/yapi/Adi/appdev/simonas-app/vendor/laravel/framework/src/Illuminate/Pipeline/Pipeline.php(209): Illuminate\\Http\\Middleware\\HandleCors->handle(Object(Illuminate\\Http\\Request), Object(Closure))
#57 /Users/yapi/Adi/appdev/simonas-app/vendor/laravel/framework/src/Illuminate/Http/Middleware/TrustProxies.php(58): Illuminate\\Pipeline\\Pipeline->{closure:{closure:Illuminate\\Pipeline\\Pipeline::carry():184}:185}(Object(Illuminate\\Http\\Request))
#58 /Users/yapi/Adi/appdev/simonas-app/vendor/laravel/framework/src/Illuminate/Pipeline/Pipeline.php(209): Illuminate\\Http\\Middleware\\TrustProxies->handle(Object(Illuminate\\Http\\Request), Object(Closure))
#59 /Users/yapi/Adi/appdev/simonas-app/vendor/laravel/framework/src/Illuminate/Pipeline/Pipeline.php(127): Illuminate\\Pipeline\\Pipeline->{closure:{closure:Illuminate\\Pipeline\\Pipeline::carry():184}:185}(Object(Illuminate\\Http\\Request))
#60 /Users/yapi/Adi/appdev/simonas-app/vendor/laravel/framework/src/Illuminate/Foundation/Http/Kernel.php(176): Illuminate\\Pipeline\\Pipeline->then(Object(Closure))
#61 /Users/yapi/Adi/appdev/simonas-app/vendor/laravel/framework/src/Illuminate/Foundation/Http/Kernel.php(145): Illuminate\\Foundation\\Http\\Kernel->sendRequestThroughRouter(Object(Illuminate\\Http\\Request))
#62 /Users/yapi/Adi/appdev/simonas-app/public/index.php(18): Illuminate\\Foundation\\Http\\Kernel->handle(Object(Illuminate\\Http\\Request))
#63 /Users/yapi/Adi/appdev/simonas-app/server.php(21): require_once('/Users/yapi/Adi...')
#64 {main}

[previous exception] [object] (PDOException(code: 42S22): SQLSTATE[42S22]: Column not found: 1054 Unknown column 'progress_percent' in 'field list' at /Users/yapi/Adi/appdev/simonas-app/vendor/laravel/framework/src/Illuminate/Database/Connection.php:407)
[stacktrace]
#0 /Users/yapi/Adi/appdev/simonas-app/vendor/laravel/framework/src/Illuminate/Database/Connection.php(407): PDO->prepare('select avg(`pro...')
#1 /Users/yapi/Adi/appdev/simonas-app/vendor/laravel/framework/src/Illuminate/Database/Connection.php(812): Illuminate\\Database\\Connection->{closure:Illuminate\\Database\\Connection::select():398}('select avg(`pro...', Array)
#2 /Users/yapi/Adi/appdev/simonas-app/vendor/laravel/framework/src/Illuminate/Database/Connection.php(779): Illuminate\\Database\\Connection->runQueryCallback('select avg(`pro...', Array, Object(Closure))
#3 /Users/yapi/Adi/appdev/simonas-app/vendor/laravel/framework/src/Illuminate/Database/Connection.php(398): Illuminate\\Database\\Connection->run('select avg(`pro...', Array, Object(Closure))
#4 /Users/yapi/Adi/appdev/simonas-app/vendor/laravel/framework/src/Illuminate/Database/Query/Builder.php(3106): Illuminate\\Database\\Connection->select('select avg(`pro...', Array, true)
#5 /Users/yapi/Adi/appdev/simonas-app/vendor/laravel/framework/src/Illuminate/Database/Query/Builder.php(3091): Illuminate\\Database\\Query\\Builder->runSelect()
#6 /Users/yapi/Adi/appdev/simonas-app/vendor/laravel/framework/src/Illuminate/Database/Query/Builder.php(3676): Illuminate\\Database\\Query\\Builder->{closure:Illuminate\\Database\\Query\\Builder::get():3090}()
#7 /Users/yapi/Adi/appdev/simonas-app/vendor/laravel/framework/src/Illuminate/Database/Query/Builder.php(3090): Illuminate\\Database\\Query\\Builder->onceWithColumns(Array, Object(Closure))
#8 /Users/yapi/Adi/appdev/simonas-app/vendor/laravel/framework/src/Illuminate/Database/Query/Builder.php(3603): Illuminate\\Database\\Query\\Builder->get(Array)
#9 /Users/yapi/Adi/appdev/simonas-app/vendor/laravel/framework/src/Illuminate/Database/Query/Builder.php(3577): Illuminate\\Database\\Query\\Builder->aggregate('avg', Array)
#10 /Users/yapi/Adi/appdev/simonas-app/vendor/laravel/framework/src/Illuminate/Database/Eloquent/Builder.php(2120): Illuminate\\Database\\Query\\Builder->avg('progress_percen...')
#11 /Users/yapi/Adi/appdev/simonas-app/app/Http/Controllers/Web/DashboardController.php(186): Illuminate\\Database\\Eloquent\\Builder->__call('avg', Array)
#12 /Users/yapi/Adi/appdev/simonas-app/app/Http/Controllers/Web/DashboardController.php(27): App\\Http\\Controllers\\Web\\DashboardController->mentorPayload(Object(App\\Models\\User))
#13 /Users/yapi/Adi/appdev/simonas-app/vendor/laravel/framework/src/Illuminate/Routing/Controller.php(54): App\\Http\\Controllers\\Web\\DashboardController->index(Object(Illuminate\\Http\\Request))
#14 /Users/yapi/Adi/appdev/simonas-app/vendor/laravel/framework/src/Illuminate/Routing/ControllerDispatcher.php(44): Illuminate\\Routing\\Controller->callAction('index', Array)
#15 /Users/yapi/Adi/appdev/simonas-app/vendor/laravel/framework/src/Illuminate/Routing/Route.php(266): Illuminate\\Routing\\ControllerDispatcher->dispatch(Object(Illuminate\\Routing\\Route), Object(App\\Http\\Controllers\\Web\\DashboardController), 'index')
#16 /Users/yapi/Adi/appdev/simonas-app/vendor/laravel/framework/src/Illuminate/Routing/Route.php(212): Illuminate\\Routing\\Route->runController()
#17 /Users/yapi/Adi/appdev/simonas-app/vendor/laravel/framework/src/Illuminate/Routing/Router.php(808): Illuminate\\Routing\\Route->run()
#18 /Users/yapi/Adi/appdev/simonas-app/vendor/laravel/framework/src/Illuminate/Pipeline/Pipeline.php(170): Illuminate\\Routing\\Router->{closure:Illuminate\\Routing\\Router::runRouteWithinStack():807}(Object(Illuminate\\Http\\Request))
#19 /Users/yapi/Adi/appdev/simonas-app/vendor/inertiajs/inertia-laravel/src/Middleware.php(138): Illuminate\\Pipeline\\Pipeline->{closure:Illuminate\\Pipeline\\Pipeline::prepareDestination():168}(Object(Illuminate\\Http\\Request))
#20 /Users/yapi/Adi/appdev/simonas-app/vendor/laravel/framework/src/Illuminate/Pipeline/Pipeline.php(209): Inertia\\Middleware->handle(Object(Illuminate\\Http\\Request), Object(Closure))
#21 /Users/yapi/Adi/appdev/simonas-app/vendor/laravel/framework/src/Illuminate/Routing/Middleware/SubstituteBindings.php(51): Illuminate\\Pipeline\\Pipeline->{closure:{closure:Illuminate\\Pipeline\\Pipeline::carry():184}:185}(Object(Illuminate\\Http\\Request))
#22 /Users/yapi/Adi/appdev/simonas-app/vendor/laravel/framework/src/Illuminate/Pipeline/Pipeline.php(209): Illuminate\\Routing\\Middleware\\SubstituteBindings->handle(Object(Illuminate\\Http\\Request), Object(Closure))
#23 /Users/yapi/Adi/appdev/simonas-app/vendor/laravel/framework/src/Illuminate/Auth/Middleware/Authenticate.php(64): Illuminate\\Pipeline\\Pipeline->{closure:{closure:Illuminate\\Pipeline\\Pipeline::carry():184}:185}(Object(Illuminate\\Http\\Request))
#24 /Users/yapi/Adi/appdev/simonas-app/vendor/laravel/framework/src/Illuminate/Pipeline/Pipeline.php(209): Illuminate\\Auth\\Middleware\\Authenticate->handle(Object(Illuminate\\Http\\Request), Object(Closure))
#25 /Users/yapi/Adi/appdev/simonas-app/vendor/laravel/framework/src/Illuminate/Foundation/Http/Middleware/VerifyCsrfToken.php(88): Illuminate\\Pipeline\\Pipeline->{closure:{closure:Illuminate\\Pipeline\\Pipeline::carry():184}:185}(Object(Illuminate\\Http\\Request))
#26 /Users/yapi/Adi/appdev/simonas-app/vendor/laravel/framework/src/Illuminate/Pipeline/Pipeline.php(209): Illuminate\\Foundation\\Http\\Middleware\\VerifyCsrfToken->handle(Object(Illuminate\\Http\\Request), Object(Closure))
#27 /Users/yapi/Adi/appdev/simonas-app/vendor/laravel/framework/src/Illuminate/View/Middleware/ShareErrorsFromSession.php(49): Illuminate\\Pipeline\\Pipeline->{closure:{closure:Illuminate\\Pipeline\\Pipeline::carry():184}:185}(Object(Illuminate\\Http\\Request))
#28 /Users/yapi/Adi/appdev/simonas-app/vendor/laravel/framework/src/Illuminate/Pipeline/Pipeline.php(209): Illuminate\\View\\Middleware\\ShareErrorsFromSession->handle(Object(Illuminate\\Http\\Request), Object(Closure))
#29 /Users/yapi/Adi/appdev/simonas-app/vendor/laravel/framework/src/Illuminate/Session/Middleware/StartSession.php(121): Illuminate\\Pipeline\\Pipeline->{closure:{closure:Illuminate\\Pipeline\\Pipeline::carry():184}:185}(Object(Illuminate\\Http\\Request))
#30 /Users/yapi/Adi/appdev/simonas-app/vendor/laravel/framework/src/Illuminate/Session/Middleware/StartSession.php(64): Illuminate\\Session\\Middleware\\StartSession->handleStatefulRequest(Object(Illuminate\\Http\\Request), Object(Illuminate\\Session\\Store), Object(Closure))
#31 /Users/yapi/Adi/appdev/simonas-app/vendor/laravel/framework/src/Illuminate/Pipeline/Pipeline.php(209): Illuminate\\Session\\Middleware\\StartSession->handle(Object(Illuminate\\Http\\Request), Object(Closure))
#32 /Users/yapi/Adi/appdev/simonas-app/vendor/laravel/framework/src/Illuminate/Cookie/Middleware/AddQueuedCookiesToResponse.php(37): Illuminate\\Pipeline\\Pipeline->{closure:{closure:Illuminate\\Pipeline\\Pipeline::carry():184}:185}(Object(Illuminate\\Http\\Request))
#33 /Users/yapi/Adi/appdev/simonas-app/vendor/laravel/framework/src/Illuminate/Pipeline/Pipeline.php(209): Illuminate\\Cookie\\Middleware\\AddQueuedCookiesToResponse->handle(Object(Illuminate\\Http\\Request), Object(Closure))
#34 /Users/yapi/Adi/appdev/simonas-app/vendor/laravel/framework/src/Illuminate/Cookie/Middleware/EncryptCookies.php(75): Illuminate\\Pipeline\\Pipeline->{closure:{closure:Illuminate\\Pipeline\\Pipeline::carry():184}:185}(Object(Illuminate\\Http\\Request))
#35 /Users/yapi/Adi/appdev/simonas-app/vendor/laravel/framework/src/Illuminate/Pipeline/Pipeline.php(209): Illuminate\\Cookie\\Middleware\\EncryptCookies->handle(Object(Illuminate\\Http\\Request), Object(Closure))
#36 /Users/yapi/Adi/appdev/simonas-app/vendor/laravel/framework/src/Illuminate/Pipeline/Pipeline.php(127): Illuminate\\Pipeline\\Pipeline->{closure:{closure:Illuminate\\Pipeline\\Pipeline::carry():184}:185}(Object(Illuminate\\Http\\Request))
#37 /Users/yapi/Adi/appdev/simonas-app/vendor/laravel/framework/src/Illuminate/Routing/Router.php(807): Illuminate\\Pipeline\\Pipeline->then(Object(Closure))
#38 /Users/yapi/Adi/appdev/simonas-app/vendor/laravel/framework/src/Illuminate/Routing/Router.php(786): Illuminate\\Routing\\Router->runRouteWithinStack(Object(Illuminate\\Routing\\Route), Object(Illuminate\\Http\\Request))
#39 /Users/yapi/Adi/appdev/simonas-app/vendor/laravel/framework/src/Illuminate/Routing/Router.php(750): Illuminate\\Routing\\Router->runRoute(Object(Illuminate\\Http\\Request), Object(Illuminate\\Routing\\Route))
#40 /Users/yapi/Adi/appdev/simonas-app/vendor/laravel/framework/src/Illuminate/Routing/Router.php(739): Illuminate\\Routing\\Router->dispatchToRoute(Object(Illuminate\\Http\\Request))
#41 /Users/yapi/Adi/appdev/simonas-app/vendor/laravel/framework/src/Illuminate/Foundation/Http/Kernel.php(201): Illuminate\\Routing\\Router->dispatch(Object(Illuminate\\Http\\Request))
#42 /Users/yapi/Adi/appdev/simonas-app/vendor/laravel/framework/src/Illuminate/Pipeline/Pipeline.php(170): Illuminate\\Foundation\\Http\\Kernel->{closure:Illuminate\\Foundation\\Http\\Kernel::dispatchToRouter():198}(Object(Illuminate\\Http\\Request))
#43 /Users/yapi/Adi/appdev/simonas-app/vendor/inertiajs/inertia-laravel/src/Middleware/EnsureGetOnRedirect.php(19): Illuminate\\Pipeline\\Pipeline->{closure:Illuminate\\Pipeline\\Pipeline::prepareDestination():168}(Object(Illuminate\\Http\\Request))
#44 /Users/yapi/Adi/appdev/simonas-app/vendor/laravel/framework/src/Illuminate/Pipeline/Pipeline.php(209): Inertia\\Middleware\\EnsureGetOnRedirect->handle(Object(Illuminate\\Http\\Request), Object(Closure))
#45 /Users/yapi/Adi/appdev/simonas-app/app/Http/Middleware/CacheStaticAssets.php(17): Illuminate\\Pipeline\\Pipeline->{closure:{closure:Illuminate\\Pipeline\\Pipeline::carry():184}:185}(Object(Illuminate\\Http\\Request))
#46 /Users/yapi/Adi/appdev/simonas-app/vendor/laravel/framework/src/Illuminate/Pipeline/Pipeline.php(209): App\\Http\\Middleware\\CacheStaticAssets->handle(Object(Illuminate\\Http\\Request), Object(Closure))
#47 /Users/yapi/Adi/appdev/simonas-app/vendor/laravel/framework/src/Illuminate/Foundation/Http/Middleware/TransformsRequest.php(21): Illuminate\\Pipeline\\Pipeline->{closure:{closure:Illuminate\\Pipeline\\Pipeline::carry():184}:185}(Object(Illuminate\\Http\\Request))
#48 /Users/yapi/Adi/appdev/simonas-app/vendor/laravel/framework/src/Illuminate/Foundation/Http/Middleware/ConvertEmptyStringsToNull.php(31): Illuminate\\Foundation\\Http\\Middleware\\TransformsRequest->handle(Object(Illuminate\\Http\\Request), Object(Closure))
#49 /Users/yapi/Adi/appdev/simonas-app/vendor/laravel/framework/src/Illuminate/Pipeline/Pipeline.php(209): Illuminate\\Foundation\\Http\\Middleware\\ConvertEmptyStringsToNull->handle(Object(Illuminate\\Http\\Request), Object(Closure))
#50 /Users/yapi/Adi/appdev/simonas-app/vendor/laravel/framework/src/Illuminate/Foundation/Http/Middleware/TransformsRequest.php(21): Illuminate\\Pipeline\\Pipeline->{closure:{closure:Illuminate\\Pipeline\\Pipeline::carry():184}:185}(Object(Illuminate\\Http\\Request))
#51 /Users/yapi/Adi/appdev/simonas-app/vendor/laravel/framework/src/Illuminate/Foundation/Http/Middleware/TrimStrings.php(51): Illuminate\\Foundation\\Http\\Middleware\\TransformsRequest->handle(Object(Illuminate\\Http\\Request), Object(Closure))
#52 /Users/yapi/Adi/appdev/simonas-app/vendor/laravel/framework/src/Illuminate/Pipeline/Pipeline.php(209): Illuminate\\Foundation\\Http\\Middleware\\TrimStrings->handle(Object(Illuminate\\Http\\Request), Object(Closure))
#53 /Users/yapi/Adi/appdev/simonas-app/vendor/laravel/framework/src/Illuminate/Http/Middleware/ValidatePostSize.php(27): Illuminate\\Pipeline\\Pipeline->{closure:{closure:Illuminate\\Pipeline\\Pipeline::carry():184}:185}(Object(Illuminate\\Http\\Request))
#54 /Users/yapi/Adi/appdev/simonas-app/vendor/laravel/framework/src/Illuminate/Pipeline/Pipeline.php(209): Illuminate\\Http\\Middleware\\ValidatePostSize->handle(Object(Illuminate\\Http\\Request), Object(Closure))
#55 /Users/yapi/Adi/appdev/simonas-app/vendor/laravel/framework/src/Illuminate/Foundation/Http/Middleware/PreventRequestsDuringMaintenance.php(110): Illuminate\\Pipeline\\Pipeline->{closure:{closure:Illuminate\\Pipeline\\Pipeline::carry():184}:185}(Object(Illuminate\\Http\\Request))
#56 /Users/yapi/Adi/appdev/simonas-app/vendor/laravel/framework/src/Illuminate/Pipeline/Pipeline.php(209): Illuminate\\Foundation\\Http\\Middleware\\PreventRequestsDuringMaintenance->handle(Object(Illuminate\\Http\\Request), Object(Closure))
#57 /Users/yapi/Adi/appdev/simonas-app/vendor/laravel/framework/src/Illuminate/Http/Middleware/HandleCors.php(49): Illuminate\\Pipeline\\Pipeline->{closure:{closure:Illuminate\\Pipeline\\Pipeline::carry():184}:185}(Object(Illuminate\\Http\\Request))
#58 /Users/yapi/Adi/appdev/simonas-app/vendor/laravel/framework/src/Illuminate/Pipeline/Pipeline.php(209): Illuminate\\Http\\Middleware\\HandleCors->handle(Object(Illuminate\\Http\\Request), Object(Closure))
#59 /Users/yapi/Adi/appdev/simonas-app/vendor/laravel/framework/src/Illuminate/Http/Middleware/TrustProxies.php(58): Illuminate\\Pipeline\\Pipeline->{closure:{closure:Illuminate\\Pipeline\\Pipeline::carry():184}:185}(Object(Illuminate\\Http\\Request))
#60 /Users/yapi/Adi/appdev/simonas-app/vendor/laravel/framework/src/Illuminate/Pipeline/Pipeline.php(209): Illuminate\\Http\\Middleware\\TrustProxies->handle(Object(Illuminate\\Http\\Request), Object(Closure))
#61 /Users/yapi/Adi/appdev/simonas-app/vendor/laravel/framework/src/Illuminate/Pipeline/Pipeline.php(127): Illuminate\\Pipeline\\Pipeline->{closure:{closure:Illuminate\\Pipeline\\Pipeline::carry():184}:185}(Object(Illuminate\\Http\\Request))
#62 /Users/yapi/Adi/appdev/simonas-app/vendor/laravel/framework/src/Illuminate/Foundation/Http/Kernel.php(176): Illuminate\\Pipeline\\Pipeline->then(Object(Closure))
#63 /Users/yapi/Adi/appdev/simonas-app/vendor/laravel/framework/src/Illuminate/Foundation/Http/Kernel.php(145): Illuminate\\Foundation\\Http\\Kernel->sendRequestThroughRouter(Object(Illuminate\\Http\\Request))
#64 /Users/yapi/Adi/appdev/simonas-app/public/index.php(18): Illuminate\\Foundation\\Http\\Kernel->handle(Object(Illuminate\\Http\\Request))
#65 /Users/yapi/Adi/appdev/simonas-app/server.php(21): require_once('/Users/yapi/Adi...')
#66 {main}
"} 
[2026-05-02 02:30:33] local.ERROR: SQLSTATE[42S22]: Column not found: 1054 Unknown column 'progress_percent' in 'field list' (Connection: mysql, SQL: select avg(`progress_percent`) as aggregate from `hafalans` where 0 = 1) {"userId":3,"exception":"[object] (Illuminate\\Database\\QueryException(code: 42S22): SQLSTATE[42S22]: Column not found: 1054 Unknown column 'progress_percent' in 'field list' (Connection: mysql, SQL: select avg(`progress_percent`) as aggregate from `hafalans` where 0 = 1) at /Users/yapi/Adi/appdev/simonas-app/vendor/laravel/framework/src/Illuminate/Database/Connection.php:825)
[stacktrace]
#0 /Users/yapi/Adi/appdev/simonas-app/vendor/laravel/framework/src/Illuminate/Database/Connection.php(779): Illuminate\\Database\\Connection->runQueryCallback('select avg(`pro...', Array, Object(Closure))
#1 /Users/yapi/Adi/appdev/simonas-app/vendor/laravel/framework/src/Illuminate/Database/Connection.php(398): Illuminate\\Database\\Connection->run('select avg(`pro...', Array, Object(Closure))
#2 /Users/yapi/Adi/appdev/simonas-app/vendor/laravel/framework/src/Illuminate/Database/Query/Builder.php(3106): Illuminate\\Database\\Connection->select('select avg(`pro...', Array, true)
#3 /Users/yapi/Adi/appdev/simonas-app/vendor/laravel/framework/src/Illuminate/Database/Query/Builder.php(3091): Illuminate\\Database\\Query\\Builder->runSelect()
#4 /Users/yapi/Adi/appdev/simonas-app/vendor/laravel/framework/src/Illuminate/Database/Query/Builder.php(3676): Illuminate\\Database\\Query\\Builder->{closure:Illuminate\\Database\\Query\\Builder::get():3090}()
#5 /Users/yapi/Adi/appdev/simonas-app/vendor/laravel/framework/src/Illuminate/Database/Query/Builder.php(3090): Illuminate\\Database\\Query\\Builder->onceWithColumns(Array, Object(Closure))
#6 /Users/yapi/Adi/appdev/simonas-app/vendor/laravel/framework/src/Illuminate/Database/Query/Builder.php(3603): Illuminate\\Database\\Query\\Builder->get(Array)
#7 /Users/yapi/Adi/appdev/simonas-app/vendor/laravel/framework/src/Illuminate/Database/Query/Builder.php(3577): Illuminate\\Database\\Query\\Builder->aggregate('avg', Array)
#8 /Users/yapi/Adi/appdev/simonas-app/vendor/laravel/framework/src/Illuminate/Database/Eloquent/Builder.php(2120): Illuminate\\Database\\Query\\Builder->avg('progress_percen...')
#9 /Users/yapi/Adi/appdev/simonas-app/app/Http/Controllers/Web/DashboardController.php(186): Illuminate\\Database\\Eloquent\\Builder->__call('avg', Array)
#10 /Users/yapi/Adi/appdev/simonas-app/app/Http/Controllers/Web/DashboardController.php(27): App\\Http\\Controllers\\Web\\DashboardController->mentorPayload(Object(App\\Models\\User))
#11 /Users/yapi/Adi/appdev/simonas-app/vendor/laravel/framework/src/Illuminate/Routing/Controller.php(54): App\\Http\\Controllers\\Web\\DashboardController->index(Object(Illuminate\\Http\\Request))
#12 /Users/yapi/Adi/appdev/simonas-app/vendor/laravel/framework/src/Illuminate/Routing/ControllerDispatcher.php(44): Illuminate\\Routing\\Controller->callAction('index', Array)
#13 /Users/yapi/Adi/appdev/simonas-app/vendor/laravel/framework/src/Illuminate/Routing/Route.php(266): Illuminate\\Routing\\ControllerDispatcher->dispatch(Object(Illuminate\\Routing\\Route), Object(App\\Http\\Controllers\\Web\\DashboardController), 'index')
#14 /Users/yapi/Adi/appdev/simonas-app/vendor/laravel/framework/src/Illuminate/Routing/Route.php(212): Illuminate\\Routing\\Route->runController()
#15 /Users/yapi/Adi/appdev/simonas-app/vendor/laravel/framework/src/Illuminate/Routing/Router.php(808): Illuminate\\Routing\\Route->run()
#16 /Users/yapi/Adi/appdev/simonas-app/vendor/laravel/framework/src/Illuminate/Pipeline/Pipeline.php(170): Illuminate\\Routing\\Router->{closure:Illuminate\\Routing\\Router::runRouteWithinStack():807}(Object(Illuminate\\Http\\Request))
#17 /Users/yapi/Adi/appdev/simonas-app/vendor/inertiajs/inertia-laravel/src/Middleware.php(138): Illuminate\\Pipeline\\Pipeline->{closure:Illuminate\\Pipeline\\Pipeline::prepareDestination():168}(Object(Illuminate\\Http\\Request))
#18 /Users/yapi/Adi/appdev/simonas-app/vendor/laravel/framework/src/Illuminate/Pipeline/Pipeline.php(209): Inertia\\Middleware->handle(Object(Illuminate\\Http\\Request), Object(Closure))
#19 /Users/yapi/Adi/appdev/simonas-app/vendor/laravel/framework/src/Illuminate/Routing/Middleware/SubstituteBindings.php(51): Illuminate\\Pipeline\\Pipeline->{closure:{closure:Illuminate\\Pipeline\\Pipeline::carry():184}:185}(Object(Illuminate\\Http\\Request))
#20 /Users/yapi/Adi/appdev/simonas-app/vendor/laravel/framework/src/Illuminate/Pipeline/Pipeline.php(209): Illuminate\\Routing\\Middleware\\SubstituteBindings->handle(Object(Illuminate\\Http\\Request), Object(Closure))
#21 /Users/yapi/Adi/appdev/simonas-app/vendor/laravel/framework/src/Illuminate/Auth/Middleware/Authenticate.php(64): Illuminate\\Pipeline\\Pipeline->{closure:{closure:Illuminate\\Pipeline\\Pipeline::carry():184}:185}(Object(Illuminate\\Http\\Request))
#22 /Users/yapi/Adi/appdev/simonas-app/vendor/laravel/framework/src/Illuminate/Pipeline/Pipeline.php(209): Illuminate\\Auth\\Middleware\\Authenticate->handle(Object(Illuminate\\Http\\Request), Object(Closure))
#23 /Users/yapi/Adi/appdev/simonas-app/vendor/laravel/framework/src/Illuminate/Foundation/Http/Middleware/VerifyCsrfToken.php(88): Illuminate\\Pipeline\\Pipeline->{closure:{closure:Illuminate\\Pipeline\\Pipeline::carry():184}:185}(Object(Illuminate\\Http\\Request))
#24 /Users/yapi/Adi/appdev/simonas-app/vendor/laravel/framework/src/Illuminate/Pipeline/Pipeline.php(209): Illuminate\\Foundation\\Http\\Middleware\\VerifyCsrfToken->handle(Object(Illuminate\\Http\\Request), Object(Closure))
#25 /Users/yapi/Adi/appdev/simonas-app/vendor/laravel/framework/src/Illuminate/View/Middleware/ShareErrorsFromSession.php(49): Illuminate\\Pipeline\\Pipeline->{closure:{closure:Illuminate\\Pipeline\\Pipeline::carry():184}:185}(Object(Illuminate\\Http\\Request))
#26 /Users/yapi/Adi/appdev/simonas-app/vendor/laravel/framework/src/Illuminate/Pipeline/Pipeline.php(209): Illuminate\\View\\Middleware\\ShareErrorsFromSession->handle(Object(Illuminate\\Http\\Request), Object(Closure))
#27 /Users/yapi/Adi/appdev/simonas-app/vendor/laravel/framework/src/Illuminate/Session/Middleware/StartSession.php(121): Illuminate\\Pipeline\\Pipeline->{closure:{closure:Illuminate\\Pipeline\\Pipeline::carry():184}:185}(Object(Illuminate\\Http\\Request))
#28 /Users/yapi/Adi/appdev/simonas-app/vendor/laravel/framework/src/Illuminate/Session/Middleware/StartSession.php(64): Illuminate\\Session\\Middleware\\StartSession->handleStatefulRequest(Object(Illuminate\\Http\\Request), Object(Illuminate\\Session\\Store), Object(Closure))
#29 /Users/yapi/Adi/appdev/simonas-app/vendor/laravel/framework/src/Illuminate/Pipeline/Pipeline.php(209): Illuminate\\Session\\Middleware\\StartSession->handle(Object(Illuminate\\Http\\Request), Object(Closure))
#30 /Users/yapi/Adi/appdev/simonas-app/vendor/laravel/framework/src/Illuminate/Cookie/Middleware/AddQueuedCookiesToResponse.php(37): Illuminate\\Pipeline\\Pipeline->{closure:{closure:Illuminate\\Pipeline\\Pipeline::carry():184}:185}(Object(Illuminate\\Http\\Request))
#31 /Users/yapi/Adi/appdev/simonas-app/vendor/laravel/framework/src/Illuminate/Pipeline/Pipeline.php(209): Illuminate\\Cookie\\Middleware\\AddQueuedCookiesToResponse->handle(Object(Illuminate\\Http\\Request), Object(Closure))
#32 /Users/yapi/Adi/appdev/simonas-app/vendor/laravel/framework/src/Illuminate/Cookie/Middleware/EncryptCookies.php(75): Illuminate\\Pipeline\\Pipeline->{closure:{closure:Illuminate\\Pipeline\\Pipeline::carry():184}:185}(Object(Illuminate\\Http\\Request))
#33 /Users/yapi/Adi/appdev/simonas-app/vendor/laravel/framework/src/Illuminate/Pipeline/Pipeline.php(209): Illuminate\\Cookie\\Middleware\\EncryptCookies->handle(Object(Illuminate\\Http\\Request), Object(Closure))
#34 /Users/yapi/Adi/appdev/simonas-app/vendor/laravel/framework/src/Illuminate/Pipeline/Pipeline.php(127): Illuminate\\Pipeline\\Pipeline->{closure:{closure:Illuminate\\Pipeline\\Pipeline::carry():184}:185}(Object(Illuminate\\Http\\Request))
#35 /Users/yapi/Adi/appdev/simonas-app/vendor/laravel/framework/src/Illuminate/Routing/Router.php(807): Illuminate\\Pipeline\\Pipeline->then(Object(Closure))
#36 /Users/yapi/Adi/appdev/simonas-app/vendor/laravel/framework/src/Illuminate/Routing/Router.php(786): Illuminate\\Routing\\Router->runRouteWithinStack(Object(Illuminate\\Routing\\Route), Object(Illuminate\\Http\\Request))
#37 /Users/yapi/Adi/appdev/simonas-app/vendor/laravel/framework/src/Illuminate/Routing/Router.php(750): Illuminate\\Routing\\Router->runRoute(Object(Illuminate\\Http\\Request), Object(Illuminate\\Routing\\Route))
#38 /Users/yapi/Adi/appdev/simonas-app/vendor/laravel/framework/src/Illuminate/Routing/Router.php(739): Illuminate\\Routing\\Router->dispatchToRoute(Object(Illuminate\\Http\\Request))
#39 /Users/yapi/Adi/appdev/simonas-app/vendor/laravel/framework/src/Illuminate/Foundation/Http/Kernel.php(201): Illuminate\\Routing\\Router->dispatch(Object(Illuminate\\Http\\Request))
#40 /Users/yapi/Adi/appdev/simonas-app/vendor/laravel/framework/src/Illuminate/Pipeline/Pipeline.php(170): Illuminate\\Foundation\\Http\\Kernel->{closure:Illuminate\\Foundation\\Http\\Kernel::dispatchToRouter():198}(Object(Illuminate\\Http\\Request))
#41 /Users/yapi/Adi/appdev/simonas-app/vendor/inertiajs/inertia-laravel/src/Middleware/EnsureGetOnRedirect.php(19): Illuminate\\Pipeline\\Pipeline->{closure:Illuminate\\Pipeline\\Pipeline::prepareDestination():168}(Object(Illuminate\\Http\\Request))
#42 /Users/yapi/Adi/appdev/simonas-app/vendor/laravel/framework/src/Illuminate/Pipeline/Pipeline.php(209): Inertia\\Middleware\\EnsureGetOnRedirect->handle(Object(Illuminate\\Http\\Request), Object(Closure))
#43 /Users/yapi/Adi/appdev/simonas-app/app/Http/Middleware/CacheStaticAssets.php(17): Illuminate\\Pipeline\\Pipeline->{closure:{closure:Illuminate\\Pipeline\\Pipeline::carry():184}:185}(Object(Illuminate\\Http\\Request))
#44 /Users/yapi/Adi/appdev/simonas-app/vendor/laravel/framework/src/Illuminate/Pipeline/Pipeline.php(209): App\\Http\\Middleware\\CacheStaticAssets->handle(Object(Illuminate\\Http\\Request), Object(Closure))
#45 /Users/yapi/Adi/appdev/simonas-app/vendor/laravel/framework/src/Illuminate/Foundation/Http/Middleware/TransformsRequest.php(21): Illuminate\\Pipeline\\Pipeline->{closure:{closure:Illuminate\\Pipeline\\Pipeline::carry():184}:185}(Object(Illuminate\\Http\\Request))
#46 /Users/yapi/Adi/appdev/simonas-app/vendor/laravel/framework/src/Illuminate/Foundation/Http/Middleware/ConvertEmptyStringsToNull.php(31): Illuminate\\Foundation\\Http\\Middleware\\TransformsRequest->handle(Object(Illuminate\\Http\\Request), Object(Closure))
#47 /Users/yapi/Adi/appdev/simonas-app/vendor/laravel/framework/src/Illuminate/Pipeline/Pipeline.php(209): Illuminate\\Foundation\\Http\\Middleware\\ConvertEmptyStringsToNull->handle(Object(Illuminate\\Http\\Request), Object(Closure))
#48 /Users/yapi/Adi/appdev/simonas-app/vendor/laravel/framework/src/Illuminate/Foundation/Http/Middleware/TransformsRequest.php(21): Illuminate\\Pipeline\\Pipeline->{closure:{closure:Illuminate\\Pipeline\\Pipeline::carry():184}:185}(Object(Illuminate\\Http\\Request))
#49 /Users/yapi/Adi/appdev/simonas-app/vendor/laravel/framework/src/Illuminate/Foundation/Http/Middleware/TrimStrings.php(51): Illuminate\\Foundation\\Http\\Middleware\\TransformsRequest->handle(Object(Illuminate\\Http\\Request), Object(Closure))
#50 /Users/yapi/Adi/appdev/simonas-app/vendor/laravel/framework/src/Illuminate/Pipeline/Pipeline.php(209): Illuminate\\Foundation\\Http\\Middleware\\TrimStrings->handle(Object(Illuminate\\Http\\Request), Object(Closure))
#51 /Users/yapi/Adi/appdev/simonas-app/vendor/laravel/framework/src/Illuminate/Http/Middleware/ValidatePostSize.php(27): Illuminate\\Pipeline\\Pipeline->{closure:{closure:Illuminate\\Pipeline\\Pipeline::carry():184}:185}(Object(Illuminate\\Http\\Request))
#52 /Users/yapi/Adi/appdev/simonas-app/vendor/laravel/framework/src/Illuminate/Pipeline/Pipeline.php(209): Illuminate\\Http\\Middleware\\ValidatePostSize->handle(Object(Illuminate\\Http\\Request), Object(Closure))
#53 /Users/yapi/Adi/appdev/simonas-app/vendor/laravel/framework/src/Illuminate/Foundation/Http/Middleware/PreventRequestsDuringMaintenance.php(110): Illuminate\\Pipeline\\Pipeline->{closure:{closure:Illuminate\\Pipeline\\Pipeline::carry():184}:185}(Object(Illuminate\\Http\\Request))
#54 /Users/yapi/Adi/appdev/simonas-app/vendor/laravel/framework/src/Illuminate/Pipeline/Pipeline.php(209): Illuminate\\Foundation\\Http\\Middleware\\PreventRequestsDuringMaintenance->handle(Object(Illuminate\\Http\\Request), Object(Closure))
#55 /Users/yapi/Adi/appdev/simonas-app/vendor/laravel/framework/src/Illuminate/Http/Middleware/HandleCors.php(49): Illuminate\\Pipeline\\Pipeline->{closure:{closure:Illuminate\\Pipeline\\Pipeline::carry():184}:185}(Object(Illuminate\\Http\\Request))
#56 /Users/yapi/Adi/appdev/simonas-app/vendor/laravel/framework/src/Illuminate/Pipeline/Pipeline.php(209): Illuminate\\Http\\Middleware\\HandleCors->handle(Object(Illuminate\\Http\\Request), Object(Closure))
#57 /Users/yapi/Adi/appdev/simonas-app/vendor/laravel/framework/src/Illuminate/Http/Middleware/TrustProxies.php(58): Illuminate\\Pipeline\\Pipeline->{closure:{closure:Illuminate\\Pipeline\\Pipeline::carry():184}:185}(Object(Illuminate\\Http\\Request))
#58 /Users/yapi/Adi/appdev/simonas-app/vendor/laravel/framework/src/Illuminate/Pipeline/Pipeline.php(209): Illuminate\\Http\\Middleware\\TrustProxies->handle(Object(Illuminate\\Http\\Request), Object(Closure))
#59 /Users/yapi/Adi/appdev/simonas-app/vendor/laravel/framework/src/Illuminate/Pipeline/Pipeline.php(127): Illuminate\\Pipeline\\Pipeline->{closure:{closure:Illuminate\\Pipeline\\Pipeline::carry():184}:185}(Object(Illuminate\\Http\\Request))
#60 /Users/yapi/Adi/appdev/simonas-app/vendor/laravel/framework/src/Illuminate/Foundation/Http/Kernel.php(176): Illuminate\\Pipeline\\Pipeline->then(Object(Closure))
#61 /Users/yapi/Adi/appdev/simonas-app/vendor/laravel/framework/src/Illuminate/Foundation/Http/Kernel.php(145): Illuminate\\Foundation\\Http\\Kernel->sendRequestThroughRouter(Object(Illuminate\\Http\\Request))
#62 /Users/yapi/Adi/appdev/simonas-app/public/index.php(18): Illuminate\\Foundation\\Http\\Kernel->handle(Object(Illuminate\\Http\\Request))
#63 /Users/yapi/Adi/appdev/simonas-app/server.php(21): require_once('/Users/yapi/Adi...')
#64 {main}

[previous exception] [object] (PDOException(code: 42S22): SQLSTATE[42S22]: Column not found: 1054 Unknown column 'progress_percent' in 'field list' at /Users/yapi/Adi/appdev/simonas-app/vendor/laravel/framework/src/Illuminate/Database/Connection.php:407)
[stacktrace]
#0 /Users/yapi/Adi/appdev/simonas-app/vendor/laravel/framework/src/Illuminate/Database/Connection.php(407): PDO->prepare('select avg(`pro...')
#1 /Users/yapi/Adi/appdev/simonas-app/vendor/laravel/framework/src/Illuminate/Database/Connection.php(812): Illuminate\\Database\\Connection->{closure:Illuminate\\Database\\Connection::select():398}('select avg(`pro...', Array)
#2 /Users/yapi/Adi/appdev/simonas-app/vendor/laravel/framework/src/Illuminate/Database/Connection.php(779): Illuminate\\Database\\Connection->runQueryCallback('select avg(`pro...', Array, Object(Closure))
#3 /Users/yapi/Adi/appdev/simonas-app/vendor/laravel/framework/src/Illuminate/Database/Connection.php(398): Illuminate\\Database\\Connection->run('select avg(`pro...', Array, Object(Closure))
#4 /Users/yapi/Adi/appdev/simonas-app/vendor/laravel/framework/src/Illuminate/Database/Query/Builder.php(3106): Illuminate\\Database\\Connection->select('select avg(`pro...', Array, true)
#5 /Users/yapi/Adi/appdev/simonas-app/vendor/laravel/framework/src/Illuminate/Database/Query/Builder.php(3091): Illuminate\\Database\\Query\\Builder->runSelect()
#6 /Users/yapi/Adi/appdev/simonas-app/vendor/laravel/framework/src/Illuminate/Database/Query/Builder.php(3676): Illuminate\\Database\\Query\\Builder->{closure:Illuminate\\Database\\Query\\Builder::get():3090}()
#7 /Users/yapi/Adi/appdev/simonas-app/vendor/laravel/framework/src/Illuminate/Database/Query/Builder.php(3090): Illuminate\\Database\\Query\\Builder->onceWithColumns(Array, Object(Closure))
#8 /Users/yapi/Adi/appdev/simonas-app/vendor/laravel/framework/src/Illuminate/Database/Query/Builder.php(3603): Illuminate\\Database\\Query\\Builder->get(Array)
#9 /Users/yapi/Adi/appdev/simonas-app/vendor/laravel/framework/src/Illuminate/Database/Query/Builder.php(3577): Illuminate\\Database\\Query\\Builder->aggregate('avg', Array)
#10 /Users/yapi/Adi/appdev/simonas-app/vendor/laravel/framework/src/Illuminate/Database/Eloquent/Builder.php(2120): Illuminate\\Database\\Query\\Builder->avg('progress_percen...')
#11 /Users/yapi/Adi/appdev/simonas-app/app/Http/Controllers/Web/DashboardController.php(186): Illuminate\\Database\\Eloquent\\Builder->__call('avg', Array)
#12 /Users/yapi/Adi/appdev/simonas-app/app/Http/Controllers/Web/DashboardController.php(27): App\\Http\\Controllers\\Web\\DashboardController->mentorPayload(Object(App\\Models\\User))
#13 /Users/yapi/Adi/appdev/simonas-app/vendor/laravel/framework/src/Illuminate/Routing/Controller.php(54): App\\Http\\Controllers\\Web\\DashboardController->index(Object(Illuminate\\Http\\Request))
#14 /Users/yapi/Adi/appdev/simonas-app/vendor/laravel/framework/src/Illuminate/Routing/ControllerDispatcher.php(44): Illuminate\\Routing\\Controller->callAction('index', Array)
#15 /Users/yapi/Adi/appdev/simonas-app/vendor/laravel/framework/src/Illuminate/Routing/Route.php(266): Illuminate\\Routing\\ControllerDispatcher->dispatch(Object(Illuminate\\Routing\\Route), Object(App\\Http\\Controllers\\Web\\DashboardController), 'index')
#16 /Users/yapi/Adi/appdev/simonas-app/vendor/laravel/framework/src/Illuminate/Routing/Route.php(212): Illuminate\\Routing\\Route->runController()
#17 /Users/yapi/Adi/appdev/simonas-app/vendor/laravel/framework/src/Illuminate/Routing/Router.php(808): Illuminate\\Routing\\Route->run()
#18 /Users/yapi/Adi/appdev/simonas-app/vendor/laravel/framework/src/Illuminate/Pipeline/Pipeline.php(170): Illuminate\\Routing\\Router->{closure:Illuminate\\Routing\\Router::runRouteWithinStack():807}(Object(Illuminate\\Http\\Request))
#19 /Users/yapi/Adi/appdev/simonas-app/vendor/inertiajs/inertia-laravel/src/Middleware.php(138): Illuminate\\Pipeline\\Pipeline->{closure:Illuminate\\Pipeline\\Pipeline::prepareDestination():168}(Object(Illuminate\\Http\\Request))
#20 /Users/yapi/Adi/appdev/simonas-app/vendor/laravel/framework/src/Illuminate/Pipeline/Pipeline.php(209): Inertia\\Middleware->handle(Object(Illuminate\\Http\\Request), Object(Closure))
#21 /Users/yapi/Adi/appdev/simonas-app/vendor/laravel/framework/src/Illuminate/Routing/Middleware/SubstituteBindings.php(51): Illuminate\\Pipeline\\Pipeline->{closure:{closure:Illuminate\\Pipeline\\Pipeline::carry():184}:185}(Object(Illuminate\\Http\\Request))
#22 /Users/yapi/Adi/appdev/simonas-app/vendor/laravel/framework/src/Illuminate/Pipeline/Pipeline.php(209): Illuminate\\Routing\\Middleware\\SubstituteBindings->handle(Object(Illuminate\\Http\\Request), Object(Closure))
#23 /Users/yapi/Adi/appdev/simonas-app/vendor/laravel/framework/src/Illuminate/Auth/Middleware/Authenticate.php(64): Illuminate\\Pipeline\\Pipeline->{closure:{closure:Illuminate\\Pipeline\\Pipeline::carry():184}:185}(Object(Illuminate\\Http\\Request))
#24 /Users/yapi/Adi/appdev/simonas-app/vendor/laravel/framework/src/Illuminate/Pipeline/Pipeline.php(209): Illuminate\\Auth\\Middleware\\Authenticate->handle(Object(Illuminate\\Http\\Request), Object(Closure))
#25 /Users/yapi/Adi/appdev/simonas-app/vendor/laravel/framework/src/Illuminate/Foundation/Http/Middleware/VerifyCsrfToken.php(88): Illuminate\\Pipeline\\Pipeline->{closure:{closure:Illuminate\\Pipeline\\Pipeline::carry():184}:185}(Object(Illuminate\\Http\\Request))
#26 /Users/yapi/Adi/appdev/simonas-app/vendor/laravel/framework/src/Illuminate/Pipeline/Pipeline.php(209): Illuminate\\Foundation\\Http\\Middleware\\VerifyCsrfToken->handle(Object(Illuminate\\Http\\Request), Object(Closure))
#27 /Users/yapi/Adi/appdev/simonas-app/vendor/laravel/framework/src/Illuminate/View/Middleware/ShareErrorsFromSession.php(49): Illuminate\\Pipeline\\Pipeline->{closure:{closure:Illuminate\\Pipeline\\Pipeline::carry():184}:185}(Object(Illuminate\\Http\\Request))
#28 /Users/yapi/Adi/appdev/simonas-app/vendor/laravel/framework/src/Illuminate/Pipeline/Pipeline.php(209): Illuminate\\View\\Middleware\\ShareErrorsFromSession->handle(Object(Illuminate\\Http\\Request), Object(Closure))
#29 /Users/yapi/Adi/appdev/simonas-app/vendor/laravel/framework/src/Illuminate/Session/Middleware/StartSession.php(121): Illuminate\\Pipeline\\Pipeline->{closure:{closure:Illuminate\\Pipeline\\Pipeline::carry():184}:185}(Object(Illuminate\\Http\\Request))
#30 /Users/yapi/Adi/appdev/simonas-app/vendor/laravel/framework/src/Illuminate/Session/Middleware/StartSession.php(64): Illuminate\\Session\\Middleware\\StartSession->handleStatefulRequest(Object(Illuminate\\Http\\Request), Object(Illuminate\\Session\\Store), Object(Closure))
#31 /Users/yapi/Adi/appdev/simonas-app/vendor/laravel/framework/src/Illuminate/Pipeline/Pipeline.php(209): Illuminate\\Session\\Middleware\\StartSession->handle(Object(Illuminate\\Http\\Request), Object(Closure))
#32 /Users/yapi/Adi/appdev/simonas-app/vendor/laravel/framework/src/Illuminate/Cookie/Middleware/AddQueuedCookiesToResponse.php(37): Illuminate\\Pipeline\\Pipeline->{closure:{closure:Illuminate\\Pipeline\\Pipeline::carry():184}:185}(Object(Illuminate\\Http\\Request))
#33 /Users/yapi/Adi/appdev/simonas-app/vendor/laravel/framework/src/Illuminate/Pipeline/Pipeline.php(209): Illuminate\\Cookie\\Middleware\\AddQueuedCookiesToResponse->handle(Object(Illuminate\\Http\\Request), Object(Closure))
#34 /Users/yapi/Adi/appdev/simonas-app/vendor/laravel/framework/src/Illuminate/Cookie/Middleware/EncryptCookies.php(75): Illuminate\\Pipeline\\Pipeline->{closure:{closure:Illuminate\\Pipeline\\Pipeline::carry():184}:185}(Object(Illuminate\\Http\\Request))
#35 /Users/yapi/Adi/appdev/simonas-app/vendor/laravel/framework/src/Illuminate/Pipeline/Pipeline.php(209): Illuminate\\Cookie\\Middleware\\EncryptCookies->handle(Object(Illuminate\\Http\\Request), Object(Closure))
#36 /Users/yapi/Adi/appdev/simonas-app/vendor/laravel/framework/src/Illuminate/Pipeline/Pipeline.php(127): Illuminate\\Pipeline\\Pipeline->{closure:{closure:Illuminate\\Pipeline\\Pipeline::carry():184}:185}(Object(Illuminate\\Http\\Request))
#37 /Users/yapi/Adi/appdev/simonas-app/vendor/laravel/framework/src/Illuminate/Routing/Router.php(807): Illuminate\\Pipeline\\Pipeline->then(Object(Closure))
#38 /Users/yapi/Adi/appdev/simonas-app/vendor/laravel/framework/src/Illuminate/Routing/Router.php(786): Illuminate\\Routing\\Router->runRouteWithinStack(Object(Illuminate\\Routing\\Route), Object(Illuminate\\Http\\Request))
#39 /Users/yapi/Adi/appdev/simonas-app/vendor/laravel/framework/src/Illuminate/Routing/Router.php(750): Illuminate\\Routing\\Router->runRoute(Object(Illuminate\\Http\\Request), Object(Illuminate\\Routing\\Route))
#40 /Users/yapi/Adi/appdev/simonas-app/vendor/laravel/framework/src/Illuminate/Routing/Router.php(739): Illuminate\\Routing\\Router->dispatchToRoute(Object(Illuminate\\Http\\Request))
#41 /Users/yapi/Adi/appdev/simonas-app/vendor/laravel/framework/src/Illuminate/Foundation/Http/Kernel.php(201): Illuminate\\Routing\\Router->dispatch(Object(Illuminate\\Http\\Request))
#42 /Users/yapi/Adi/appdev/simonas-app/vendor/laravel/framework/src/Illuminate/Pipeline/Pipeline.php(170): Illuminate\\Foundation\\Http\\Kernel->{closure:Illuminate\\Foundation\\Http\\Kernel::dispatchToRouter():198}(Object(Illuminate\\Http\\Request))
#43 /Users/yapi/Adi/appdev/simonas-app/vendor/inertiajs/inertia-laravel/src/Middleware/EnsureGetOnRedirect.php(19): Illuminate\\Pipeline\\Pipeline->{closure:Illuminate\\Pipeline\\Pipeline::prepareDestination():168}(Object(Illuminate\\Http\\Request))
#44 /Users/yapi/Adi/appdev/simonas-app/vendor/laravel/framework/src/Illuminate/Pipeline/Pipeline.php(209): Inertia\\Middleware\\EnsureGetOnRedirect->handle(Object(Illuminate\\Http\\Request), Object(Closure))
#45 /Users/yapi/Adi/appdev/simonas-app/app/Http/Middleware/CacheStaticAssets.php(17): Illuminate\\Pipeline\\Pipeline->{closure:{closure:Illuminate\\Pipeline\\Pipeline::carry():184}:185}(Object(Illuminate\\Http\\Request))
#46 /Users/yapi/Adi/appdev/simonas-app/vendor/laravel/framework/src/Illuminate/Pipeline/Pipeline.php(209): App\\Http\\Middleware\\CacheStaticAssets->handle(Object(Illuminate\\Http\\Request), Object(Closure))
#47 /Users/yapi/Adi/appdev/simonas-app/vendor/laravel/framework/src/Illuminate/Foundation/Http/Middleware/TransformsRequest.php(21): Illuminate\\Pipeline\\Pipeline->{closure:{closure:Illuminate\\Pipeline\\Pipeline::carry():184}:185}(Object(Illuminate\\Http\\Request))
#48 /Users/yapi/Adi/appdev/simonas-app/vendor/laravel/framework/src/Illuminate/Foundation/Http/Middleware/ConvertEmptyStringsToNull.php(31): Illuminate\\Foundation\\Http\\Middleware\\TransformsRequest->handle(Object(Illuminate\\Http\\Request), Object(Closure))
#49 /Users/yapi/Adi/appdev/simonas-app/vendor/laravel/framework/src/Illuminate/Pipeline/Pipeline.php(209): Illuminate\\Foundation\\Http\\Middleware\\ConvertEmptyStringsToNull->handle(Object(Illuminate\\Http\\Request), Object(Closure))
#50 /Users/yapi/Adi/appdev/simonas-app/vendor/laravel/framework/src/Illuminate/Foundation/Http/Middleware/TransformsRequest.php(21): Illuminate\\Pipeline\\Pipeline->{closure:{closure:Illuminate\\Pipeline\\Pipeline::carry():184}:185}(Object(Illuminate\\Http\\Request))
#51 /Users/yapi/Adi/appdev/simonas-app/vendor/laravel/framework/src/Illuminate/Foundation/Http/Middleware/TrimStrings.php(51): Illuminate\\Foundation\\Http\\Middleware\\TransformsRequest->handle(Object(Illuminate\\Http\\Request), Object(Closure))
#52 /Users/yapi/Adi/appdev/simonas-app/vendor/laravel/framework/src/Illuminate/Pipeline/Pipeline.php(209): Illuminate\\Foundation\\Http\\Middleware\\TrimStrings->handle(Object(Illuminate\\Http\\Request), Object(Closure))
#53 /Users/yapi/Adi/appdev/simonas-app/vendor/laravel/framework/src/Illuminate/Http/Middleware/ValidatePostSize.php(27): Illuminate\\Pipeline\\Pipeline->{closure:{closure:Illuminate\\Pipeline\\Pipeline::carry():184}:185}(Object(Illuminate\\Http\\Request))
#54 /Users/yapi/Adi/appdev/simonas-app/vendor/laravel/framework/src/Illuminate/Pipeline/Pipeline.php(209): Illuminate\\Http\\Middleware\\ValidatePostSize->handle(Object(Illuminate\\Http\\Request), Object(Closure))
#55 /Users/yapi/Adi/appdev/simonas-app/vendor/laravel/framework/src/Illuminate/Foundation/Http/Middleware/PreventRequestsDuringMaintenance.php(110): Illuminate\\Pipeline\\Pipeline->{closure:{closure:Illuminate\\Pipeline\\Pipeline::carry():184}:185}(Object(Illuminate\\Http\\Request))
#56 /Users/yapi/Adi/appdev/simonas-app/vendor/laravel/framework/src/Illuminate/Pipeline/Pipeline.php(209): Illuminate\\Foundation\\Http\\Middleware\\PreventRequestsDuringMaintenance->handle(Object(Illuminate\\Http\\Request), Object(Closure))
#57 /Users/yapi/Adi/appdev/simonas-app/vendor/laravel/framework/src/Illuminate/Http/Middleware/HandleCors.php(49): Illuminate\\Pipeline\\Pipeline->{closure:{closure:Illuminate\\Pipeline\\Pipeline::carry():184}:185}(Object(Illuminate\\Http\\Request))
#58 /Users/yapi/Adi/appdev/simonas-app/vendor/laravel/framework/src/Illuminate/Pipeline/Pipeline.php(209): Illuminate\\Http\\Middleware\\HandleCors->handle(Object(Illuminate\\Http\\Request), Object(Closure))
#59 /Users/yapi/Adi/appdev/simonas-app/vendor/laravel/framework/src/Illuminate/Http/Middleware/TrustProxies.php(58): Illuminate\\Pipeline\\Pipeline->{closure:{closure:Illuminate\\Pipeline\\Pipeline::carry():184}:185}(Object(Illuminate\\Http\\Request))
#60 /Users/yapi/Adi/appdev/simonas-app/vendor/laravel/framework/src/Illuminate/Pipeline/Pipeline.php(209): Illuminate\\Http\\Middleware\\TrustProxies->handle(Object(Illuminate\\Http\\Request), Object(Closure))
#61 /Users/yapi/Adi/appdev/simonas-app/vendor/laravel/framework/src/Illuminate/Pipeline/Pipeline.php(127): Illuminate\\Pipeline\\Pipeline->{closure:{closure:Illuminate\\Pipeline\\Pipeline::carry():184}:185}(Object(Illuminate\\Http\\Request))
#62 /Users/yapi/Adi/appdev/simonas-app/vendor/laravel/framework/src/Illuminate/Foundation/Http/Kernel.php(176): Illuminate\\Pipeline\\Pipeline->then(Object(Closure))
#63 /Users/yapi/Adi/appdev/simonas-app/vendor/laravel/framework/src/Illuminate/Foundation/Http/Kernel.php(145): Illuminate\\Foundation\\Http\\Kernel->sendRequestThroughRouter(Object(Illuminate\\Http\\Request))
#64 /Users/yapi/Adi/appdev/simonas-app/public/index.php(18): Illuminate\\Foundation\\Http\\Kernel->handle(Object(Illuminate\\Http\\Request))
#65 /Users/yapi/Adi/appdev/simonas-app/server.php(21): require_once('/Users/yapi/Adi...')
#66 {main}
"} 
